game,Set,Set ID,name,English Name,card #,rarity,image_url
Pokemon,อัคคีสีคราม,MA2,นาโซโนะคุสะ,Oddish,001/103,C,https://asia.pokemon-card.com/th/card-img/th00012443.png
Pokemon,อัคคีสีคราม,MA2,คุไซฮานะ,Gloom,002/103,C,https://asia.pokemon-card.com/th/card-img/th00012444.png
Pokemon,อัคคีสีคราม,MA2,รัฟเฟรเซีย,Vileplume,003/103,U,https://asia.pokemon-card.com/th/card-img/th00012445.png
Pokemon,อัคคีสีคราม,MA2,เมก้าเฮราครอส ex,Mega Heracross ex,004/103,RR,https://asia.pokemon-card.com/th/card-img/th00012446.png
Pokemon,อัคคีสีคราม,MA2,ฮาซึโบ,Lotad,005/103,C,https://asia.pokemon-card.com/th/card-img/th00012447.png
Pokemon,อัคคีสีคราม,MA2,ฮาซึเบรโร,Lombre,006/103,C,https://asia.pokemon-card.com/th/card-img/th00012448.png
Pokemon,อัคคีสีคราม,MA2,รุนปัปปา,Ludicolo,007/103,U,https://asia.pokemon-card.com/th/card-img/th00012449.png
Pokemon,อัคคีสีคราม,MA2,เกโนเซ็กท์,Genesect,008/103,R,https://asia.pokemon-card.com/th/card-img/th00012450.png
Pokemon,อัคคีสีคราม,MA2,มาเมะบัตตะ,Nymble,009/103,C,https://asia.pokemon-card.com/th/card-img/th00012451.png
Pokemon,อัคคีสีคราม,MA2,เอ็กซ์เลก,Lokix,010/103,U,https://asia.pokemon-card.com/th/card-img/th00012452.png
Pokemon,อัคคีสีคราม,MA2,ฮิโตคาเงะ,Charmander,011/103,C,https://asia.pokemon-card.com/th/card-img/th00012453.png
Pokemon,อัคคีสีคราม,MA2,ลิซาร์โดะ,Charmeleon,012/103,C,https://asia.pokemon-card.com/th/card-img/th00012454.png
Pokemon,อัคคีสีคราม,MA2,เมก้าลิซาร์ดอน X ex,Mega Charizard X ex,013/103,RR,https://asia.pokemon-card.com/th/card-img/th00012455.png
Pokemon,อัคคีสีคราม,MA2,ไฟเยอร์,Moltres,014/103,U,https://asia.pokemon-card.com/th/card-img/th00012456.png
Pokemon,อัคคีสีคราม,MA2,ดารุมักกะ,Darumaka,015/103,C,https://asia.pokemon-card.com/th/card-img/th00012457.png
Pokemon,อัคคีสีคราม,MA2,ฮิฮิดารุมะ,Darmanitan,016/103,U,https://asia.pokemon-card.com/th/card-img/th00012458.png
Pokemon,อัคคีสีคราม,MA2,เรชิรัม,Reshiram,017/103,R,https://asia.pokemon-card.com/th/card-img/th00012459.png
Pokemon,อัคคีสีคราม,MA2,โอโดริโดริ ex,Oricorio ex,018/103,RR,https://asia.pokemon-card.com/th/card-img/th00012460.png
Pokemon,อัคคีสีคราม,MA2,คาร์โบ,Charcadet,019/103,C,https://asia.pokemon-card.com/th/card-img/th00012461.png
Pokemon,อัคคีสีคราม,MA2,โซเบลดส์,Ceruledge,020/103,U,https://asia.pokemon-card.com/th/card-img/th00012462.png
Pokemon,อัคคีสีคราม,MA2,เพาเวา,Seel,021/103,C,https://asia.pokemon-card.com/th/card-img/th00012463.png
Pokemon,อัคคีสีคราม,MA2,จูกอน,Dewgong,022/103,C,https://asia.pokemon-card.com/th/card-img/th00012464.png
Pokemon,อัคคีสีคราม,MA2,อุริมู,Swinub,023/103,C,https://asia.pokemon-card.com/th/card-img/th00012465.png
Pokemon,อัคคีสีคราม,MA2,อิโนมู,Piloswine,024/103,C,https://asia.pokemon-card.com/th/card-img/th00012466.png
Pokemon,อัคคีสีคราม,MA2,แมมมู,Mamoswine,025/103,U,https://asia.pokemon-card.com/th/card-img/th00012467.png
Pokemon,อัคคีสีคราม,MA2,ซุยคูน,Suicune,026/103,R,https://asia.pokemon-card.com/th/card-img/th00012468.png
Pokemon,อัคคีสีคราม,MA2,โพจจามะ,Piplup,027/103,C,https://asia.pokemon-card.com/th/card-img/th00012469.png
Pokemon,อัคคีสีคราม,MA2,โพจไทชิ,Prinplup,028/103,C,https://asia.pokemon-card.com/th/card-img/th00012470.png
Pokemon,อัคคีสีคราม,MA2,โรตอม ex,Rotom ex,029/103,RR,https://asia.pokemon-card.com/th/card-img/th00012471.png
Pokemon,อัคคีสีคราม,MA2,วันปาจิ,Yamper,030/103,C,https://asia.pokemon-card.com/th/card-img/th00012472.png
Pokemon,อัคคีสีคราม,MA2,พัลส์วัน,Boltund,031/103,C,https://asia.pokemon-card.com/th/card-img/th00012473.png
Pokemon,อัคคีสีคราม,MA2,พาโม,Pawmi,032/103,C,https://asia.pokemon-card.com/th/card-img/th00012474.png
Pokemon,อัคคีสีคราม,MA2,พาม็อต,Pawmo,033/103,C,https://asia.pokemon-card.com/th/card-img/th00012475.png
Pokemon,อัคคีสีคราม,MA2,เพอร์ม็อต,Pawmot,034/103,R,https://asia.pokemon-card.com/th/card-img/th00012476.png
Pokemon,อัคคีสีคราม,MA2,มูมา,Misdreavus,035/103,C,https://asia.pokemon-card.com/th/card-img/th00012477.png
Pokemon,อัคคีสีคราม,MA2,มูมาจิ ex,Mismagius ex,036/103,RR,https://asia.pokemon-card.com/th/card-img/th00012478.png
Pokemon,อัคคีสีคราม,MA2,บูล,Snubbull,037/103,C,https://asia.pokemon-card.com/th/card-img/th00012479.png
Pokemon,อัคคีสีคราม,MA2,แกรนบูล,Granbull,038/103,U,https://asia.pokemon-card.com/th/card-img/th00012480.png
Pokemon,อัคคีสีคราม,MA2,เครเซเลีย,Cresselia,039/103,U,https://asia.pokemon-card.com/th/card-img/th00012481.png
Pokemon,อัคคีสีคราม,MA2,โมนเมน,Cottonee,040/103,C,https://asia.pokemon-card.com/th/card-img/th00012482.png
Pokemon,อัคคีสีคราม,MA2,เอลฟูน,Whimsicott,041/103,U,https://asia.pokemon-card.com/th/card-img/th00012483.png
Pokemon,อัคคีสีคราม,MA2,เมโลเอตตา,Meloetta,042/103,U,https://asia.pokemon-card.com/th/card-img/th00012484.png
Pokemon,อัคคีสีคราม,MA2,เมก้าดีแอนซี ex,Mega Diancie ex,043/103,RR,https://asia.pokemon-card.com/th/card-img/th00012485.png
Pokemon,อัคคีสีคราม,MA2,มิมิคคิว,Mimikyu,044/103,C,https://asia.pokemon-card.com/th/card-img/th00012486.png
Pokemon,อัคคีสีคราม,MA2,มาโฮมิล,Milcery,045/103,C,https://asia.pokemon-card.com/th/card-img/th00012487.png
Pokemon,อัคคีสีคราม,MA2,มาวิป,Alcremie,046/103,C,https://asia.pokemon-card.com/th/card-img/th00012488.png
Pokemon,อัคคีสีคราม,MA2,ซาเชียน,Zacian,047/103,R,https://asia.pokemon-card.com/th/card-img/th00012489.png
Pokemon,อัคคีสีคราม,MA2,อาโนะคุสะ,Bramblin,048/103,C,https://asia.pokemon-card.com/th/card-img/th00012490.png
Pokemon,อัคคีสีคราม,MA2,อาโนะโฮรากุสะ,Brambleghast,049/103,U,https://asia.pokemon-card.com/th/card-img/th00012491.png
Pokemon,อัคคีสีคราม,MA2,พัลเดีย เคนเทารอส,Paldean Tauros,050/103,U,https://asia.pokemon-card.com/th/card-img/th00012492.png
Pokemon,อัคคีสีคราม,MA2,ไกลกา,Gligar,051/103,C,https://asia.pokemon-card.com/th/card-img/th00012493.png
Pokemon,อัคคีสีคราม,MA2,ไกลออน,Gliscor,052/103,U,https://asia.pokemon-card.com/th/card-img/th00012494.png
Pokemon,อัคคีสีคราม,MA2,นัคครา,Trapinch,053/103,C,https://asia.pokemon-card.com/th/card-img/th00012495.png
Pokemon,อัคคีสีคราม,MA2,วิบราวา,Vibrava,054/103,C,https://asia.pokemon-card.com/th/card-img/th00012496.png
Pokemon,อัคคีสีคราม,MA2,ฟลายกอน,Flygon,055/103,R,https://asia.pokemon-card.com/th/card-img/th00012497.png
Pokemon,อัคคีสีคราม,MA2,โกส,Gastly,056/103,C,https://asia.pokemon-card.com/th/card-img/th00012498.png
Pokemon,อัคคีสีคราม,MA2,โกสท์,Haunter,057/103,C,https://asia.pokemon-card.com/th/card-img/th00012499.png
Pokemon,อัคคีสีคราม,MA2,เมก้าเก็งกา ex,Mega Gengar ex,058/103,RR,https://asia.pokemon-card.com/th/card-img/th00012500.png
Pokemon,อัคคีสีคราม,MA2,ยามิคาราซึ,Murkrow,059/103,C,https://asia.pokemon-card.com/th/card-img/th00012501.png
Pokemon,อัคคีสีคราม,MA2,ดอนคาราซึ,Honchkrow,060/103,U,https://asia.pokemon-card.com/th/card-img/th00012502.png
Pokemon,อัคคีสีคราม,MA2,นิวลา,Sneasel,061/103,C,https://asia.pokemon-card.com/th/card-img/th00012503.png
Pokemon,อัคคีสีคราม,MA2,มานิวลา,Weavile,062/103,U,https://asia.pokemon-card.com/th/card-img/th00012504.png
Pokemon,อัคคีสีคราม,MA2,ยามิรามิ,Sableye,063/103,U,https://asia.pokemon-card.com/th/card-img/th00012505.png
Pokemon,อัคคีสีคราม,MA2,คิบาเนีย,Carvanha,064/103,C,https://asia.pokemon-card.com/th/card-img/th00012506.png
Pokemon,อัคคีสีคราม,MA2,เมก้าซาเมฮาเดอร์ ex,Mega Sharpedo ex,065/103,RR,https://asia.pokemon-card.com/th/card-img/th00012507.png
Pokemon,อัคคีสีคราม,MA2,ฮาบูเนค,Seviper,066/103,U,https://asia.pokemon-card.com/th/card-img/th00012508.png
Pokemon,อัคคีสีคราม,MA2,แอบโซล,Absol,067/103,C,https://asia.pokemon-card.com/th/card-img/th00012509.png
Pokemon,อัคคีสีคราม,MA2,เมะกุโรโกะ,Sandile,068/103,C,https://asia.pokemon-card.com/th/card-img/th00012510.png
Pokemon,อัคคีสีคราม,MA2,วารุวิล,Krokorok,069/103,C,https://asia.pokemon-card.com/th/card-img/th00012511.png
Pokemon,อัคคีสีคราม,MA2,วารุเวียล,Krookodile,070/103,U,https://asia.pokemon-card.com/th/card-img/th00012512.png
Pokemon,อัคคีสีคราม,MA2,เอเลซัน,Toxel,071/103,C,https://asia.pokemon-card.com/th/card-img/th00012513.png
Pokemon,อัคคีสีคราม,MA2,สตรินเดอร์,Toxtricity,072/103,R,https://asia.pokemon-card.com/th/card-img/th00012514.png
Pokemon,อัคคีสีคราม,MA2,มุเก็นไดนา,Eternatus,073/103,U,https://asia.pokemon-card.com/th/card-img/th00012515.png
Pokemon,อัคคีสีคราม,MA2,เอ็มเพลท์ ex,Empoleon ex,074/103,RR,https://asia.pokemon-card.com/th/card-img/th00012516.png
Pokemon,อัคคีสีคราม,MA2,โดมิเรอร์,Bronzor,075/103,C,https://asia.pokemon-card.com/th/card-img/th00012517.png
Pokemon,อัคคีสีคราม,MA2,โดทาคุน,Bronzong,076/103,U,https://asia.pokemon-card.com/th/card-img/th00012518.png
Pokemon,อัคคีสีคราม,MA2,โทเกะเดมารุ,Togedemaru,077/103,C,https://asia.pokemon-card.com/th/card-img/th00012519.png
Pokemon,อัคคีสีคราม,MA2,ดิวรัลดอน,Duraludon,078/103,C,https://asia.pokemon-card.com/th/card-img/th00012520.png
Pokemon,อัคคีสีคราม,MA2,บริดิวรัส,Archaludon,079/103,U,https://asia.pokemon-card.com/th/card-img/th00012521.png
Pokemon,อัคคีสีคราม,MA2,พูริน,Jigglypuff,080/103,C,https://asia.pokemon-card.com/th/card-img/th00012522.png
Pokemon,อัคคีสีคราม,MA2,พูคูริน,Wigglytuff,081/103,U,https://asia.pokemon-card.com/th/card-img/th00012523.png
Pokemon,อัคคีสีคราม,MA2,เอย์แพม,Aipom,082/103,C,https://asia.pokemon-card.com/th/card-img/th00012524.png
Pokemon,อัคคีสีคราม,MA2,เอเทโบธ,Ambipom,083/103,R,https://asia.pokemon-card.com/th/card-img/th00012525.png
Pokemon,อัคคีสีคราม,MA2,โดเบิล,Smeargle,084/103,C,https://asia.pokemon-card.com/th/card-img/th00012526.png
Pokemon,อัคคีสีคราม,MA2,จิกุซากุมะ,Zigzagoon,085/103,C,https://asia.pokemon-card.com/th/card-img/th00012527.png
Pokemon,อัคคีสีคราม,MA2,มัสสึกุมะ,Linoone,086/103,U,https://asia.pokemon-card.com/th/card-img/th00012528.png
Pokemon,อัคคีสีคราม,MA2,มิมิโรล,Buneary,087/103,C,https://asia.pokemon-card.com/th/card-img/th00012529.png
Pokemon,อัคคีสีคราม,MA2,เมก้ามิมิล็อป ex,Mega Lopunny ex,088/103,RR,https://asia.pokemon-card.com/th/card-img/th00012530.png
Pokemon,อัคคีสีคราม,MA2,สลับการ์ดพลังงาน,Energy Switch,089/103,U,https://asia.pokemon-card.com/th/card-img/th00012531.png
Pokemon,อัคคีสีคราม,MA2,ไอศกรีมจัมโบ้,Jumbo Ice Cream,090/103,U,https://asia.pokemon-card.com/th/card-img/th00012532.png
Pokemon,อัคคีสีคราม,MA2,ไฮเปอร์บอล,Ultra Ball,091/103,U,https://asia.pokemon-card.com/th/card-img/th00012533.png
Pokemon,อัคคีสีคราม,MA2,ฮีทเบิร์นเนอร์,Blowtorch,092/103,U,https://asia.pokemon-card.com/th/card-img/th00012534.png
Pokemon,อัคคีสีคราม,MA2,ลูกอมประหลาด,Rare Candy,093/103,U,https://asia.pokemon-card.com/th/card-img/th00012535.png
Pokemon,อัคคีสีคราม,MA2,สับเปลี่ยนโปเกมอน,Switch,094/103,U,https://asia.pokemon-card.com/th/card-img/th00012536.png
Pokemon,อัคคีสีคราม,MA2,วันเดอร์แพตช์,Wondrous Patch,095/103,U,https://asia.pokemon-card.com/th/card-img/th00012537.png
Pokemon,อัคคีสีคราม,MA2,เครื่องรางศักดิ์สิทธิ์,Sacred Charm,096/103,U,https://asia.pokemon-card.com/th/card-img/th00012538.png
Pokemon,อัคคีสีคราม,MA2,หมวกนิรภัยพังก์,Punk Helmet,097/103,U,https://asia.pokemon-card.com/th/card-img/th00012539.png
Pokemon,อัคคีสีคราม,MA2,การเดินหมากของกีมะ,Grimsley's Move,098/103,U,https://asia.pokemon-card.com/th/card-img/th00012540.png
Pokemon,อัคคีสีคราม,MA2,ฮิคาริ,Dawn,099/103,U,https://asia.pokemon-card.com/th/card-img/th00012541.png
Pokemon,อัคคีสีคราม,MA2,เจ้าหนุ่มพ่นไฟ,Firebreather,100/103,U,https://asia.pokemon-card.com/th/card-img/th00012542.png
Pokemon,อัคคีสีคราม,MA2,คำสั่งของบอส,Boss's Orders,101/103,R,https://asia.pokemon-card.com/th/card-img/th00012543.png
Pokemon,อัคคีสีคราม,MA2,แบตเทิลโคลอสเซียม,Battle Cage,102/103,U,https://asia.pokemon-card.com/th/card-img/th00012544.png
Pokemon,อัคคีสีคราม,MA2,หุบเขาตาลาย,Dizzying Valley,103/103,U,https://asia.pokemon-card.com/th/card-img/th00012545.png
Pokemon,อัคคีสีคราม,MA2,รุนปัปปา,Ludicolo,104/103,AR,https://asia.pokemon-card.com/th/card-img/th00012579.png
Pokemon,อัคคีสีคราม,MA2,มาเมะบัตตะ,Nymble,105/103,AR,https://asia.pokemon-card.com/th/card-img/th00012580.png
Pokemon,อัคคีสีคราม,MA2,คาร์โบ,Charcadet,106/103,AR,https://asia.pokemon-card.com/th/card-img/th00012581.png
Pokemon,อัคคีสีคราม,MA2,จูกอน,Dewgong,107/103,AR,https://asia.pokemon-card.com/th/card-img/th00012582.png
Pokemon,อัคคีสีคราม,MA2,โพจจามะ,Piplup,108/103,AR,https://asia.pokemon-card.com/th/card-img/th00012583.png
Pokemon,อัคคีสีคราม,MA2,วันปาจิ,Yamper,109/103,AR,https://asia.pokemon-card.com/th/card-img/th00012584.png
Pokemon,อัคคีสีคราม,MA2,เมโลเอตตา,Meloetta,110/103,AR,https://asia.pokemon-card.com/th/card-img/th00012585.png
Pokemon,อัคคีสีคราม,MA2,ซาเชียน,Zacian,111/103,AR,https://asia.pokemon-card.com/th/card-img/th00012586.png
Pokemon,อัคคีสีคราม,MA2,ฟลายกอน,Flygon,112/103,AR,https://asia.pokemon-card.com/th/card-img/th00012587.png
Pokemon,อัคคีสีคราม,MA2,โกสท์,Haunter,113/103,AR,https://asia.pokemon-card.com/th/card-img/th00012588.png
Pokemon,อัคคีสีคราม,MA2,พัลเดีย อูปา,Paldean Wooper,114/103,AR,https://asia.pokemon-card.com/th/card-img/th00012589.png
Pokemon,อัคคีสีคราม,MA2,สตรินเดอร์,Toxtricity,115/103,AR,https://asia.pokemon-card.com/th/card-img/th00012590.png
Pokemon,อัคคีสีคราม,MA2,โทเกะเดมารุ,Togedemaru,116/103,AR,https://asia.pokemon-card.com/th/card-img/th00012591.png
Pokemon,อัคคีสีคราม,MA2,พูคูริน,Wigglytuff,117/103,AR,https://asia.pokemon-card.com/th/card-img/th00012592.png
Pokemon,อัคคีสีคราม,MA2,เนียส,Meowth,118/103,AR,https://asia.pokemon-card.com/th/card-img/th00012593.png
Pokemon,อัคคีสีคราม,MA2,เอเทโบธ,Ambipom,119/103,AR,https://asia.pokemon-card.com/th/card-img/th00012594.png
Pokemon,อัคคีสีคราม,MA2,เมก้าเฮราครอส ex,Mega Heracross ex,120/103,SR,https://asia.pokemon-card.com/th/card-img/th00012595.png
Pokemon,อัคคีสีคราม,MA2,เมก้าลิซาร์ดอน X ex,Mega Charizard X ex,121/103,SR,https://asia.pokemon-card.com/th/card-img/th00012596.png
Pokemon,อัคคีสีคราม,MA2,โอโดริโดริ ex,Oricorio ex,122/103,SR,https://asia.pokemon-card.com/th/card-img/th00012597.png
Pokemon,อัคคีสีคราม,MA2,โรตอม ex,Rotom ex,123/103,SR,https://asia.pokemon-card.com/th/card-img/th00012598.png
Pokemon,อัคคีสีคราม,MA2,มูมาจิ ex,Mismagius ex,124/103,SR,https://asia.pokemon-card.com/th/card-img/th00012599.png
Pokemon,อัคคีสีคราม,MA2,เมก้าซาเมฮาเดอร์ ex,Mega Sharpedo ex,125/103,SR,https://asia.pokemon-card.com/th/card-img/th00012600.png
Pokemon,อัคคีสีคราม,MA2,เอ็มเพลท์ ex,Empoleon ex,126/103,SR,https://asia.pokemon-card.com/th/card-img/th00012601.png
Pokemon,อัคคีสีคราม,MA2,เมก้ามิมิล็อป ex,Mega Lopunny ex,127/103,SR,https://asia.pokemon-card.com/th/card-img/th00012602.png
Pokemon,อัคคีสีคราม,MA2,ฮีทเบิร์นเนอร์,Blowtorch,128/103,SR,https://asia.pokemon-card.com/th/card-img/th00012603.png
Pokemon,อัคคีสีคราม,MA2,สับเปลี่ยนโปเกมอน,Switch,129/103,SR,https://asia.pokemon-card.com/th/card-img/th00012604.png
Pokemon,อัคคีสีคราม,MA2,เครื่องรางศักดิ์สิทธิ์,Sacred Charm,130/103,SR,https://asia.pokemon-card.com/th/card-img/th00012605.png
Pokemon,อัคคีสีคราม,MA2,หมวกนิรภัยพังก์,Punk Helmet,131/103,SR,https://asia.pokemon-card.com/th/card-img/th00012606.png
Pokemon,อัคคีสีคราม,MA2,การเดินหมากของกีมะ,Grimsley's Move,132/103,SR,https://asia.pokemon-card.com/th/card-img/th00012607.png
Pokemon,อัคคีสีคราม,MA2,ฮิคาริ,Dawn,133/103,SR,https://asia.pokemon-card.com/th/card-img/th00012608.png
Pokemon,อัคคีสีคราม,MA2,เจ้าหนุ่มพ่นไฟ,Firebreather,134/103,SR,https://asia.pokemon-card.com/th/card-img/th00012609.png
Pokemon,อัคคีสีคราม,MA2,แบตเทิลโคลอสเซียม,Battle Cage,135/103,SR,https://asia.pokemon-card.com/th/card-img/th00012610.png
Pokemon,อัคคีสีคราม,MA2,พลังงานจุดระเบิด,Ignition Energy,136/103,SR,https://asia.pokemon-card.com/th/card-img/th00012611.png
Pokemon,อัคคีสีคราม,MA2,เมก้าลิซาร์ดอน X ex,Mega Charizard X ex,137/103,SAR,https://asia.pokemon-card.com/th/card-img/th00012612.png
Pokemon,อัคคีสีคราม,MA2,โฮโดริโดริ ex,Oricorio ex,138/103,SAR,https://asia.pokemon-card.com/th/card-img/th00012613.png
Pokemon,อัคคีสีคราม,MA2,โรตอม ex,Rotom ex,139/103,SAR,https://asia.pokemon-card.com/th/card-img/th00012614.png
Pokemon,อัคคีสีคราม,MA2,เมก้าซาเมฮาเดอร์ ex,Mega Sharpedo ex,140/103,SAR,https://asia.pokemon-card.com/th/card-img/th00012615.png
Pokemon,อัคคีสีคราม,MA2,เมก้ามิมิล็อป ex,Mega Lopunny ex,141/103,SAR,https://asia.pokemon-card.com/th/card-img/th00012616.png
Pokemon,อัคคีสีคราม,MA2,ฮิคาริ,Dawn,142/103,SAR,https://asia.pokemon-card.com/th/card-img/th00012617.png
Pokemon,อัคคีสีคราม,MA2,เมก้าลิซาร์ดอน X ex,Mega Charizard X ex,143/103,MUR,https://asia.pokemon-card.com/th/card-img/th00012618.png
Pokemon,วัฒนาการเมก้า,MA1,ฟุชิกิดาเนะ,Bulbasaur,001/126,C,https://asia.pokemon-card.com/th/card-img/th00012086.png
Pokemon,วัฒนาการเมก้า,MA1,ฟุชิกิโซ,Ivysaur,002/126,C,https://asia.pokemon-card.com/th/card-img/th00012087.png
Pokemon,วัฒนาการเมก้า,MA1,เมก้าฟุชิกิบานะ ex,Mega Venusaur ex,003/126,RR,https://asia.pokemon-card.com/th/card-img/th00012088.png
Pokemon,วัฒนาการเมก้า,MA1,ทามะทามะ,Exeggcute,004/126,C,https://asia.pokemon-card.com/th/card-img/th00012089.png
Pokemon,วัฒนาการเมก้า,MA1,นัชชี,Exeggutor,005/126,U,https://asia.pokemon-card.com/th/card-img/th00012090.png
Pokemon,วัฒนาการเมก้า,MA1,มอนจารา,Tangela,006/126,C,https://asia.pokemon-card.com/th/card-img/th00012091.png
Pokemon,วัฒนาการเมก้า,MA1,โมจัมโบ,Tangrowth,007/126,U,https://asia.pokemon-card.com/th/card-img/th00012092.png
Pokemon,วัฒนาการเมก้า,MA1,จิโคริตา,Chikorita,008/126,C,https://asia.pokemon-card.com/th/card-img/th00012093.png
Pokemon,วัฒนาการเมก้า,MA1,เบย์ลีฟ,Bayleef,009/126,C,https://asia.pokemon-card.com/th/card-img/th00012094.png
Pokemon,วัฒนาการเมก้า,MA1,เมกาเนียม,Meganium,010/126,R,https://asia.pokemon-card.com/th/card-img/th00012095.png
Pokemon,วัฒนาการเมก้า,MA1,สึโบสึโบะ,Shuckle,011/126,U,https://asia.pokemon-card.com/th/card-img/th00012096.png
Pokemon,วัฒนาการเมก้า,MA1,เซเลบี,Celebi,012/126,U,https://asia.pokemon-card.com/th/card-img/th00012097.png
Pokemon,วัฒนาการเมก้า,MA1,ทาเนโบ,Seedot,013/126,C,https://asia.pokemon-card.com/th/card-img/th00012098.png
Pokemon,วัฒนาการเมก้า,MA1,โคโนฮานะ,Nuzleaf,014/126,C,https://asia.pokemon-card.com/th/card-img/th00012099.png
Pokemon,วัฒนาการเมก้า,MA1,ดาเทนกุ,Shiftry,015/126,U,https://asia.pokemon-card.com/th/card-img/th00012100.png
Pokemon,วัฒนาการเมก้า,MA1,สึจินิน,Nincada,016/126,C,https://asia.pokemon-card.com/th/card-img/th00012101.png
Pokemon,วัฒนาการเมก้า,MA1,เท็คคานิน,Ninjask,017/126,U,https://asia.pokemon-card.com/th/card-img/th00012102.png
Pokemon,วัฒนาการเมก้า,MA1,ดาดาริน,Dhelmise,018/126,C,https://asia.pokemon-card.com/th/card-img/th00012103.png
Pokemon,วัฒนาการเมก้า,MA1,โรคอน,Vulpix,019/126,C,https://asia.pokemon-card.com/th/card-img/th00012104.png
Pokemon,วัฒนาการเมก้า,MA1,คิวคอน,Ninetales,020/126,U,https://asia.pokemon-card.com/th/card-img/th00012105.png
Pokemon,วัฒนาการเมก้า,MA1,ดอนเมล,Numel,021/126,C,https://asia.pokemon-card.com/th/card-img/th00012106.png
Pokemon,วัฒนาการเมก้า,MA1,เมก้าบาคูดา ex,Mega Camerupt ex,022/126,RR,https://asia.pokemon-card.com/th/card-img/th00012107.png
Pokemon,วัฒนาการเมก้า,MA1,ชิชิโกะ,Litleo,023/126,C,https://asia.pokemon-card.com/th/card-img/th00012108.png
Pokemon,วัฒนาการเมก้า,MA1,คาเอ็นจิชิ,Pyroar,024/126,U,https://asia.pokemon-card.com/th/card-img/th00012109.png
Pokemon,วัฒนาการเมก้า,MA1,โวลเคเนียน,Volcanion,025/126,U,https://asia.pokemon-card.com/th/card-img/th00012110.png
Pokemon,วัฒนาการเมก้า,MA1,ฮิบานี,Scorbunny,026/126,C,https://asia.pokemon-card.com/th/card-img/th00012111.png
Pokemon,วัฒนาการเมก้า,MA1,แรบบิฟุต,Raboot,027/126,C,https://asia.pokemon-card.com/th/card-img/th00012112.png
Pokemon,วัฒนาการเมก้า,MA1,เอสเบิร์น,Cinderace,028/126,R,https://asia.pokemon-card.com/th/card-img/th00012113.png
Pokemon,วัฒนาการเมก้า,MA1,ยาคุเดะ,Sizzlipede,029/126,C,https://asia.pokemon-card.com/th/card-img/th00012114.png
Pokemon,วัฒนาการเมก้า,MA1,มารุยาคุเดะ,Centiskorch,030/126,U,https://asia.pokemon-card.com/th/card-img/th00012115.png
Pokemon,วัฒนาการเมก้า,MA1,อวี้อวี๋,Chi-Yu,031/126,U,https://asia.pokemon-card.com/th/card-img/th00012116.png
Pokemon,วัฒนาการเมก้า,MA1,แมนไทน์,Mantine,032/126,C,https://asia.pokemon-card.com/th/card-img/th00012117.png
Pokemon,วัฒนาการเมก้า,MA1,เฮกานิ,Corphish,033/126,C,https://asia.pokemon-card.com/th/card-img/th00012118.png
Pokemon,วัฒนาการเมก้า,MA1,ไคออกา,Kyogre,034/126,R,https://asia.pokemon-card.com/th/card-img/th00012119.png
Pokemon,วัฒนาการเมก้า,MA1,ยูกิคาบูริ,Snover,035/126,C,https://asia.pokemon-card.com/th/card-img/th00012120.png
Pokemon,วัฒนาการเมก้า,MA1,เมก้ายูกิโนะโอ ex,Mega Abomasnow ex,036/126,RR,https://asia.pokemon-card.com/th/card-img/th00012121.png
Pokemon,วัฒนาการเมก้า,MA1,อุเด็ปโป,Clauncher,037/126,C,https://asia.pokemon-card.com/th/card-img/th00012122.png
Pokemon,วัฒนาการเมก้า,MA1,บลอสเตอร์,Clawitzer,038/126,R,https://asia.pokemon-card.com/th/card-img/th00012123.png
Pokemon,วัฒนาการเมก้า,MA1,เมซซอน,Sobble,039/126,C,https://asia.pokemon-card.com/th/card-img/th00012124.png
Pokemon,วัฒนาการเมก้า,MA1,จิเมเลียน,Drizzile,040/126,C,https://asia.pokemon-card.com/th/card-img/th00012125.png
Pokemon,วัฒนาการเมก้า,MA1,อินเทเลียน,Inteleon,041/126,U,https://asia.pokemon-card.com/th/card-img/th00012126.png
Pokemon,วัฒนาการเมก้า,MA1,ยูกิฮามิ,Snom,042/126,C,https://asia.pokemon-card.com/th/card-img/th00012127.png
Pokemon,วัฒนาการเมก้า,MA1,มอสโนว์,Frosmoth,043/126,U,https://asia.pokemon-card.com/th/card-img/th00012128.png
Pokemon,วัฒนาการเมก้า,MA1,โคโอริปโปะ,Eiscue,044/126,C,https://asia.pokemon-card.com/th/card-img/th00012129.png
Pokemon,วัฒนาการเมก้า,MA1,คอยล์,Magnemite,045/126,C,https://asia.pokemon-card.com/th/card-img/th00012130.png
Pokemon,วัฒนาการเมก้า,MA1,แรคอยล์,Magneton,046/126,C,https://asia.pokemon-card.com/th/card-img/th00012131.png
Pokemon,วัฒนาการเมก้า,MA1,จิบะคอยล์,Magnezone,047/126,U,https://asia.pokemon-card.com/th/card-img/th00012132.png
Pokemon,วัฒนาการเมก้า,MA1,ไรโค,Raikou,048/126,R,https://asia.pokemon-card.com/th/card-img/th00012133.png
Pokemon,วัฒนาการเมก้า,MA1,ราคุไร,Electrike,049/126,C,https://asia.pokemon-card.com/th/card-img/th00012134.png
Pokemon,วัฒนาการเมก้า,MA1,เมก้าไลโวลต์ ex,Mega Manectric ex,050/126,RR,https://asia.pokemon-card.com/th/card-img/th00012135.png
Pokemon,วัฒนาการเมก้า,MA1,พาจิริซึ,Pachirisu,051/126,C,https://asia.pokemon-card.com/th/card-img/th00012136.png
Pokemon,วัฒนาการเมก้า,MA1,เอลิคิเทล,Helioptile,052/126,C,https://asia.pokemon-card.com/th/card-img/th00012137.png
Pokemon,วัฒนาการเมก้า,MA1,เอเลซาร์ด,Heliolisk,053/126,C,https://asia.pokemon-card.com/th/card-img/th00012138.png
Pokemon,วัฒนาการเมก้า,MA1,เคซี,Abra,054/126,C,https://asia.pokemon-card.com/th/card-img/th00012139.png
Pokemon,วัฒนาการเมก้า,MA1,ยุนเกเรอร์,Kadabra,055/126,U,https://asia.pokemon-card.com/th/card-img/th00012140.png
Pokemon,วัฒนาการเมก้า,MA1,ฟูดิน,Alakazam,056/126,R,https://asia.pokemon-card.com/th/card-img/th00012141.png
Pokemon,วัฒนาการเมก้า,MA1,รูจูลา,Jynx,057/126,C,https://asia.pokemon-card.com/th/card-img/th00012142.png
Pokemon,วัฒนาการเมก้า,MA1,ราลทซ์,Ralts,058/126,C,https://asia.pokemon-card.com/th/card-img/th00012143.png
Pokemon,วัฒนาการเมก้า,MA1,เคอเรีย,Kirlia,059/126,C,https://asia.pokemon-card.com/th/card-img/th00012144.png
Pokemon,วัฒนาการเมก้า,MA1,เมก้าเซอไนท์ ex,Mega Gardevoir ex,060/126,RR,https://asia.pokemon-card.com/th/card-img/th00012145.png
Pokemon,วัฒนาการเมก้า,MA1,นูเคนิน,Shedinja,061/126,U,https://asia.pokemon-card.com/th/card-img/th00012146.png
Pokemon,วัฒนาการเมก้า,MA1,บาเนบู,Spoink,062/126,C,https://asia.pokemon-card.com/th/card-img/th00012147.png
Pokemon,วัฒนาการเมก้า,MA1,บูพิก,Grumpig,063/126,U,https://asia.pokemon-card.com/th/card-img/th00012148.png
Pokemon,วัฒนาการเมก้า,MA1,เซอเนียส,Xerneas,064/126,R,https://asia.pokemon-card.com/th/card-img/th00012149.png
Pokemon,วัฒนาการเมก้า,MA1,โบจิ,Greavard,065/126,C,https://asia.pokemon-card.com/th/card-img/th00012150.png
Pokemon,วัฒนาการเมก้า,MA1,ฮากาด็อก,Houndstone,066/126,U,https://asia.pokemon-card.com/th/card-img/th00012151.png
Pokemon,วัฒนาการเมก้า,MA1,คอลเลคเรย์,Gimmighoul,067/126,C,https://asia.pokemon-card.com/th/card-img/th00012152.png
Pokemon,วัฒนาการเมก้า,MA1,แซนด์,Sandshrew,068/126,C,https://asia.pokemon-card.com/th/card-img/th00012153.png
Pokemon,วัฒนาการเมก้า,MA1,แซนด์แพน,Sandslash,069/126,C,https://asia.pokemon-card.com/th/card-img/th00012154.png
Pokemon,วัฒนาการเมก้า,MA1,อิวาร์ค,Onix,070/126,C,https://asia.pokemon-card.com/th/card-img/th00012155.png
Pokemon,วัฒนาการเมก้า,MA1,บัลกี,Tyrogue,071/126,C,https://asia.pokemon-card.com/th/card-img/th00012156.png
Pokemon,วัฒนาการเมก้า,MA1,มาคุโนชิตะ,Makuhita,072/126,C,https://asia.pokemon-card.com/th/card-img/th00012157.png
Pokemon,วัฒนาการเมก้า,MA1,ฮาริเทยามะ,Hariyama,073/126,R,https://asia.pokemon-card.com/th/card-img/th00012158.png
Pokemon,วัฒนาการเมก้า,MA1,ลูนาโทน,Lunatone,074/126,R,https://asia.pokemon-card.com/th/card-img/th00012159.png
Pokemon,วัฒนาการเมก้า,MA1,โซลร็อก,Solrock,075/126,U,https://asia.pokemon-card.com/th/card-img/th00012160.png
Pokemon,วัฒนาการเมก้า,MA1,ริโอลุ,Riolu,076/126,C,https://asia.pokemon-card.com/th/card-img/th00012161.png
Pokemon,วัฒนาการเมก้า,MA1,เมก้าลูคาริโอ ex,Mega Lucario ex,077/126,RR,https://asia.pokemon-card.com/th/card-img/th00012162.png
Pokemon,วัฒนาการเมก้า,MA1,กูเรกกรู,Croagunk,078/126,C,https://asia.pokemon-card.com/th/card-img/th00012163.png
Pokemon,วัฒนาการเมก้า,MA1,โดคูร็อก,Toxicroak,079/126,C,https://asia.pokemon-card.com/th/card-img/th00012164.png
Pokemon,วัฒนาการเมก้า,MA1,มาร์ชาโดว์,Marshadow,080/126,U,https://asia.pokemon-card.com/th/card-img/th00012165.png
Pokemon,วัฒนาการเมก้า,MA1,อิชิเฮนจิน,Stonjourner,081/126,U,https://asia.pokemon-card.com/th/card-img/th00012166.png
Pokemon,วัฒนาการเมก้า,MA1,โคจีโอ,Nacli,082/126,C,https://asia.pokemon-card.com/th/card-img/th00012167.png
Pokemon,วัฒนาการเมก้า,MA1,จีโอซึมู,Naclstack,083/126,C,https://asia.pokemon-card.com/th/card-img/th00012168.png
Pokemon,วัฒนาการเมก้า,MA1,เคียวจีโอน,Garganacl,084/126,U,https://asia.pokemon-card.com/th/card-img/th00012169.png
Pokemon,วัฒนาการเมก้า,MA1,ชิซาริเกอร์,Crawdaunt,085/126,U,https://asia.pokemon-card.com/th/card-img/th00012170.png
Pokemon,วัฒนาการเมก้า,MA1,เมก้าแอบโซล ex,Mega Absol ex,086/126,RR,https://asia.pokemon-card.com/th/card-img/th00012171.png
Pokemon,วัฒนาการเมก้า,MA1,มิคารูเกะ,Spiritomb,087/126,U,https://asia.pokemon-card.com/th/card-img/th00012172.png
Pokemon,วัฒนาการเมก้า,MA1,อีเวลทอล,Yveltal,088/126,R,https://asia.pokemon-card.com/th/card-img/th00012173.png
Pokemon,วัฒนาการเมก้า,MA1,คุสุเนะ,Nickit,089/126,C,https://asia.pokemon-card.com/th/card-img/th00012174.png
Pokemon,วัฒนาการเมก้า,MA1,ฟ็อกสไล,Thievul,090/126,C,https://asia.pokemon-card.com/th/card-img/th00012175.png
Pokemon,วัฒนาการเมก้า,MA1,ชิรุชูลู,Shroodle,091/126,C,https://asia.pokemon-card.com/th/card-img/th00012176.png
Pokemon,วัฒนาการเมก้า,MA1,ทากิงกูลู,Grafaiai,092/126,C,https://asia.pokemon-card.com/th/card-img/th00012177.png
Pokemon,วัฒนาการเมก้า,MA1,ฮากาเนล,Steelix,093/126,R,https://asia.pokemon-card.com/th/card-img/th00012178.png
Pokemon,วัฒนาการเมก้า,MA1,เมก้าคูชีท ex,Mega Mawile ex,094/126,RR,https://asia.pokemon-card.com/th/card-img/th00012179.png
Pokemon,วัฒนาการเมก้า,MA1,ดีอัลกา,Dialga,095/126,R,https://asia.pokemon-card.com/th/card-img/th00012180.png
Pokemon,วัฒนาการเมก้า,MA1,คานุจัง,Tinkatink,096/126,C,https://asia.pokemon-card.com/th/card-img/th00012181.png
Pokemon,วัฒนาการเมก้า,MA1,นาคานุจัง,Tinkatuff,097/126,C,https://asia.pokemon-card.com/th/card-img/th00012182.png
Pokemon,วัฒนาการเมก้า,MA1,เดคานุจัง,Tinkaton,098/126,U,https://asia.pokemon-card.com/th/card-img/th00012183.png
Pokemon,วัฒนาการเมก้า,MA1,ซาร์ฟโก,Gholdengo,099/126,U,https://asia.pokemon-card.com/th/card-img/th00012184.png
Pokemon,วัฒนาการเมก้า,MA1,เมก้าลาทิอาส ex,Mega Latias ex,100/126,RR,https://asia.pokemon-card.com/th/card-img/th00012185.png
Pokemon,วัฒนาการเมก้า,MA1,ลาทิโอส,Latios,101/126,U,https://asia.pokemon-card.com/th/card-img/th00012186.png
Pokemon,วัฒนาการเมก้า,MA1,โอนิสึซึเมะ,Spearow,102/126,C,https://asia.pokemon-card.com/th/card-img/th00012187.png
Pokemon,วัฒนาการเมก้า,MA1,โอนิดริล,Fearow,103/126,C,https://asia.pokemon-card.com/th/card-img/th00012188.png
Pokemon,วัฒนาการเมก้า,MA1,เมก้าการูรา ex,Mega Kangaskhan ex,104/126,RR,https://asia.pokemon-card.com/th/card-img/th00012189.png
Pokemon,วัฒนาการเมก้า,MA1,เดลิเบิร์ด,Delibird,105/126,C,https://asia.pokemon-card.com/th/card-img/th00012190.png
Pokemon,วัฒนาการเมก้า,MA1,มิลแทงค์,Miltank,106/126,C,https://asia.pokemon-card.com/th/card-img/th00012191.png
Pokemon,วัฒนาการเมก้า,MA1,มิมิโรล,Buneary,107/126,C,https://asia.pokemon-card.com/th/card-img/th00012192.png
Pokemon,วัฒนาการเมก้า,MA1,มิมิล็อป,Lopunny,108/126,C,https://asia.pokemon-card.com/th/card-img/th00012193.png
Pokemon,วัฒนาการเมก้า,MA1,ยังกูส,Yungoos,109/126,C,https://asia.pokemon-card.com/th/card-img/th00012194.png
Pokemon,วัฒนาการเมก้า,MA1,เดคากูส,Gumshoos,110/126,U,https://asia.pokemon-card.com/th/card-img/th00012195.png
Pokemon,วัฒนาการเมก้า,MA1,นุยโคกุมะ,Stufful,111/126,C,https://asia.pokemon-card.com/th/card-img/th00012196.png
Pokemon,วัฒนาการเมก้า,MA1,คิเทรุกุมะ,Bewear,112/126,C,https://asia.pokemon-card.com/th/card-img/th00012197.png
Pokemon,วัฒนาการเมก้า,MA1,ไอออนเพิ่มพลังป้องกัน,Iron Defender,113/126,U,https://asia.pokemon-card.com/th/card-img/th00012198.png
Pokemon,วัฒนาการเมก้า,MA1,นาฬิกาประหลาด,Strange Timepiece,114/126,U,https://asia.pokemon-card.com/th/card-img/th00012199.png
Pokemon,วัฒนาการเมก้า,MA1,พาวเวอร์โปรตีน,Premium Power Pro,115/126,U,https://asia.pokemon-card.com/th/card-img/th00012200.png
Pokemon,วัฒนาการเมก้า,MA1,ฆ้องต่อสู้,Fighting Gong,116/126,U,https://asia.pokemon-card.com/th/card-img/th00012201.png
Pokemon,วัฒนาการเมก้า,MA1,สเปรย์กันแมลง,Repel,117/126,U,https://asia.pokemon-card.com/th/card-img/th00012202.png
Pokemon,วัฒนาการเมก้า,MA1,เมก้าซิกแนล,Mega Signal,118/126,U,https://asia.pokemon-card.com/th/card-img/th00012203.png
Pokemon,วัฒนาการเมก้า,MA1,ความซุกซนของอเซโรลา,Acerola's Mischief,119/126,U,https://asia.pokemon-card.com/th/card-img/th00012204.png
Pokemon,วัฒนาการเมก้า,MA1,การแลกเปลี่ยนของแมททิส,Lt. Surge's Bargain,120/126,U,https://asia.pokemon-card.com/th/card-img/th00012205.png
Pokemon,วัฒนาการเมก้า,MA1,ความอาทรของมิตสึรุ,Wally's Compassion,121/126,U,https://asia.pokemon-card.com/th/card-img/th00012206.png
Pokemon,วัฒนาการเมก้า,MA1,ปณิธานของลิเลีย,Lillie's Determination,122/126,U,https://asia.pokemon-card.com/th/card-img/th00012207.png
Pokemon,วัฒนาการเมก้า,MA1,ซากปรักอันตราย,Risky Ruins,123/126,U,https://asia.pokemon-card.com/th/card-img/th00012208.png
Pokemon,วัฒนาการเมก้า,MA1,ป่าเปี่ยมพลัง,Forest of Vitality,124/126,U,https://asia.pokemon-card.com/th/card-img/th00012209.png
Pokemon,วัฒนาการเมก้า,MA1,ชายหาดโต้คลื่น,Surfing Beach,125/126,U,https://asia.pokemon-card.com/th/card-img/th00012210.png
Pokemon,วัฒนาการเมก้า,MA1,มิสเทรีการ์เด้น,Mystery Garden,126/126,U,https://asia.pokemon-card.com/th/card-img/th00012211.png
Pokemon,วัฒนาการเมก้า,MA1,ฟุชิกิดาเนะ,Bulbasaur,127/126,AR,https://asia.pokemon-card.com/th/card-img/th00012341.png
Pokemon,วัฒนาการเมก้า,MA1,ฟุชิกิโซ,Ivysaur,128/126,AR,https://asia.pokemon-card.com/th/card-img/th00012342.png
Pokemon,วัฒนาการเมก้า,MA1,นัชชี,Exeggutor,129/126,AR,https://asia.pokemon-card.com/th/card-img/th00012343.png
Pokemon,วัฒนาการเมก้า,MA1,สึโบสึโบะ,Shuckle,130/126,AR,https://asia.pokemon-card.com/th/card-img/th00012344.png
Pokemon,วัฒนาการเมก้า,MA1,เท็คคานิน,Ninjask,131/126,AR,https://asia.pokemon-card.com/th/card-img/th00012345.png
Pokemon,วัฒนาการเมก้า,MA1,โรคอน,Vulpix,132/126,AR,https://asia.pokemon-card.com/th/card-img/th00012346.png
Pokemon,วัฒนาการเมก้า,MA1,ชิชิโกะ,Litleo,133/126,AR,https://asia.pokemon-card.com/th/card-img/th00012347.png
Pokemon,วัฒนาการเมก้า,MA1,ยูกิคาบูริ,Snover,134/126,AR,https://asia.pokemon-card.com/th/card-img/th00012348.png
Pokemon,วัฒนาการเมก้า,MA1,บลอสเตอร์,Clawitzer,135/126,AR,https://asia.pokemon-card.com/th/card-img/th00012349.png
Pokemon,วัฒนาการเมก้า,MA1,อินเทเลียน,Inteleon,136/126,AR,https://asia.pokemon-card.com/th/card-img/th00012350.png
Pokemon,วัฒนาการเมก้า,MA1,เอลิคิเทล,Helioptile,137/126,AR,https://asia.pokemon-card.com/th/card-img/th00012351.png
Pokemon,วัฒนาการเมก้า,MA1,ฟูดิน,Alakazam,138/126,AR,https://asia.pokemon-card.com/th/card-img/th00012352.png
Pokemon,วัฒนาการเมก้า,MA1,นูเคนิน,Shedinja,139/126,AR,https://asia.pokemon-card.com/th/card-img/th00012353.png
Pokemon,วัฒนาการเมก้า,MA1,ฮากาด็อก,Houndstone,140/126,AR,https://asia.pokemon-card.com/th/card-img/th00012354.png
Pokemon,วัฒนาการเมก้า,MA1,ริโอลุ,Riolu,141/126,AR,https://asia.pokemon-card.com/th/card-img/th00012355.png
Pokemon,วัฒนาการเมก้า,MA1,มาร์ชาโดว์,Marshadow,142/126,AR,https://asia.pokemon-card.com/th/card-img/th00012356.png
Pokemon,วัฒนาการเมก้า,MA1,เคียวจีโอน,Garganacl,143/126,AR,https://asia.pokemon-card.com/th/card-img/th00012357.png
Pokemon,วัฒนาการเมก้า,MA1,มิคารูเกะ,Spiritomb,144/126,AR,https://asia.pokemon-card.com/th/card-img/th00012358.png
Pokemon,วัฒนาการเมก้า,MA1,ชิรุชูลู,Shroodle,145/126,AR,https://asia.pokemon-card.com/th/card-img/th00012359.png
Pokemon,วัฒนาการเมก้า,MA1,ฮากาเนล,Steelix,146/126,AR,https://asia.pokemon-card.com/th/card-img/th00012360.png
Pokemon,วัฒนาการเมก้า,MA1,โอนิสึซึเมะ,Spearow,147/126,AR,https://asia.pokemon-card.com/th/card-img/th00012361.png
Pokemon,วัฒนาการเมก้า,MA1,เดลิเบิร์ด,Delibird,148/126,AR,https://asia.pokemon-card.com/th/card-img/th00012362.png
Pokemon,วัฒนาการเมก้า,MA1,เดคากูส,Gumshoos,149/126,AR,https://asia.pokemon-card.com/th/card-img/th00012363.png
Pokemon,วัฒนาการเมก้า,MA1,นุยโคกุมะ,Stufful,150/126,AR,https://asia.pokemon-card.com/th/card-img/th00012364.png
Pokemon,วัฒนาการเมก้า,MA1,เมก้าฟุชิกิบานะ ex,Mega Venusaur ex,151/126,SR,https://asia.pokemon-card.com/th/card-img/th00012365.png
Pokemon,วัฒนาการเมก้า,MA1,เมก้าบาคูดา ex,Mega Camerupt ex,152/126,SR,https://asia.pokemon-card.com/th/card-img/th00012366.png
Pokemon,วัฒนาการเมก้า,MA1,เมก้ายูกิโนะโอ ex,Mega Abomasnow ex,153/126,SR,https://asia.pokemon-card.com/th/card-img/th00012367.png
Pokemon,วัฒนาการเมก้า,MA1,เมก้าไลโวลต์ ex,Mega Manectric ex,154/126,SR,https://asia.pokemon-card.com/th/card-img/th00012368.png
Pokemon,วัฒนาการเมก้า,MA1,เมก้าเซอไนท์ ex,Mega Gardevoir ex,155/126,SR,https://asia.pokemon-card.com/th/card-img/th00012369.png
Pokemon,วัฒนาการเมก้า,MA1,เมก้าลูคาริโอ ex,Mega Lucario ex,156/126,SR,https://asia.pokemon-card.com/th/card-img/th00012370.png
Pokemon,วัฒนาการเมก้า,MA1,เมก้าแอบโซล ex,Mega Absol ex,157/126,SR,https://asia.pokemon-card.com/th/card-img/th00012371.png
Pokemon,วัฒนาการเมก้า,MA1,เมก้าคูชีท ex,Mega Mawile ex,158/126,SR,https://asia.pokemon-card.com/th/card-img/th00012372.png
Pokemon,วัฒนาการเมก้า,MA1,เมก้าลาทิอาส ex,Mega Latias ex,159/126,SR,https://asia.pokemon-card.com/th/card-img/th00012373.png
Pokemon,วัฒนาการเมก้า,MA1,เมก้าการูรา ex,Mega Kangaskhan ex,160/126,SR,https://asia.pokemon-card.com/th/card-img/th00012374.png
Pokemon,วัฒนาการเมก้า,MA1,โปฟฟินมิตรภาพ,Buddy-Buddy Poffin,161/126,SR,https://asia.pokemon-card.com/th/card-img/th00012375.png
Pokemon,วัฒนาการเมก้า,MA1,พาวเวอร์โปรตีน,Premium Power Pro,162/126,SR,https://asia.pokemon-card.com/th/card-img/th00012376.png
Pokemon,วัฒนาการเมก้า,MA1,ฆ้องต่อสู้,Fighting Gong,163/126,SR,https://asia.pokemon-card.com/th/card-img/th00012377.png
Pokemon,วัฒนาการเมก้า,MA1,ลูกอมประหลาด,Rare Candy,164/126,SR,https://asia.pokemon-card.com/th/card-img/th00012378.png
Pokemon,วัฒนาการเมก้า,MA1,เมก้าซิกแนล,Mega Signal,165/126,SR,https://asia.pokemon-card.com/th/card-img/th00012379.png
Pokemon,วัฒนาการเมก้า,MA1,เปลหามยามราตรี,Night Stretcher,166/126,SR,https://asia.pokemon-card.com/th/card-img/th00012380.png
Pokemon,วัฒนาการเมก้า,MA1,ลูกโป่ง,Air Balloon,167/126,SR,https://asia.pokemon-card.com/th/card-img/th00012381.png
Pokemon,วัฒนาการเมก้า,MA1,ความซุกซนของอเซโรลา,Acerola's Mischief,168/126,SR,https://asia.pokemon-card.com/th/card-img/th00012382.png
Pokemon,วัฒนาการเมก้า,MA1,การแลกเปลี่ยนของแมททิส,Lt. Surge's Bargain,169/126,SR,https://asia.pokemon-card.com/th/card-img/th00012383.png
Pokemon,วัฒนาการเมก้า,MA1,ความอาทรของมิตสึรุ,Wally's Compassion,170/126,SR,https://asia.pokemon-card.com/th/card-img/th00012384.png
Pokemon,วัฒนาการเมก้า,MA1,ปณิธานของลิเลีย,Lillie's Determination,171/126,SR,https://asia.pokemon-card.com/th/card-img/th00012385.png
Pokemon,วัฒนาการเมก้า,MA1,มิสเทรีการ์เด้น,Mystery Garden,172/126,SR,https://asia.pokemon-card.com/th/card-img/th00012386.png
Pokemon,วัฒนาการเมก้า,MA1,เมก้าฟุชิกิบานะ ex,Mega Venusaur ex,173/126,SAR,https://asia.pokemon-card.com/th/card-img/th00012387.png
Pokemon,วัฒนาการเมก้า,MA1,เมก้าเซอไนท์ ex,Mega Gardevoir ex,174/126,SAR,https://asia.pokemon-card.com/th/card-img/th00012388.png
Pokemon,วัฒนาการเมก้า,MA1,เมก้าลูคาริโอ ex,Mega Lucario ex,175/126,SAR,https://asia.pokemon-card.com/th/card-img/th00012389.png
Pokemon,วัฒนาการเมก้า,MA1,เมก้าแอบโซล ex,Mega Absol ex,176/126,SAR,https://asia.pokemon-card.com/th/card-img/th00012390.png
Pokemon,วัฒนาการเมก้า,MA1,เมก้าลาทิอาส ex,Mega Latias ex,177/126,SAR,https://asia.pokemon-card.com/th/card-img/th00012391.png
Pokemon,วัฒนาการเมก้า,MA1,เมก้าการูรา ex,Mega Kangaskhan ex,178/126,SAR,https://asia.pokemon-card.com/th/card-img/th00012392.png
Pokemon,วัฒนาการเมก้า,MA1,ความซุกซนของอเซโรลา,Acerola's Mischief,179/126,SAR,https://asia.pokemon-card.com/th/card-img/th00012393.png
Pokemon,วัฒนาการเมก้า,MA1,การแลกเปลี่ยนของแมททิส,Lt. Surge's Bargain,180/126,SAR,https://asia.pokemon-card.com/th/card-img/th00012394.png
Pokemon,วัฒนาการเมก้า,MA1,ความอาทรของมิตสึรุ,Wally's Compassion,181/126,SAR,https://asia.pokemon-card.com/th/card-img/th00012395.png
Pokemon,วัฒนาการเมก้า,MA1,ปณิธานของลิเลีย,Lillie's Determination,182/126,SAR,https://asia.pokemon-card.com/th/card-img/th00012396.png
Pokemon,วัฒนาการเมก้า,MA1,เมก้าเซอไนท์ ex,Mega Gardevoir ex,183/126,MUR,https://asia.pokemon-card.com/th/card-img/th00012399.png
Pokemon,วัฒนาการเมก้า,MA1,เมก้าลูคาริโอ ex,Mega Lucario ex,184/126,MUR,https://asia.pokemon-card.com/th/card-img/th00012400.png
Pokemon,แบล็ก & ไวท์,SV11s,สึทาจะ,Snivy,001/172,C,https://asia.pokemon-card.com/th/card-img/th00011435.png
Pokemon,แบล็ก & ไวท์,SV11s,จาโนวี,Servine,002/172,C,https://asia.pokemon-card.com/th/card-img/th00011436.png
Pokemon,แบล็ก & ไวท์,SV11s,จาโลดา ex,Serperior ex,003/172,RR,https://asia.pokemon-card.com/th/card-img/th00011437.png
Pokemon,แบล็ก & ไวท์,SV11s,ยานัปปุ,Pansage,004/172,C,https://asia.pokemon-card.com/th/card-img/th00011438.png
Pokemon,แบล็ก & ไวท์,SV11s,ยานักกี,Simisage,005/172,U,https://asia.pokemon-card.com/th/card-img/th00011439.png
Pokemon,แบล็ก & ไวท์,SV11s,คูรูมีรุ,Sewaddle,006/172,C,https://asia.pokemon-card.com/th/card-img/th00011440.png
Pokemon,แบล็ก & ไวท์,SV11s,คูรูมายุ,Swadloon,007/172,C,https://asia.pokemon-card.com/th/card-img/th00011441.png
Pokemon,แบล็ก & ไวท์,SV11s,ฮาฮาโคโมริ,Leavanny,008/172,U,https://asia.pokemon-card.com/th/card-img/th00011442.png
Pokemon,แบล็ก & ไวท์,SV11s,โมนเมน,Cottonee,009/172,C,https://asia.pokemon-card.com/th/card-img/th00011443.png
Pokemon,แบล็ก & ไวท์,SV11s,เอลฟูน ex,Whimsicott ex,010/172,RR,https://asia.pokemon-card.com/th/card-img/th00011444.png
Pokemon,แบล็ก & ไวท์,SV11s,จูริเน,Petilil,011/172,C,https://asia.pokemon-card.com/th/card-img/th00011445.png
Pokemon,แบล็ก & ไวท์,SV11s,เดรเดีย,Lilligant,012/172,U,https://asia.pokemon-card.com/th/card-img/th00011446.png
Pokemon,แบล็ก & ไวท์,SV11s,มาราคัจจิ,Maractus,013/172,C,https://asia.pokemon-card.com/th/card-img/th00011447.png
Pokemon,แบล็ก & ไวท์,SV11s,ชิคิจิกะ,Deerling,014/172,C,https://asia.pokemon-card.com/th/card-img/th00011448.png
Pokemon,แบล็ก & ไวท์,SV11s,เมบูคิจิกะ,Sawsbuck,015/172,U,https://asia.pokemon-card.com/th/card-img/th00011449.png
Pokemon,แบล็ก & ไวท์,SV11s,คาบูรูโมะ,Karrablast,016/172,C,https://asia.pokemon-card.com/th/card-img/th00011450.png
Pokemon,แบล็ก & ไวท์,SV11s,ทามาเกะทาเคะ,Foongus,017/172,C,https://asia.pokemon-card.com/th/card-img/th00011451.png
Pokemon,แบล็ก & ไวท์,SV11s,โมโรบาเรรุ,Amoonguss,018/172,U,https://asia.pokemon-card.com/th/card-img/th00011452.png
Pokemon,แบล็ก & ไวท์,SV11s,โชโบมากิ,Shelmet,019/172,C,https://asia.pokemon-card.com/th/card-img/th00011453.png
Pokemon,แบล็ก & ไวท์,SV11s,อกิลดา,Accelgor,020/172,U,https://asia.pokemon-card.com/th/card-img/th00011454.png
Pokemon,แบล็ก & ไวท์,SV11s,วิริซิออน,Virizion,021/172,R,https://asia.pokemon-card.com/th/card-img/th00011455.png
Pokemon,แบล็ก & ไวท์,SV11s,วิคทินี,Victini,022/172,R,https://asia.pokemon-card.com/th/card-img/th00011456.png
Pokemon,แบล็ก & ไวท์,SV11s,โพคาบู,Tepig,023/172,C,https://asia.pokemon-card.com/th/card-img/th00011457.png
Pokemon,แบล็ก & ไวท์,SV11s,จาโอบู,Pignite,024/172,C,https://asia.pokemon-card.com/th/card-img/th00011458.png
Pokemon,แบล็ก & ไวท์,SV11s,เอ็นบูโอ,Emboar,025/172,R,https://asia.pokemon-card.com/th/card-img/th00011459.png
Pokemon,แบล็ก & ไวท์,SV11s,บาอปปุ,Pansear,026/172,C,https://asia.pokemon-card.com/th/card-img/th00011460.png
Pokemon,แบล็ก & ไวท์,SV11s,บาอกกี,Simisear,027/172,U,https://asia.pokemon-card.com/th/card-img/th00011461.png
Pokemon,แบล็ก & ไวท์,SV11s,ดารุมักกะ,Darumaka,028/172,C,https://asia.pokemon-card.com/th/card-img/th00011462.png
Pokemon,แบล็ก & ไวท์,SV11s,ฮิฮิดารุมะ,Darmanitan,029/172,U,https://asia.pokemon-card.com/th/card-img/th00011463.png
Pokemon,แบล็ก & ไวท์,SV11s,ฮิโตโมชิ,Litwick,030/172,C,https://asia.pokemon-card.com/th/card-img/th00011464.png
Pokemon,แบล็ก & ไวท์,SV11s,แลมพูลา,Lampent,031/172,C,https://asia.pokemon-card.com/th/card-img/th00011465.png
Pokemon,แบล็ก & ไวท์,SV11s,แชนเดลา,Chandelure,032/172,R,https://asia.pokemon-card.com/th/card-img/th00011466.png
Pokemon,แบล็ก & ไวท์,SV11s,คุยทาแรน,Heatmor,033/172,U,https://asia.pokemon-card.com/th/card-img/th00011467.png
Pokemon,แบล็ก & ไวท์,SV11s,เมลาร์วา,Larvesta,034/172,C,https://asia.pokemon-card.com/th/card-img/th00011468.png
Pokemon,แบล็ก & ไวท์,SV11s,อุลกามอธ,Volcarona,035/172,R,https://asia.pokemon-card.com/th/card-img/th00011469.png
Pokemon,แบล็ก & ไวท์,SV11s,เรชิรัม ex,Reshiram ex,036/172,RR,https://asia.pokemon-card.com/th/card-img/th00011470.png
Pokemon,แบล็ก & ไวท์,SV11s,มิจูมารุ,Oshawott,037/172,C,https://asia.pokemon-card.com/th/card-img/th00011471.png
Pokemon,แบล็ก & ไวท์,SV11s,ฟุตาจิมารุ,Dewott,038/172,C,https://asia.pokemon-card.com/th/card-img/th00011472.png
Pokemon,แบล็ก & ไวท์,SV11s,ไดเคนคิ,Samurott,039/172,R,https://asia.pokemon-card.com/th/card-img/th00011473.png
Pokemon,แบล็ก & ไวท์,SV11s,ฮิยัปปุ,Panpour,040/172,C,https://asia.pokemon-card.com/th/card-img/th00011474.png
Pokemon,แบล็ก & ไวท์,SV11s,ฮิยักกี,Simipour,041/172,U,https://asia.pokemon-card.com/th/card-img/th00011475.png
Pokemon,แบล็ก & ไวท์,SV11s,โอทามาโร,Tympole,042/172,C,https://asia.pokemon-card.com/th/card-img/th00011476.png
Pokemon,แบล็ก & ไวท์,SV11s,กามาการุ,Palpitoad,043/172,C,https://asia.pokemon-card.com/th/card-img/th00011477.png
Pokemon,แบล็ก & ไวท์,SV11s,กามาเกโรเกะ,Seismitoad,044/172,U,https://asia.pokemon-card.com/th/card-img/th00011478.png
Pokemon,แบล็ก & ไวท์,SV11s,บาสราโอ,Basculin,045/172,C,https://asia.pokemon-card.com/th/card-img/th00011479.png
Pokemon,แบล็ก & ไวท์,SV11s,โปรโตกา,Tirtouga,046/172,U,https://asia.pokemon-card.com/th/card-img/th00011480.png
Pokemon,แบล็ก & ไวท์,SV11s,อบาโกรา,Carracosta,047/172,R,https://asia.pokemon-card.com/th/card-img/th00011481.png
Pokemon,แบล็ก & ไวท์,SV11s,โคอารูฮี,Ducklett,048/172,C,https://asia.pokemon-card.com/th/card-img/th00011482.png
Pokemon,แบล็ก & ไวท์,SV11s,สวอนนา,Swanna,049/172,U,https://asia.pokemon-card.com/th/card-img/th00011483.png
Pokemon,แบล็ก & ไวท์,SV11s,วานิเพ็ตติ,Vanillite,050/172,C,https://asia.pokemon-card.com/th/card-img/th00011484.png
Pokemon,แบล็ก & ไวท์,SV11s,วานิริช,Vanillish,051/172,C,https://asia.pokemon-card.com/th/card-img/th00011485.png
Pokemon,แบล็ก & ไวท์,SV11s,ไบวานิลลา,Vanilluxe,052/172,U,https://asia.pokemon-card.com/th/card-img/th00011486.png
Pokemon,แบล็ก & ไวท์,SV11s,มามันโบ,Alomomola,053/172,U,https://asia.pokemon-card.com/th/card-img/th00011487.png
Pokemon,แบล็ก & ไวท์,SV11s,คูมะชุน,Cubchoo,054/172,C,https://asia.pokemon-card.com/th/card-img/th00011488.png
Pokemon,แบล็ก & ไวท์,SV11s,ทันแบร์,Beartic,055/172,R,https://asia.pokemon-card.com/th/card-img/th00011489.png
Pokemon,แบล็ก & ไวท์,SV11s,ฟรีจิโอ,Cryogonal,056/172,U,https://asia.pokemon-card.com/th/card-img/th00011490.png
Pokemon,แบล็ก & ไวท์,SV11s,คิวเรม ex,Kyurem ex,057/172,RR,https://asia.pokemon-card.com/th/card-img/th00011491.png
Pokemon,แบล็ก & ไวท์,SV11s,เคลดิโอ ex,Keldeo ex,058/172,RR,https://asia.pokemon-card.com/th/card-img/th00011492.png
Pokemon,แบล็ก & ไวท์,SV11s,ชิมามา,Blitzle,059/172,C,https://asia.pokemon-card.com/th/card-img/th00011493.png
Pokemon,แบล็ก & ไวท์,SV11s,ซีบรายกา,Zebstrika,060/172,U,https://asia.pokemon-card.com/th/card-img/th00011494.png
Pokemon,แบล็ก & ไวท์,SV11s,เอมอนกา,Emolga,061/172,C,https://asia.pokemon-card.com/th/card-img/th00011495.png
Pokemon,แบล็ก & ไวท์,SV11s,บาชูรุ,Joltik,062/172,C,https://asia.pokemon-card.com/th/card-img/th00011496.png
Pokemon,แบล็ก & ไวท์,SV11s,เดนทูลา,Galvantula,063/172,U,https://asia.pokemon-card.com/th/card-img/th00011497.png
Pokemon,แบล็ก & ไวท์,SV11s,ชิบิชิราซึ,Tynamo,064/172,C,https://asia.pokemon-card.com/th/card-img/th00011498.png
Pokemon,แบล็ก & ไวท์,SV11s,ชิบิบีล,Eelektrik,065/172,U,https://asia.pokemon-card.com/th/card-img/th00011499.png
Pokemon,แบล็ก & ไวท์,SV11s,ชิบิรูดอน,Eelektross,066/172,U,https://asia.pokemon-card.com/th/card-img/th00011500.png
Pokemon,แบล็ก & ไวท์,SV11s,มักเกียว,Stunfisk,067/172,U,https://asia.pokemon-card.com/th/card-img/th00011501.png
Pokemon,แบล็ก & ไวท์,SV11s,โวลโทลอส,Thundurus,068/172,R,https://asia.pokemon-card.com/th/card-img/th00011502.png
Pokemon,แบล็ก & ไวท์,SV11s,เซครอม ex,Zekrom ex,069/172,RR,https://asia.pokemon-card.com/th/card-img/th00011503.png
Pokemon,แบล็ก & ไวท์,SV11s,มุนนะ,Munna,070/172,C,https://asia.pokemon-card.com/th/card-img/th00011504.png
Pokemon,แบล็ก & ไวท์,SV11s,มุชานา,Musharna,071/172,U,https://asia.pokemon-card.com/th/card-img/th00011505.png
Pokemon,แบล็ก & ไวท์,SV11s,โคโรโมริ,Woobat,072/172,C,https://asia.pokemon-card.com/th/card-img/th00011506.png
Pokemon,แบล็ก & ไวท์,SV11s,โคโคโรโมริ,Swoobat,073/172,U,https://asia.pokemon-card.com/th/card-img/th00011507.png
Pokemon,แบล็ก & ไวท์,SV11s,ซิมโบลา,Sigilyph,074/172,U,https://asia.pokemon-card.com/th/card-img/th00011508.png
Pokemon,แบล็ก & ไวท์,SV11s,เดธมาส,Yamask,075/172,C,https://asia.pokemon-card.com/th/card-img/th00011509.png
Pokemon,แบล็ก & ไวท์,SV11s,เดธคาน,Cofagrigus,076/172,R,https://asia.pokemon-card.com/th/card-img/th00011510.png
Pokemon,แบล็ก & ไวท์,SV11s,โกธิมู,Gothita,077/172,C,https://asia.pokemon-card.com/th/card-img/th00011511.png
Pokemon,แบล็ก & ไวท์,SV11s,โกธิมิรุ,Gothorita,078/172,C,https://asia.pokemon-card.com/th/card-img/th00011512.png
Pokemon,แบล็ก & ไวท์,SV11s,โกธิรูเซล,Gothitelle,079/172,R,https://asia.pokemon-card.com/th/card-img/th00011513.png
Pokemon,แบล็ก & ไวท์,SV11s,ยูนิรัน,Solosis,080/172,C,https://asia.pokemon-card.com/th/card-img/th00011514.png
Pokemon,แบล็ก & ไวท์,SV11s,ดาบูลัน,Duosion,081/172,C,https://asia.pokemon-card.com/th/card-img/th00011515.png
Pokemon,แบล็ก & ไวท์,SV11s,แลนคูลัส,Reuniclus,082/172,U,https://asia.pokemon-card.com/th/card-img/th00011516.png
Pokemon,แบล็ก & ไวท์,SV11s,พูรูริล,Frillish,083/172,C,https://asia.pokemon-card.com/th/card-img/th00011517.png
Pokemon,แบล็ก & ไวท์,SV11s,บูรุนเจล ex,Jellicent ex,084/172,RR,https://asia.pokemon-card.com/th/card-img/th00011518.png
Pokemon,แบล็ก & ไวท์,SV11s,ลีเกรย์,Elgyem,085/172,C,https://asia.pokemon-card.com/th/card-img/th00011519.png
Pokemon,แบล็ก & ไวท์,SV11s,โอเบ็ม,Beheeyem,086/172,U,https://asia.pokemon-card.com/th/card-img/th00011520.png
Pokemon,แบล็ก & ไวท์,SV11s,โกบิท,Golett,087/172,C,https://asia.pokemon-card.com/th/card-img/th00011521.png
Pokemon,แบล็ก & ไวท์,SV11s,โกลูก,Golurk,088/172,U,https://asia.pokemon-card.com/th/card-img/th00011522.png
Pokemon,แบล็ก & ไวท์,SV11s,เมโลเอตตา ex,Meloetta ex,089/172,RR,https://asia.pokemon-card.com/th/card-img/th00011523.png
Pokemon,แบล็ก & ไวท์,SV11s,ดันโกโร,Roggenrola,090/172,C,https://asia.pokemon-card.com/th/card-img/th00011524.png
Pokemon,แบล็ก & ไวท์,SV11s,กันเทิล,Boldore,091/172,C,https://asia.pokemon-card.com/th/card-img/th00011525.png
Pokemon,แบล็ก & ไวท์,SV11s,กิไกอาซ,Gigalith,092/172,U,https://asia.pokemon-card.com/th/card-img/th00011526.png
Pokemon,แบล็ก & ไวท์,SV11s,โมกุริว,Drilbur,093/172,C,https://asia.pokemon-card.com/th/card-img/th00011527.png
Pokemon,แบล็ก & ไวท์,SV11s,โดริวซึ ex,Excadrill ex,094/172,RR,https://asia.pokemon-card.com/th/card-img/th00011528.png
Pokemon,แบล็ก & ไวท์,SV11s,ด็อคโคเรอร์,Timburr,095/172,C,https://asia.pokemon-card.com/th/card-img/th00011529.png
Pokemon,แบล็ก & ไวท์,SV11s,โดเท็คคทซึ,Gurdurr,096/172,C,https://asia.pokemon-card.com/th/card-img/th00011530.png
Pokemon,แบล็ก & ไวท์,SV11s,โรบูชิน,Conkeldurr,097/172,R,https://asia.pokemon-card.com/th/card-img/th00011531.png
Pokemon,แบล็ก & ไวท์,SV11s,นาเกคิ,Throh,098/172,U,https://asia.pokemon-card.com/th/card-img/th00011532.png
Pokemon,แบล็ก & ไวท์,SV11s,ดาเกคิ,Sawk,099/172,U,https://asia.pokemon-card.com/th/card-img/th00011533.png
Pokemon,แบล็ก & ไวท์,SV11s,อิชิซึไม,Dwebble,100/172,C,https://asia.pokemon-card.com/th/card-img/th00011534.png
Pokemon,แบล็ก & ไวท์,SV11s,อิวาพาเลซ,Crustle,101/172,U,https://asia.pokemon-card.com/th/card-img/th00011535.png
Pokemon,แบล็ก & ไวท์,SV11s,อาเคน,Archen,102/172,U,https://asia.pokemon-card.com/th/card-img/th00011536.png
Pokemon,แบล็ก & ไวท์,SV11s,อาเคโอส,Archeops,103/172,R,https://asia.pokemon-card.com/th/card-img/th00011537.png
Pokemon,แบล็ก & ไวท์,SV11s,โคโจฟู,Mienfoo,104/172,C,https://asia.pokemon-card.com/th/card-img/th00011538.png
Pokemon,แบล็ก & ไวท์,SV11s,โคโจนโดะ,Mienshao,105/172,U,https://asia.pokemon-card.com/th/card-img/th00011539.png
Pokemon,แบล็ก & ไวท์,SV11s,เทราคิออน,Terrakion,106/172,R,https://asia.pokemon-card.com/th/card-img/th00011540.png
Pokemon,แบล็ก & ไวท์,SV11s,แลนโดลอส,Landorus,107/172,R,https://asia.pokemon-card.com/th/card-img/th00011541.png
Pokemon,แบล็ก & ไวท์,SV11s,โจโรเนโกะ,Purrloin,108/172,C,https://asia.pokemon-card.com/th/card-img/th00011542.png
Pokemon,แบล็ก & ไวท์,SV11s,เลพัลดัส,Liepard,109/172,U,https://asia.pokemon-card.com/th/card-img/th00011543.png
Pokemon,แบล็ก & ไวท์,SV11s,ฟูชิเดะ,Venipede,110/172,C,https://asia.pokemon-card.com/th/card-img/th00011544.png
Pokemon,แบล็ก & ไวท์,SV11s,วีกา,Whirlipede,111/172,C,https://asia.pokemon-card.com/th/card-img/th00011545.png
Pokemon,แบล็ก & ไวท์,SV11s,เพนโดรา,Scolipede,112/172,U,https://asia.pokemon-card.com/th/card-img/th00011546.png
Pokemon,แบล็ก & ไวท์,SV11s,เมะกุโรโกะ,Sandile,113/172,C,https://asia.pokemon-card.com/th/card-img/th00011547.png
Pokemon,แบล็ก & ไวท์,SV11s,วารุวิล,Krokorok,114/172,C,https://asia.pokemon-card.com/th/card-img/th00011548.png
Pokemon,แบล็ก & ไวท์,SV11s,วารุเวียล,Krookodile,115/172,U,https://asia.pokemon-card.com/th/card-img/th00011549.png
Pokemon,แบล็ก & ไวท์,SV11s,ซึรุกกุ,Scraggy,116/172,C,https://asia.pokemon-card.com/th/card-img/th00011550.png
Pokemon,แบล็ก & ไวท์,SV11s,ซึรุซึคิน,Scrafty,117/172,U,https://asia.pokemon-card.com/th/card-img/th00011551.png
Pokemon,แบล็ก & ไวท์,SV11s,ยาบุคุรอน,Trubbish,118/172,C,https://asia.pokemon-card.com/th/card-img/th00011552.png
Pokemon,แบล็ก & ไวท์,SV11s,ดัสต์ดาส,Garbodor,119/172,U,https://asia.pokemon-card.com/th/card-img/th00011553.png
Pokemon,แบล็ก & ไวท์,SV11s,โซรัว,Zorua,120/172,C,https://asia.pokemon-card.com/th/card-img/th00011554.png
Pokemon,แบล็ก & ไวท์,SV11s,โซโรอาร์ค,Zoroark,121/172,R,https://asia.pokemon-card.com/th/card-img/th00011555.png
Pokemon,แบล็ก & ไวท์,SV11s,วัลไจ,Vullaby,122/172,C,https://asia.pokemon-card.com/th/card-img/th00011556.png
Pokemon,แบล็ก & ไวท์,SV11s,วัลจีนา,Mandibuzz,123/172,U,https://asia.pokemon-card.com/th/card-img/th00011557.png
Pokemon,แบล็ก & ไวท์,SV11s,โมโนซึ,Deino,124/172,C,https://asia.pokemon-card.com/th/card-img/th00011558.png
Pokemon,แบล็ก & ไวท์,SV11s,จิเฮด,Zweilous,125/172,C,https://asia.pokemon-card.com/th/card-img/th00011559.png
Pokemon,แบล็ก & ไวท์,SV11s,ซาซันดรา ex,Hydreigon ex,126/172,RR,https://asia.pokemon-card.com/th/card-img/th00011560.png
Pokemon,แบล็ก & ไวท์,SV11s,ชูวัลโก,Escavalier,127/172,U,https://asia.pokemon-card.com/th/card-img/th00011561.png
Pokemon,แบล็ก & ไวท์,SV11s,เทสซีด,Ferroseed,128/172,C,https://asia.pokemon-card.com/th/card-img/th00011562.png
Pokemon,แบล็ก & ไวท์,SV11s,นัทเทรย์,Ferrothorn,129/172,U,https://asia.pokemon-card.com/th/card-img/th00011563.png
Pokemon,แบล็ก & ไวท์,SV11s,เกียร์,Klink,130/172,C,https://asia.pokemon-card.com/th/card-img/th00011564.png
Pokemon,แบล็ก & ไวท์,SV11s,กิเกียร์,Klang,131/172,C,https://asia.pokemon-card.com/th/card-img/th00011565.png
Pokemon,แบล็ก & ไวท์,SV11s,กิกิเกียร์,Klinklang,132/172,R,https://asia.pokemon-card.com/th/card-img/th00011566.png
Pokemon,แบล็ก & ไวท์,SV11s,โคมาทานา,Pawniard,133/172,C,https://asia.pokemon-card.com/th/card-img/th00011567.png
Pokemon,แบล็ก & ไวท์,SV11s,คิริคิซัน,Bisharp,134/172,U,https://asia.pokemon-card.com/th/card-img/th00011568.png
Pokemon,แบล็ก & ไวท์,SV11s,ไอแอนท์,Durant,135/172,U,https://asia.pokemon-card.com/th/card-img/th00011569.png
Pokemon,แบล็ก & ไวท์,SV11s,โคบัลออน,Cobalion,136/172,R,https://asia.pokemon-card.com/th/card-img/th00011570.png
Pokemon,แบล็ก & ไวท์,SV11s,เกโนเซ็กท์ ex,Genesect ex,137/172,RR,https://asia.pokemon-card.com/th/card-img/th00011571.png
Pokemon,แบล็ก & ไวท์,SV11s,คิบาโกะ,Axew,138/172,C,https://asia.pokemon-card.com/th/card-img/th00011572.png
Pokemon,แบล็ก & ไวท์,SV11s,โอโนนโดะ,Fraxure,139/172,C,https://asia.pokemon-card.com/th/card-img/th00011573.png
Pokemon,แบล็ก & ไวท์,SV11s,โอโนโนคุส,Haxorus,140/172,R,https://asia.pokemon-card.com/th/card-img/th00011574.png
Pokemon,แบล็ก & ไวท์,SV11s,คริมแกน,Druddigon,141/172,U,https://asia.pokemon-card.com/th/card-img/th00011575.png
Pokemon,แบล็ก & ไวท์,SV11s,มิเนซูมิ,Patrat,142/172,C,https://asia.pokemon-card.com/th/card-img/th00011576.png
Pokemon,แบล็ก & ไวท์,SV11s,มิรูฮอก,Watchog,143/172,U,https://asia.pokemon-card.com/th/card-img/th00011577.png
Pokemon,แบล็ก & ไวท์,SV11s,โยเทอรี,Lillipup,144/172,C,https://asia.pokemon-card.com/th/card-img/th00011578.png
Pokemon,แบล็ก & ไวท์,SV11s,เฮอเดอเรีย,Herdier,145/172,C,https://asia.pokemon-card.com/th/card-img/th00011579.png
Pokemon,แบล็ก & ไวท์,SV11s,มูแลนด์,Stoutland,146/172,U,https://asia.pokemon-card.com/th/card-img/th00011580.png
Pokemon,แบล็ก & ไวท์,SV11s,มาเมพาโตะ,Pidove,147/172,C,https://asia.pokemon-card.com/th/card-img/th00011581.png
Pokemon,แบล็ก & ไวท์,SV11s,ฮาโทโบ,Tranquill,148/172,C,https://asia.pokemon-card.com/th/card-img/th00011582.png
Pokemon,แบล็ก & ไวท์,SV11s,เคนโฮโล,Unfezant,149/172,U,https://asia.pokemon-card.com/th/card-img/th00011583.png
Pokemon,แบล็ก & ไวท์,SV11s,ทาบุนเนะ,Audino,150/172,C,https://asia.pokemon-card.com/th/card-img/th00011584.png
Pokemon,แบล็ก & ไวท์,SV11s,จิลามี,Minccino,151/172,C,https://asia.pokemon-card.com/th/card-img/th00011585.png
Pokemon,แบล็ก & ไวท์,SV11s,จิลาจีโน,Cinccino,152/172,U,https://asia.pokemon-card.com/th/card-img/th00011586.png
Pokemon,แบล็ก & ไวท์,SV11s,บัฟฟรอน ex,Bouffalant ex,153/172,RR,https://asia.pokemon-card.com/th/card-img/th00011587.png
Pokemon,แบล็ก & ไวท์,SV11s,วาชิบอน,Rufflet,154/172,C,https://asia.pokemon-card.com/th/card-img/th00011588.png
Pokemon,แบล็ก & ไวท์,SV11s,วอร์เกิล,Braviary,155/172,U,https://asia.pokemon-card.com/th/card-img/th00011589.png
Pokemon,แบล็ก & ไวท์,SV11s,ทอร์เนลอส,Tornadus,156/172,R,https://asia.pokemon-card.com/th/card-img/th00011590.png
Pokemon,แบล็ก & ไวท์,SV11s,กู้คืนพลังงาน,Energy Retrieval,157/172,U,https://asia.pokemon-card.com/th/card-img/th00011591.png
Pokemon,แบล็ก & ไวท์,SV11s,เหรียญพลังงาน,Energy Coin,158/172,U,https://asia.pokemon-card.com/th/card-img/th00011592.png
Pokemon,แบล็ก & ไวท์,SV11s,ทูลสแครปเปอร์,Tool Scrapper,159/172,U,https://asia.pokemon-card.com/th/card-img/th00011593.png
Pokemon,แบล็ก & ไวท์,SV11s,ฟอสซิลขนนก,Antique Plume Fossil,160/172,C,https://asia.pokemon-card.com/th/card-img/th00011594.png
Pokemon,แบล็ก & ไวท์,SV11s,ฟอสซิลเปลือก เก่าแก่,Antique Cover Fossil,161/172,C,https://asia.pokemon-card.com/th/card-img/th00011595.png
Pokemon,แบล็ก & ไวท์,SV11s,โปเกเกีย 3.0,Pokegear 3.0,162/172,U,https://asia.pokemon-card.com/th/card-img/th00011596.png
Pokemon,แบล็ก & ไวท์,SV11s,ลูกโป่ง,Air Balloon,163/172,U,https://asia.pokemon-card.com/th/card-img/th00011597.png
Pokemon,แบล็ก & ไวท์,SV11s,กำไลแห่งความกล้า,Brave Bangle,164/172,U,https://asia.pokemon-card.com/th/card-img/th00011598.png
Pokemon,แบล็ก & ไวท์,SV11s,การวางพล็อตของ N,N's Plan,165/172,U,https://asia.pokemon-card.com/th/card-img/th00011599.png
Pokemon,แบล็ก & ไวท์,SV11s,ตัวตลก,Harlequin,166/172,U,https://asia.pokemon-card.com/th/card-img/th00011600.png
Pokemon,แบล็ก & ไวท์,SV11s,เชเรน,Cheren,167/172,U,https://asia.pokemon-card.com/th/card-img/th00011601.png
Pokemon,แบล็ก & ไวท์,SV11s,โทโกะ,Hilda,168/172,U,https://asia.pokemon-card.com/th/card-img/th00011602.png
Pokemon,แบล็ก & ไวท์,SV11s,งานวิจัยของศาสตราจารย์ อารารากิ,Professor's Research,169/172,U,https://asia.pokemon-card.com/th/card-img/th00011603.png
Pokemon,แบล็ก & ไวท์,SV11s,มาโกโมะ,Fennel,170/172,U,https://asia.pokemon-card.com/th/card-img/th00011604.png
Pokemon,แบล็ก & ไวท์,SV11s,พลังงานจุดระเบิด,Ignition Energy,171/172,U,https://asia.pokemon-card.com/th/card-img/th00011605.png
Pokemon,แบล็ก & ไวท์,SV11s,ปริซึมเอนเนอร์จี้,Prism Energy,172/172,U,https://asia.pokemon-card.com/th/card-img/th00011606.png
Pokemon,แบล็ก & ไวท์,SV11s,สึทาจะ,Snivy,173/172,AR,https://asia.pokemon-card.com/th/card-img/th00011658.png
Pokemon,แบล็ก & ไวท์,SV11s,จาโนวี,Servine,174/172,AR,https://asia.pokemon-card.com/th/card-img/th00011659.png
Pokemon,แบล็ก & ไวท์,SV11s,ยานัปปุ,Pansage,175/172,AR,https://asia.pokemon-card.com/th/card-img/th00011660.png
Pokemon,แบล็ก & ไวท์,SV11s,ยานักกี,Simisage,176/172,AR,https://asia.pokemon-card.com/th/card-img/th00011661.png
Pokemon,แบล็ก & ไวท์,SV11s,คูรูมีรุ,Sewaddle,177/172,AR,https://asia.pokemon-card.com/th/card-img/th00011662.png
Pokemon,แบล็ก & ไวท์,SV11s,คูรูมายุ,Swadloon,178/172,AR,https://asia.pokemon-card.com/th/card-img/th00011663.png
Pokemon,แบล็ก & ไวท์,SV11s,ฮาฮาโคโมริ,Leavanny,179/172,AR,https://asia.pokemon-card.com/th/card-img/th00011664.png
Pokemon,แบล็ก & ไวท์,SV11s,โมนเมน,Cottonee,180/172,AR,https://asia.pokemon-card.com/th/card-img/th00011665.png
Pokemon,แบล็ก & ไวท์,SV11s,จูริเน,Petilil,181/172,AR,https://asia.pokemon-card.com/th/card-img/th00011666.png
Pokemon,แบล็ก & ไวท์,SV11s,เดรเดีย,Lilligant,182/172,AR,https://asia.pokemon-card.com/th/card-img/th00011667.png
Pokemon,แบล็ก & ไวท์,SV11s,มาราคัจจิ,Maractus,183/172,AR,https://asia.pokemon-card.com/th/card-img/th00011668.png
Pokemon,แบล็ก & ไวท์,SV11s,ชิคิจิกะ,Deerling,184/172,AR,https://asia.pokemon-card.com/th/card-img/th00011669.png
Pokemon,แบล็ก & ไวท์,SV11s,เมบูคิจิกะ,Sawsbuck,185/172,AR,https://asia.pokemon-card.com/th/card-img/th00011670.png
Pokemon,แบล็ก & ไวท์,SV11s,คาบูรูโมะ,Karrablast,186/172,AR,https://asia.pokemon-card.com/th/card-img/th00011671.png
Pokemon,แบล็ก & ไวท์,SV11s,ทามาเกะทาเคะ,Foongus,187/172,AR,https://asia.pokemon-card.com/th/card-img/th00011672.png
Pokemon,แบล็ก & ไวท์,SV11s,โมโรบาเรรุ,Amoonguss,188/172,AR,https://asia.pokemon-card.com/th/card-img/th00011673.png
Pokemon,แบล็ก & ไวท์,SV11s,โชโบมากิ,Shelmet,189/172,AR,https://asia.pokemon-card.com/th/card-img/th00011674.png
Pokemon,แบล็ก & ไวท์,SV11s,อกิลดา,Accelgor,190/172,AR,https://asia.pokemon-card.com/th/card-img/th00011675.png
Pokemon,แบล็ก & ไวท์,SV11s,วิริซิออน,Virizion,191/172,AR,https://asia.pokemon-card.com/th/card-img/th00011676.png
Pokemon,แบล็ก & ไวท์,SV11s,วิคทินี,Victini,192/172,AR,https://asia.pokemon-card.com/th/card-img/th00011677.png
Pokemon,แบล็ก & ไวท์,SV11s,โพคาบู,Tepig,193/172,AR,https://asia.pokemon-card.com/th/card-img/th00011678.png
Pokemon,แบล็ก & ไวท์,SV11s,จาโอบู,Pignite,194/172,AR,https://asia.pokemon-card.com/th/card-img/th00011679.png
Pokemon,แบล็ก & ไวท์,SV11s,เอ็นบูโอ,Emboar,195/172,AR,https://asia.pokemon-card.com/th/card-img/th00011680.png
Pokemon,แบล็ก & ไวท์,SV11s,บาอปปุ,Pansear,196/172,AR,https://asia.pokemon-card.com/th/card-img/th00011681.png
Pokemon,แบล็ก & ไวท์,SV11s,บาอกกี,Simisear,197/172,AR,https://asia.pokemon-card.com/th/card-img/th00011682.png
Pokemon,แบล็ก & ไวท์,SV11s,ดารุมักกะ,Darumaka,198/172,AR,https://asia.pokemon-card.com/th/card-img/th00011683.png
Pokemon,แบล็ก & ไวท์,SV11s,ฮิฮิดารุมะ,Darmanitan,199/172,AR,https://asia.pokemon-card.com/th/card-img/th00011684.png
Pokemon,แบล็ก & ไวท์,SV11s,ฮิโตโมชิ,Litwick,200/172,AR,https://asia.pokemon-card.com/th/card-img/th00011685.png
Pokemon,แบล็ก & ไวท์,SV11s,แลมพูลา,Lampent,201/172,AR,https://asia.pokemon-card.com/th/card-img/th00011686.png
Pokemon,แบล็ก & ไวท์,SV11s,แชนเดลา,Chandelure,202/172,AR,https://asia.pokemon-card.com/th/card-img/th00011687.png
Pokemon,แบล็ก & ไวท์,SV11s,คุยทาแรน,Heatmor,203/172,AR,https://asia.pokemon-card.com/th/card-img/th00011688.png
Pokemon,แบล็ก & ไวท์,SV11s,เมลาร์วา,Larvesta,204/172,AR,https://asia.pokemon-card.com/th/card-img/th00011689.png
Pokemon,แบล็ก & ไวท์,SV11s,อุลกามอธ,Volcarona,205/172,AR,https://asia.pokemon-card.com/th/card-img/th00011690.png
Pokemon,แบล็ก & ไวท์,SV11s,มิจูมารุ,Oshawott,206/172,AR,https://asia.pokemon-card.com/th/card-img/th00011691.png
Pokemon,แบล็ก & ไวท์,SV11s,ฟุตาจิมารุ,Dewott,207/172,AR,https://asia.pokemon-card.com/th/card-img/th00011692.png
Pokemon,แบล็ก & ไวท์,SV11s,ไดเคนคิ,Samurott,208/172,AR,https://asia.pokemon-card.com/th/card-img/th00011693.png
Pokemon,แบล็ก & ไวท์,SV11s,ฮิยัปปุ,Panpour,209/172,AR,https://asia.pokemon-card.com/th/card-img/th00011694.png
Pokemon,แบล็ก & ไวท์,SV11s,ฮิยักกี,Simipour,210/172,AR,https://asia.pokemon-card.com/th/card-img/th00011695.png
Pokemon,แบล็ก & ไวท์,SV11s,โอทามาโร,Tympole,211/172,AR,https://asia.pokemon-card.com/th/card-img/th00011696.png
Pokemon,แบล็ก & ไวท์,SV11s,กามาการุ,Palpitoad,212/172,AR,https://asia.pokemon-card.com/th/card-img/th00011697.png
Pokemon,แบล็ก & ไวท์,SV11s,กามาเกโรเกะ,Seismitoad,213/172,AR,https://asia.pokemon-card.com/th/card-img/th00011698.png
Pokemon,แบล็ก & ไวท์,SV11s,บาสราโอ,Basculin,214/172,AR,https://asia.pokemon-card.com/th/card-img/th00011699.png
Pokemon,แบล็ก & ไวท์,SV11s,โปรโตกา,Tirtouga,215/172,AR,https://asia.pokemon-card.com/th/card-img/th00011700.png
Pokemon,แบล็ก & ไวท์,SV11s,อบาโกรา,Carracosta,216/172,AR,https://asia.pokemon-card.com/th/card-img/th00011701.png
Pokemon,แบล็ก & ไวท์,SV11s,โคอารูฮี,Ducklett,217/172,AR,https://asia.pokemon-card.com/th/card-img/th00011702.png
Pokemon,แบล็ก & ไวท์,SV11s,สวอนนา,Swanna,218/172,AR,https://asia.pokemon-card.com/th/card-img/th00011703.png
Pokemon,แบล็ก & ไวท์,SV11s,วานิเพ็ตติ,Vanillite,219/172,AR,https://asia.pokemon-card.com/th/card-img/th00011704.png
Pokemon,แบล็ก & ไวท์,SV11s,วานิริช,Vanillish,220/172,AR,https://asia.pokemon-card.com/th/card-img/th00011705.png
Pokemon,แบล็ก & ไวท์,SV11s,ไบวานิลลา,Vanilluxe,221/172,AR,https://asia.pokemon-card.com/th/card-img/th00011706.png
Pokemon,แบล็ก & ไวท์,SV11s,มามันโบ,Alomomola,222/172,AR,https://asia.pokemon-card.com/th/card-img/th00011707.png
Pokemon,แบล็ก & ไวท์,SV11s,คูมะชุน,Cubchoo,223/172,AR,https://asia.pokemon-card.com/th/card-img/th00011708.png
Pokemon,แบล็ก & ไวท์,SV11s,ทันแบร์,Beartic,224/172,AR,https://asia.pokemon-card.com/th/card-img/th00011709.png
Pokemon,แบล็ก & ไวท์,SV11s,ฟรีจิโอ,Cryogonal,225/172,AR,https://asia.pokemon-card.com/th/card-img/th00011710.png
Pokemon,แบล็ก & ไวท์,SV11s,ชิมามา,Blitzle,226/172,AR,https://asia.pokemon-card.com/th/card-img/th00011711.png
Pokemon,แบล็ก & ไวท์,SV11s,ซีบรายกา,Zebstrika,227/172,AR,https://asia.pokemon-card.com/th/card-img/th00011712.png
Pokemon,แบล็ก & ไวท์,SV11s,เอมอนกา,Emolga,228/172,AR,https://asia.pokemon-card.com/th/card-img/th00011713.png
Pokemon,แบล็ก & ไวท์,SV11s,จู่โจมกะทันหัน,Joltik,229/172,AR,https://asia.pokemon-card.com/th/card-img/th00011714.png
Pokemon,แบล็ก & ไวท์,SV11s,เดนทูลา,Galvantula,230/172,AR,https://asia.pokemon-card.com/th/card-img/th00011715.png
Pokemon,แบล็ก & ไวท์,SV11s,ชิบิชิราซึ,Tynamo,231/172,AR,https://asia.pokemon-card.com/th/card-img/th00011716.png
Pokemon,แบล็ก & ไวท์,SV11s,ชิบิบีล,Eelektrik,232/172,AR,https://asia.pokemon-card.com/th/card-img/th00011717.png
Pokemon,แบล็ก & ไวท์,SV11s,ชิบิรูดอน,Eelektross,233/172,AR,https://asia.pokemon-card.com/th/card-img/th00011718.png
Pokemon,แบล็ก & ไวท์,SV11s,มักเกียว,Stunfisk,234/172,AR,https://asia.pokemon-card.com/th/card-img/th00011719.png
Pokemon,แบล็ก & ไวท์,SV11s,โวลโทลอส,Thundurus,235/172,AR,https://asia.pokemon-card.com/th/card-img/th00011720.png
Pokemon,แบล็ก & ไวท์,SV11s,มุนนะ,Munna,236/172,AR,https://asia.pokemon-card.com/th/card-img/th00011721.png
Pokemon,แบล็ก & ไวท์,SV11s,มุชานา,Musharna,237/172,AR,https://asia.pokemon-card.com/th/card-img/th00011722.png
Pokemon,แบล็ก & ไวท์,SV11s,โคโรโมริ,Woobat,238/172,AR,https://asia.pokemon-card.com/th/card-img/th00011723.png
Pokemon,แบล็ก & ไวท์,SV11s,โคโคโรโมริ,Swoobat,239/172,AR,https://asia.pokemon-card.com/th/card-img/th00011724.png
Pokemon,แบล็ก & ไวท์,SV11s,ซิมโบลา,Sigilyph,240/172,AR,https://asia.pokemon-card.com/th/card-img/th00011725.png
Pokemon,แบล็ก & ไวท์,SV11s,เดธมาส,Yamask,241/172,AR,https://asia.pokemon-card.com/th/card-img/th00011726.png
Pokemon,แบล็ก & ไวท์,SV11s,เดธคาน,Cofagrigus,242/172,AR,https://asia.pokemon-card.com/th/card-img/th00011727.png
Pokemon,แบล็ก & ไวท์,SV11s,โกธิมู,Gothita,243/172,AR,https://asia.pokemon-card.com/th/card-img/th00011728.png
Pokemon,แบล็ก & ไวท์,SV11s,โกธิมิรุ,Gothorita,244/172,AR,https://asia.pokemon-card.com/th/card-img/th00011729.png
Pokemon,แบล็ก & ไวท์,SV11s,โกธิรูเซล,Gothitelle,245/172,AR,https://asia.pokemon-card.com/th/card-img/th00011730.png
Pokemon,แบล็ก & ไวท์,SV11s,ยูนิรัน,Solosis,246/172,AR,https://asia.pokemon-card.com/th/card-img/th00011731.png
Pokemon,แบล็ก & ไวท์,SV11s,ดาบูลัน,Duosion,247/172,AR,https://asia.pokemon-card.com/th/card-img/th00011732.png
Pokemon,แบล็ก & ไวท์,SV11s,แลนคูลัส,Reuniclus,248/172,AR,https://asia.pokemon-card.com/th/card-img/th00011733.png
Pokemon,แบล็ก & ไวท์,SV11s,พูรูริล,Frillish,249/172,AR,https://asia.pokemon-card.com/th/card-img/th00011734.png
Pokemon,แบล็ก & ไวท์,SV11s,ลีเกรย์,Elgyem,250/172,AR,https://asia.pokemon-card.com/th/card-img/th00011735.png
Pokemon,แบล็ก & ไวท์,SV11s,โอเบ็ม,Beheeyem,251/172,AR,https://asia.pokemon-card.com/th/card-img/th00011736.png
Pokemon,แบล็ก & ไวท์,SV11s,โกบิท,Golett,252/172,AR,https://asia.pokemon-card.com/th/card-img/th00011737.png
Pokemon,แบล็ก & ไวท์,SV11s,โกลูก,Golurk,253/172,AR,https://asia.pokemon-card.com/th/card-img/th00011738.png
Pokemon,แบล็ก & ไวท์,SV11s,ดันโกโร,Roggenrola,254/172,AR,https://asia.pokemon-card.com/th/card-img/th00011739.png
Pokemon,แบล็ก & ไวท์,SV11s,กันเทิล,Boldore,255/172,AR,https://asia.pokemon-card.com/th/card-img/th00011740.png
Pokemon,แบล็ก & ไวท์,SV11s,กิไกอาซ,Gigalith,256/172,AR,https://asia.pokemon-card.com/th/card-img/th00011741.png
Pokemon,แบล็ก & ไวท์,SV11s,โมกุริว,Drilbur,257/172,AR,https://asia.pokemon-card.com/th/card-img/th00011742.png
Pokemon,แบล็ก & ไวท์,SV11s,ด็อคโคเรอร์,Timburr,258/172,AR,https://asia.pokemon-card.com/th/card-img/th00011743.png
Pokemon,แบล็ก & ไวท์,SV11s,โดเท็คคทซึ,Gurdurr,259/172,AR,https://asia.pokemon-card.com/th/card-img/th00011744.png
Pokemon,แบล็ก & ไวท์,SV11s,โรบูชิน,Conkeldurr,260/172,AR,https://asia.pokemon-card.com/th/card-img/th00011745.png
Pokemon,แบล็ก & ไวท์,SV11s,นาเกคิ,Throh,261/172,AR,https://asia.pokemon-card.com/th/card-img/th00011746.png
Pokemon,แบล็ก & ไวท์,SV11s,ดาเกคิ,Sawk,262/172,AR,https://asia.pokemon-card.com/th/card-img/th00011747.png
Pokemon,แบล็ก & ไวท์,SV11s,อิชิซึไม,Dwebble,263/172,AR,https://asia.pokemon-card.com/th/card-img/th00011748.png
Pokemon,แบล็ก & ไวท์,SV11s,อิวาพาเลซ,Crustle,264/172,AR,https://asia.pokemon-card.com/th/card-img/th00011749.png
Pokemon,แบล็ก & ไวท์,SV11s,อาเคน,Archen,265/172,AR,https://asia.pokemon-card.com/th/card-img/th00011750.png
Pokemon,แบล็ก & ไวท์,SV11s,อาเคโอส,Archeops,266/172,AR,https://asia.pokemon-card.com/th/card-img/th00011751.png
Pokemon,แบล็ก & ไวท์,SV11s,โคโจฟู,Mienfoo,267/172,AR,https://asia.pokemon-card.com/th/card-img/th00011752.png
Pokemon,แบล็ก & ไวท์,SV11s,โคโจนโดะ,Mienshao,268/172,AR,https://asia.pokemon-card.com/th/card-img/th00011753.png
Pokemon,แบล็ก & ไวท์,SV11s,เทราคิออน,Terrakion,269/172,AR,https://asia.pokemon-card.com/th/card-img/th00011754.png
Pokemon,แบล็ก & ไวท์,SV11s,แลนโดลอส,Landorus,270/172,AR,https://asia.pokemon-card.com/th/card-img/th00011755.png
Pokemon,แบล็ก & ไวท์,SV11s,โจโรเนโกะ,Purrloin,271/172,AR,https://asia.pokemon-card.com/th/card-img/th00011756.png
Pokemon,แบล็ก & ไวท์,SV11s,เลพัสดัส,Liepard,272/172,AR,https://asia.pokemon-card.com/th/card-img/th00011757.png
Pokemon,แบล็ก & ไวท์,SV11s,ฟูชิเดะ,Venipede,273/172,AR,https://asia.pokemon-card.com/th/card-img/th00011758.png
Pokemon,แบล็ก & ไวท์,SV11s,วีกา,Whirlipede,274/172,AR,https://asia.pokemon-card.com/th/card-img/th00011759.png
Pokemon,แบล็ก & ไวท์,SV11s,เพนโดรา,Scolipede,275/172,AR,https://asia.pokemon-card.com/th/card-img/th00011760.png
Pokemon,แบล็ก & ไวท์,SV11s,เมะกุโรโกะ,Sandile,276/172,AR,https://asia.pokemon-card.com/th/card-img/th00011761.png
Pokemon,แบล็ก & ไวท์,SV11s,วารุวิล,Krokorok,277/172,AR,https://asia.pokemon-card.com/th/card-img/th00011762.png
Pokemon,แบล็ก & ไวท์,SV11s,วารุเวียล,Krookodile,278/172,AR,https://asia.pokemon-card.com/th/card-img/th00011763.png
Pokemon,แบล็ก & ไวท์,SV11s,ซึรุกกุ,Scraggy,279/172,AR,https://asia.pokemon-card.com/th/card-img/th00011764.png
Pokemon,แบล็ก & ไวท์,SV11s,ซึรุซึคิน,Scrafty,280/172,AR,https://asia.pokemon-card.com/th/card-img/th00011765.png
Pokemon,แบล็ก & ไวท์,SV11s,ยาบุคุรอน,Trubbish,281/172,AR,https://asia.pokemon-card.com/th/card-img/th00011766.png
Pokemon,แบล็ก & ไวท์,SV11s,ดัสต์ดาส,Garbodor,282/172,AR,https://asia.pokemon-card.com/th/card-img/th00011767.png
Pokemon,แบล็ก & ไวท์,SV11s,โซรัว,Zorua,283/172,AR,https://asia.pokemon-card.com/th/card-img/th00011768.png
Pokemon,แบล็ก & ไวท์,SV11s,โซโรอาร์ค,Zoroark,284/172,AR,https://asia.pokemon-card.com/th/card-img/th00011769.png
Pokemon,แบล็ก & ไวท์,SV11s,วัลไจ,Vullaby,285/172,AR,https://asia.pokemon-card.com/th/card-img/th00011770.png
Pokemon,แบล็ก & ไวท์,SV11s,วัลจีนา,Mandibuzz,286/172,AR,https://asia.pokemon-card.com/th/card-img/th00011771.png
Pokemon,แบล็ก & ไวท์,SV11s,ดมโนซึ,Deino,287/172,AR,https://asia.pokemon-card.com/th/card-img/th00011772.png
Pokemon,แบล็ก & ไวท์,SV11s,จิเฮด,Zweilous,288/172,AR,https://asia.pokemon-card.com/th/card-img/th00011773.png
Pokemon,แบล็ก & ไวท์,SV11s,ชูวัลโก,Escavalier,289/172,AR,https://asia.pokemon-card.com/th/card-img/th00011774.png
Pokemon,แบล็ก & ไวท์,SV11s,เทสซีด,Ferroseed,290/172,AR,https://asia.pokemon-card.com/th/card-img/th00011775.png
Pokemon,แบล็ก & ไวท์,SV11s,นัทเทรย์,Ferrothorn,291/172,AR,https://asia.pokemon-card.com/th/card-img/th00011776.png
Pokemon,แบล็ก & ไวท์,SV11s,เกียร์,Klink,292/172,AR,https://asia.pokemon-card.com/th/card-img/th00011777.png
Pokemon,แบล็ก & ไวท์,SV11s,กิเกียร์,Klang,293/172,AR,https://asia.pokemon-card.com/th/card-img/th00011778.png
Pokemon,แบล็ก & ไวท์,SV11s,กิกิเกียร์,Klinklang,294/172,AR,https://asia.pokemon-card.com/th/card-img/th00011779.png
Pokemon,แบล็ก & ไวท์,SV11s,โคมาทานา,Pawniard,295/172,AR,https://asia.pokemon-card.com/th/card-img/th00011780.png
Pokemon,แบล็ก & ไวท์,SV11s,คิริคิซัน,Bisharp,296/172,AR,https://asia.pokemon-card.com/th/card-img/th00011781.png
Pokemon,แบล็ก & ไวท์,SV11s,ไอแอนท์,Durant,297/172,AR,https://asia.pokemon-card.com/th/card-img/th00011782.png
Pokemon,แบล็ก & ไวท์,SV11s,โคบัลออน,Cobalion,298/172,AR,https://asia.pokemon-card.com/th/card-img/th00011783.png
Pokemon,แบล็ก & ไวท์,SV11s,คิบาโกะ,Axew,299/172,AR,https://asia.pokemon-card.com/th/card-img/th00011784.png
Pokemon,แบล็ก & ไวท์,SV11s,โอโนนโดะ,Fraxure,300/172,AR,https://asia.pokemon-card.com/th/card-img/th00011785.png
Pokemon,แบล็ก & ไวท์,SV11s,โอโนโนคุส,Haxorus,301/172,AR,https://asia.pokemon-card.com/th/card-img/th00011786.png
Pokemon,แบล็ก & ไวท์,SV11s,คริมแกน,Druddigon,302/172,AR,https://asia.pokemon-card.com/th/card-img/th00011787.png
Pokemon,แบล็ก & ไวท์,SV11s,มิเนซูมิ,Patrat,303/172,AR,https://asia.pokemon-card.com/th/card-img/th00011788.png
Pokemon,แบล็ก & ไวท์,SV11s,มิรูฮอก,Watchog,304/172,AR,https://asia.pokemon-card.com/th/card-img/th00011789.png
Pokemon,แบล็ก & ไวท์,SV11s,โยเทอรี,Lillipup,305/172,AR,https://asia.pokemon-card.com/th/card-img/th00011790.png
Pokemon,แบล็ก & ไวท์,SV11s,เฮอเดอเรีย,Herdier,306/172,AR,https://asia.pokemon-card.com/th/card-img/th00011791.png
Pokemon,แบล็ก & ไวท์,SV11s,มูแลนด์,Stoutland,307/172,AR,https://asia.pokemon-card.com/th/card-img/th00011792.png
Pokemon,แบล็ก & ไวท์,SV11s,มาเมพาโตะ,Pidove,308/172,AR,https://asia.pokemon-card.com/th/card-img/th00011793.png
Pokemon,แบล็ก & ไวท์,SV11s,ฮาโทโบ,Tranquill,309/172,AR,https://asia.pokemon-card.com/th/card-img/th00011794.png
Pokemon,แบล็ก & ไวท์,SV11s,เคนโฮโล,Unfezant,310/172,AR,https://asia.pokemon-card.com/th/card-img/th00011795.png
Pokemon,แบล็ก & ไวท์,SV11s,ทาบุนเนะ,Audino,311/172,AR,https://asia.pokemon-card.com/th/card-img/th00011796.png
Pokemon,แบล็ก & ไวท์,SV11s,จิลามี,Minccino,312/172,AR,https://asia.pokemon-card.com/th/card-img/th00011797.png
Pokemon,แบล็ก & ไวท์,SV11s,จิลาจีโน,Cinccino,313/172,AR,https://asia.pokemon-card.com/th/card-img/th00011798.png
Pokemon,แบล็ก & ไวท์,SV11s,วาชิบอน,Rufflet,314/172,AR,https://asia.pokemon-card.com/th/card-img/th00011799.png
Pokemon,แบล็ก & ไวท์,SV11s,วอร์เกิล,Braviary,315/172,AR,https://asia.pokemon-card.com/th/card-img/th00011800.png
Pokemon,แบล็ก & ไวท์,SV11s,ทอร์เนลอส,Tornadus,316/172,AR,https://asia.pokemon-card.com/th/card-img/th00011801.png
Pokemon,แบล็ก & ไวท์,SV11s,จาโลดา ex,Serperior ex,317/172,SR,https://asia.pokemon-card.com/th/card-img/th00011802.png
Pokemon,แบล็ก & ไวท์,SV11s,เอลฟูน ex,Whimsicott ex,318/172,SR,https://asia.pokemon-card.com/th/card-img/th00011803.png
Pokemon,แบล็ก & ไวท์,SV11s,เรชิรัม ex,Reshiram ex,319/172,SR,https://asia.pokemon-card.com/th/card-img/th00011804.png
Pokemon,แบล็ก & ไวท์,SV11s,คิวเรม ex,Kyurem ex,320/172,SR,https://asia.pokemon-card.com/th/card-img/th00011805.png
Pokemon,แบล็ก & ไวท์,SV11s,เคลดิโอ ex,Keldeo ex,321/172,SR,https://asia.pokemon-card.com/th/card-img/th00011806.png
Pokemon,แบล็ก & ไวท์,SV11s,เซครอม ex,Zekrom ex,322/172,SR,https://asia.pokemon-card.com/th/card-img/th00011807.png
Pokemon,แบล็ก & ไวท์,SV11s,บูรุนเจล ex,Jellicent ex,323/172,SR,https://asia.pokemon-card.com/th/card-img/th00011808.png
Pokemon,แบล็ก & ไวท์,SV11s,เมโลเอตตา ex,Meloetta ex,324/172,SR,https://asia.pokemon-card.com/th/card-img/th00011809.png
Pokemon,แบล็ก & ไวท์,SV11s,โดริวซึ ex,Excadrill ex,325/172,SR,https://asia.pokemon-card.com/th/card-img/th00011810.png
Pokemon,แบล็ก & ไวท์,SV11s,ซาซันดรา ex,Hydreigon ex,326/172,SR,https://asia.pokemon-card.com/th/card-img/th00011811.png
Pokemon,แบล็ก & ไวท์,SV11s,เกโนเซ็กท์ ex,Genesect ex,327/172,SR,https://asia.pokemon-card.com/th/card-img/th00011812.png
Pokemon,แบล็ก & ไวท์,SV11s,บัฟฟรอน ex,Bouffalant ex,328/172,SR,https://asia.pokemon-card.com/th/card-img/th00011813.png
Pokemon,แบล็ก & ไวท์,SV11s,การวางพล็อตของ N,N's Plan,329/172,SR,https://asia.pokemon-card.com/th/card-img/th00011814.png
Pokemon,แบล็ก & ไวท์,SV11s,ตัวตลก,Harlequin,330/172,SR,https://asia.pokemon-card.com/th/card-img/th00011815.png
Pokemon,แบล็ก & ไวท์,SV11s,โทโกะ,Hilda,331/172,SR,https://asia.pokemon-card.com/th/card-img/th00011816.png
Pokemon,แบล็ก & ไวท์,SV11s,มาโกโมะ,Fennel,332/172,SR,https://asia.pokemon-card.com/th/card-img/th00011817.png
Pokemon,แบล็ก & ไวท์,SV11s,จาโลดา ex,Serperior ex,333/172,SAR,https://asia.pokemon-card.com/th/card-img/th00011818.png
Pokemon,แบล็ก & ไวท์,SV11s,เอลฟูน ex,Whimsicott ex,334/172,SAR,https://asia.pokemon-card.com/th/card-img/th00011819.png
Pokemon,แบล็ก & ไวท์,SV11s,เรชิรัม ex,Reshiram ex,335/172,SAR,https://asia.pokemon-card.com/th/card-img/th00011820.png
Pokemon,แบล็ก & ไวท์,SV11s,คิวเรม ex,Kyurem ex,336/172,SAR,https://asia.pokemon-card.com/th/card-img/th00011821.png
Pokemon,แบล็ก & ไวท์,SV11s,เคลดิโอ ex,Keldeo ex,337/172,SAR,https://asia.pokemon-card.com/th/card-img/th00011822.png
Pokemon,แบล็ก & ไวท์,SV11s,เซครอม ex,Zekrom ex,338/172,SAR,https://asia.pokemon-card.com/th/card-img/th00011823.png
Pokemon,แบล็ก & ไวท์,SV11s,บูรุนเจล ex,Jellicent ex,339/172,SAR,https://asia.pokemon-card.com/th/card-img/th00011824.png
Pokemon,แบล็ก & ไวท์,SV11s,เมโลเอตตา ex,Meloetta ex,340/172,SAR,https://asia.pokemon-card.com/th/card-img/th00011825.png
Pokemon,แบล็ก & ไวท์,SV11s,โดริวซึ ex,Excadrill ex,341/172,SAR,https://asia.pokemon-card.com/th/card-img/th00011826.png
Pokemon,แบล็ก & ไวท์,SV11s,ซาซันดรา ex,Hydreigon ex,342/172,SAR,https://asia.pokemon-card.com/th/card-img/th00011827.png
Pokemon,แบล็ก & ไวท์,SV11s,เกโนเซ็กท์ ex,Genesect ex,343/172,SAR,https://asia.pokemon-card.com/th/card-img/th00011828.png
Pokemon,แบล็ก & ไวท์,SV11s,บัฟฟรอน ex,Bouffalant ex,344/172,SAR,https://asia.pokemon-card.com/th/card-img/th00011829.png
Pokemon,แบล็ก & ไวท์,SV11s,การวางพล็อตของ N,N's Plan,345/172,SAR,https://asia.pokemon-card.com/th/card-img/th00011830.png
Pokemon,แบล็ก & ไวท์,SV11s,โทโกะ,Hilda,346/172,SAR,https://asia.pokemon-card.com/th/card-img/th00011831.png
Pokemon,แบล็ก & ไวท์,SV11s,เรชิรัม ex,Reshiram ex,347/172,BWR,https://asia.pokemon-card.com/th/card-img/th00011832.png
Pokemon,แบล็ก & ไวท์,SV11s,เซครอม ex,Zekrom ex,348/172,BWR,https://asia.pokemon-card.com/th/card-img/th00011833.png
Pokemon,การผงาดของผู้ไร้พ่าย,SV10s,ไคลอส ของฮิบิกิ,Ethan's Pinsir,001/138,C,https://asia.pokemon-card.com/th/card-img/th00011297.png
Pokemon,การผงาดของผู้ไร้พ่าย,SV10s,คุนุกิดามะ,Pineco,002/138,C,https://asia.pokemon-card.com/th/card-img/th00011298.png
Pokemon,การผงาดของผู้ไร้พ่าย,SV10s,คิโนโคโค,Shroomish,003/138,C,https://asia.pokemon-card.com/th/card-img/th00011299.png
Pokemon,การผงาดของผู้ไร้พ่าย,SV10s,คิโนกัซซา,Breloom,004/138,C,https://asia.pokemon-card.com/th/card-img/th00011300.png
Pokemon,การผงาดของผู้ไร้พ่าย,SV10s,โรเซเลีย ของชิโรนะ,Cynthia's Roselia,005/138,C,https://asia.pokemon-card.com/th/card-img/th00011301.png
Pokemon,การผงาดของผู้ไร้พ่าย,SV10s,โรสเรด ของชิโรนะ,Cynthia's Roserade,006/138,R,https://asia.pokemon-card.com/th/card-img/th00011302.png
Pokemon,การผงาดของผู้ไร้พ่าย,SV10s,คัตโรตอม,Mow Rotom,007/138,C,https://asia.pokemon-card.com/th/card-img/th00011303.png
Pokemon,การผงาดของผู้ไร้พ่าย,SV10s,คาริคิริ,Fomantis,008/138,C,https://asia.pokemon-card.com/th/card-img/th00011304.png
Pokemon,การผงาดของผู้ไร้พ่าย,SV10s,รารันเทส,Lurantis,009/138,U,https://asia.pokemon-card.com/th/card-img/th00011305.png
Pokemon,การผงาดของผู้ไร้พ่าย,SV10s,ซัจจิมุชิ ของแก๊งร็อกเกต,Team Rocket's Blipbug,010/138,C,https://asia.pokemon-card.com/th/card-img/th00011306.png
Pokemon,การผงาดของผู้ไร้พ่าย,SV10s,ทามันทูล่า ของแก๊งร็อกเกต,Team Rocket's Tarountula,011/138,C,https://asia.pokemon-card.com/th/card-img/th00011307.png
Pokemon,การผงาดของผู้ไร้พ่าย,SV10s,วาไนเดอร์ ของแก๊งร็อกเกต,Team Rocket's Spidops,012/138,R,https://asia.pokemon-card.com/th/card-img/th00011308.png
Pokemon,การผงาดของผู้ไร้พ่าย,SV10s,มินีฟ,Smoliv,013/138,C,https://asia.pokemon-card.com/th/card-img/th00011309.png
Pokemon,การผงาดของผู้ไร้พ่าย,SV10s,โอลีเนียว,Dolliv,014/138,C,https://asia.pokemon-card.com/th/card-img/th00011310.png
Pokemon,การผงาดของผู้ไร้พ่าย,SV10s,โอลีวา ex,Arboliva ex,015/138,RR,https://asia.pokemon-card.com/th/card-img/th00011311.png
Pokemon,การผงาดของผู้ไร้พ่าย,SV10s,การ์ดี,Growlithe,016/138,C,https://asia.pokemon-card.com/th/card-img/th00011312.png
Pokemon,การผงาดของผู้ไร้พ่าย,SV10s,วินดี,Arcanine,017/138,U,https://asia.pokemon-card.com/th/card-img/th00011313.png
Pokemon,การผงาดของผู้ไร้พ่าย,SV10s,ไฟเยอร์ ex ของแก๊งร็อกเกต,Team Rocket's Moltres ex,018/138,RR,https://asia.pokemon-card.com/th/card-img/th00011314.png
Pokemon,การผงาดของผู้ไร้พ่าย,SV10s,ฮิโนอาราชิ ของฮิบิกิ,Ethan's Cyndaquil,019/138,C,https://asia.pokemon-card.com/th/card-img/th00011315.png
Pokemon,การผงาดของผู้ไร้พ่าย,SV10s,แม็กมาราชิ ของฮิบิกิ,Ethan's Quilava,020/138,C,https://asia.pokemon-card.com/th/card-img/th00011316.png
Pokemon,การผงาดของผู้ไร้พ่าย,SV10s,บาคุฟูน ของฮิบิกิ,Ethan's Typhlosion,021/138,R,https://asia.pokemon-card.com/th/card-img/th00011317.png
Pokemon,การผงาดของผู้ไร้พ่าย,SV10s,มักแม็ก ของฮิบิกิ,Ethan's Slugma,022/138,C,https://asia.pokemon-card.com/th/card-img/th00011318.png
Pokemon,การผงาดของผู้ไร้พ่าย,SV10s,มักคาร์โก ของฮิบิกิ,Ethan's Magcargo,023/138,R,https://asia.pokemon-card.com/th/card-img/th00011319.png
Pokemon,การผงาดของผู้ไร้พ่าย,SV10s,เดลวิล ของแก๊งร็อกเกต,Team Rocket's Houndour,024/138,C,https://asia.pokemon-card.com/th/card-img/th00011320.png
Pokemon,การผงาดของผู้ไร้พ่าย,SV10s,เฮลการ์ ของแก๊งร็อกเกต,Team Rocket's Houndoom,025/138,U,https://asia.pokemon-card.com/th/card-img/th00011321.png
Pokemon,การผงาดของผู้ไร้พ่าย,SV10s,โฮโอ ex ของฮิบิกิ,Ethan's Ho-Oh ex,026/138,RR,https://asia.pokemon-card.com/th/card-img/th00011322.png
Pokemon,การผงาดของผู้ไร้พ่าย,SV10s,อาชาโม,Torchic,027/138,C,https://asia.pokemon-card.com/th/card-img/th00011323.png
Pokemon,การผงาดของผู้ไร้พ่าย,SV10s,วาคาชาโม,Combusken,028/138,C,https://asia.pokemon-card.com/th/card-img/th00011324.png
Pokemon,การผงาดของผู้ไร้พ่าย,SV10s,บาชาโม,Blaziken,029/138,R,https://asia.pokemon-card.com/th/card-img/th00011325.png
Pokemon,การผงาดของผู้ไร้พ่าย,SV10s,ฮีทโรตอม,Heat Rotom,030/138,C,https://asia.pokemon-card.com/th/card-img/th00011326.png
Pokemon,การผงาดของผู้ไร้พ่าย,SV10s,โคดัก ของคาซุมิ,Misty's Psyduck,031/138,U,https://asia.pokemon-card.com/th/card-img/th00011327.png
Pokemon,การผงาดของผู้ไร้พ่าย,SV10s,ฮิโตเดมัน ของคาซุมิ,Misty's Staryu,032/138,C,https://asia.pokemon-card.com/th/card-img/th00011328.png
Pokemon,การผงาดของผู้ไร้พ่าย,SV10s,สตาร์มี ของคาซุมิ,Misty's Starmie,033/138,U,https://asia.pokemon-card.com/th/card-img/th00011329.png
Pokemon,การผงาดของผู้ไร้พ่าย,SV10s,คอยคิง ของคาซุมิ,Misty's Magikarp,034/138,C,https://asia.pokemon-card.com/th/card-img/th00011330.png
Pokemon,การผงาดของผู้ไร้พ่าย,SV10s,เกียราดอส ของคาซุมิ,Misty's Gyarados,035/138,R,https://asia.pokemon-card.com/th/card-img/th00011331.png
Pokemon,การผงาดของผู้ไร้พ่าย,SV10s,ลาพลาซ ของคาซุมิ,Misty's Lapras,036/138,C,https://asia.pokemon-card.com/th/card-img/th00011332.png
Pokemon,การผงาดของผู้ไร้พ่าย,SV10s,ฟรีเซอร์ ของแก๊งร็อกเกต,Team Rocket's Articuno,037/138,R,https://asia.pokemon-card.com/th/card-img/th00011333.png
Pokemon,การผงาดของผู้ไร้พ่าย,SV10s,ฮินบาส ของชิโรนะ,Cynthia's Feebas,038/138,C,https://asia.pokemon-card.com/th/card-img/th00011334.png
Pokemon,การผงาดของผู้ไร้พ่าย,SV10s,มิโลคารอส ของชิโรนะ,Cynthia's Milotic,039/138,U,https://asia.pokemon-card.com/th/card-img/th00011335.png
Pokemon,การผงาดของผู้ไร้พ่าย,SV10s,ปาลูลุ,Clamperl,040/138,C,https://asia.pokemon-card.com/th/card-img/th00011336.png
Pokemon,การผงาดของผู้ไร้พ่าย,SV10s,ฮันเทล,Huntail,041/138,U,https://asia.pokemon-card.com/th/card-img/th00011337.png
Pokemon,การผงาดของผู้ไร้พ่าย,SV10s,ซาคุราบิส,Gorebyss,042/138,R,https://asia.pokemon-card.com/th/card-img/th00011338.png
Pokemon,การผงาดของผู้ไร้พ่าย,SV10s,บุยเซล,Buizel,043/138,C,https://asia.pokemon-card.com/th/card-img/th00011339.png
Pokemon,การผงาดของผู้ไร้พ่าย,SV10s,โฟลเซล,Floatzel,044/138,U,https://asia.pokemon-card.com/th/card-img/th00011340.png
Pokemon,การผงาดของผู้ไร้พ่าย,SV10s,ยูกิคาบูริ,Snover,045/138,C,https://asia.pokemon-card.com/th/card-img/th00011341.png
Pokemon,การผงาดของผู้ไร้พ่าย,SV10s,ยูกิโนะโอ,Abomasnow,046/138,U,https://asia.pokemon-card.com/th/card-img/th00011342.png
Pokemon,การผงาดของผู้ไร้พ่าย,SV10s,วอชโรตอม,Wash Rotom,047/138,C,https://asia.pokemon-card.com/th/card-img/th00011343.png
Pokemon,การผงาดของผู้ไร้พ่าย,SV10s,ซาชิคามาสึ,Arrokuda,048/138,C,https://asia.pokemon-card.com/th/card-img/th00011344.png
Pokemon,การผงาดของผู้ไร้พ่าย,SV10s,คามาสึโจ,Barraskewda,049/138,U,https://asia.pokemon-card.com/th/card-img/th00011345.png
Pokemon,การผงาดของผู้ไร้พ่าย,SV10s,อารุคุจิระ,Cetoddle,050/138,C,https://asia.pokemon-card.com/th/card-img/th00011346.png
Pokemon,การผงาดของผู้ไร้พ่าย,SV10s,ฮัลค์จิระ ex,Cetitan ex,051/138,RR,https://asia.pokemon-card.com/th/card-img/th00011347.png
Pokemon,การผงาดของผู้ไร้พ่าย,SV10s,เอเลบู,Electabuzz,052/138,C,https://asia.pokemon-card.com/th/card-img/th00011348.png
Pokemon,การผงาดของผู้ไร้พ่าย,SV10s,เอเลคิเบิล ex,Electivire ex,053/138,RR,https://asia.pokemon-card.com/th/card-img/th00011349.png
Pokemon,การผงาดของผู้ไร้พ่าย,SV10s,ธันเดอร์ ของแก๊งร็อกเกต,Team Rocket's Zapdos,054/138,R,https://asia.pokemon-card.com/th/card-img/th00011350.png
Pokemon,การผงาดของผู้ไร้พ่าย,SV10s,พิชู ของฮิบิกิ,Ethan's Pichu,055/138,C,https://asia.pokemon-card.com/th/card-img/th00011351.png
Pokemon,การผงาดของผู้ไร้พ่าย,SV10s,เมรีป ของแก๊งร็อกเกต,Team Rocket's Mareep,056/138,C,https://asia.pokemon-card.com/th/card-img/th00011352.png
Pokemon,การผงาดของผู้ไร้พ่าย,SV10s,โมโคโค ของแก๊งร็อกเกต,Team Rocket's Flaaffy,057/138,C,https://asia.pokemon-card.com/th/card-img/th00011353.png
Pokemon,การผงาดของผู้ไร้พ่าย,SV10s,เด็นริว ของแก๊งร็อกเกต,Team Rocket's Ampharos,058/138,U,https://asia.pokemon-card.com/th/card-img/th00011354.png
Pokemon,การผงาดของผู้ไร้พ่าย,SV10s,โรตอม,Rotom,059/138,C,https://asia.pokemon-card.com/th/card-img/th00011355.png
Pokemon,การผงาดของผู้ไร้พ่าย,SV10s,เซราโอรา,Zeraora,060/138,R,https://asia.pokemon-card.com/th/card-img/th00011356.png
Pokemon,การผงาดของผู้ไร้พ่าย,SV10s,สลีป ของแก๊งร็อกเกต,Team Rocket's Drowzee,061/138,C,https://asia.pokemon-card.com/th/card-img/th00011357.png
Pokemon,การผงาดของผู้ไร้พ่าย,SV10s,สลีปเปอร์ ของแก๊งร็อกเกต,Team Rocket's Hypno,062/138,U,https://asia.pokemon-card.com/th/card-img/th00011358.png
Pokemon,การผงาดของผู้ไร้พ่าย,SV10s,มิวทู ex ของแก๊งร็อกเกต,Team Rocket's Mewtwo ex,063/138,RR,https://asia.pokemon-card.com/th/card-img/th00011359.png
Pokemon,การผงาดของผู้ไร้พ่าย,SV10s,โซนานส์ ของแก๊งร็อกเกต,Team Rocket's Wobbuffet,064/138,R,https://asia.pokemon-card.com/th/card-img/th00011360.png
Pokemon,การผงาดของผู้ไร้พ่าย,SV10s,ลีชาน ของแก๊งร็อกเกต,Team Rocket's Chingling,065/138,C,https://asia.pokemon-card.com/th/card-img/th00011361.png
Pokemon,การผงาดของผู้ไร้พ่าย,SV10s,มิมิคคิว ของแก๊งร็อกเกต,Team Rocket's Mimikyu,066/138,U,https://asia.pokemon-card.com/th/card-img/th00011362.png
Pokemon,การผงาดของผู้ไร้พ่าย,SV10s,เรโดมุชิ ของแก๊งร็อกเกต,Team Rocket's Dottler,067/138,C,https://asia.pokemon-card.com/th/card-img/th00011363.png
Pokemon,การผงาดของผู้ไร้พ่าย,SV10s,อิออร์บ ของแก๊งร็อกเกต,Team Rocket's Orbeetle,068/138,U,https://asia.pokemon-card.com/th/card-img/th00011364.png
Pokemon,การผงาดของผู้ไร้พ่าย,SV10s,แมนคี,Mankey,069/138,C,https://asia.pokemon-card.com/th/card-img/th00011365.png
Pokemon,การผงาดของผู้ไร้พ่าย,SV10s,โอโคริซารุ,Primeape,070/138,C,https://asia.pokemon-card.com/th/card-img/th00011366.png
Pokemon,การผงาดของผู้ไร้พ่าย,SV10s,โคโนะโยซารุ,Annihilape,071/138,R,https://asia.pokemon-card.com/th/card-img/th00011367.png
Pokemon,การผงาดของผู้ไร้พ่าย,SV10s,อุซกกี ของฮิบิกิ,Ethan's Sudowoodo,072/138,C,https://asia.pokemon-card.com/th/card-img/th00011368.png
Pokemon,การผงาดของผู้ไร้พ่าย,SV10s,โยกิราส ของแก๊งร็อกเกต,Team Rocket's Larvitar,073/138,C,https://asia.pokemon-card.com/th/card-img/th00011369.png
Pokemon,การผงาดของผู้ไร้พ่าย,SV10s,ซานากิราส ของแก๊งร็อกเกต,Team Rocket's Pupitar,074/138,U,https://asia.pokemon-card.com/th/card-img/th00011370.png
Pokemon,การผงาดของผู้ไร้พ่าย,SV10s,บันกิราส ของแก๊งร็อกเกต,Team Rocket's Tyranitar,075/138,R,https://asia.pokemon-card.com/th/card-img/th00011371.png
Pokemon,การผงาดของผู้ไร้พ่าย,SV10s,โนซพาส,Nosepass,076/138,C,https://asia.pokemon-card.com/th/card-img/th00011372.png
Pokemon,การผงาดของผู้ไร้พ่าย,SV10s,ไดโนซ,Probopass,077/138,U,https://asia.pokemon-card.com/th/card-img/th00011373.png
Pokemon,การผงาดของผู้ไร้พ่าย,SV10s,อาซานัน,Meditite,078/138,C,https://asia.pokemon-card.com/th/card-img/th00011374.png
Pokemon,การผงาดของผู้ไร้พ่าย,SV10s,ชาเรม,Medicham,079/138,U,https://asia.pokemon-card.com/th/card-img/th00011375.png
Pokemon,การผงาดของผู้ไร้พ่าย,SV10s,เรจิร็อก ex,Regirock ex,080/138,RR,https://asia.pokemon-card.com/th/card-img/th00011376.png
Pokemon,การผงาดของผู้ไร้พ่าย,SV10s,ฟุคามารุ ของชิโรนะ,Cynthia's Gible,081/138,C,https://asia.pokemon-card.com/th/card-img/th00011377.png
Pokemon,การผงาดของผู้ไร้พ่าย,SV10s,กาไบต์ ของชิโรนะ,Cynthia's Gabite,082/138,C,https://asia.pokemon-card.com/th/card-img/th00011378.png
Pokemon,การผงาดของผู้ไร้พ่าย,SV10s,กาเบรียส ex ของชิโรนะ,Cynthia's Garchomp ex,083/138,RR,https://asia.pokemon-card.com/th/card-img/th00011379.png
Pokemon,การผงาดของผู้ไร้พ่าย,SV10s,โนโนะคุราเกะ ของเปปเปอร์,Arven's Toedscool,084/138,C,https://asia.pokemon-card.com/th/card-img/th00011380.png
Pokemon,การผงาดของผู้ไร้พ่าย,SV10s,ริคุคุราเกะ ของเปปเปอร์,Arven's Toedscruel,085/138,U,https://asia.pokemon-card.com/th/card-img/th00011381.png
Pokemon,การผงาดของผู้ไร้พ่าย,SV10s,อาร์โบ ของแก๊งร็อกเกต,Team Rocket's Ekans,086/138,C,https://asia.pokemon-card.com/th/card-img/th00011382.png
Pokemon,การผงาดของผู้ไร้พ่าย,SV10s,อาร์บ็อก ของแก๊งร็อกเกต,Team Rocket's Arbok,087/138,U,https://asia.pokemon-card.com/th/card-img/th00011383.png
Pokemon,การผงาดของผู้ไร้พ่าย,SV10s,นิโดรัน♀ ของแก๊งร็อกเกต,Team Rocket's Nidoranâ™€,088/138,C,https://asia.pokemon-card.com/th/card-img/th00011384.png
Pokemon,การผงาดของผู้ไร้พ่าย,SV10s,นิโดรินา ของแก๊งร็อกเกต,Team Rocket's Nidorina,089/138,C,https://asia.pokemon-card.com/th/card-img/th00011385.png
Pokemon,การผงาดของผู้ไร้พ่าย,SV10s,นิโดควีน ของแก๊งร็อกเกต,Team Rocket's Nidoqueen,090/138,U,https://asia.pokemon-card.com/th/card-img/th00011386.png
Pokemon,การผงาดของผู้ไร้พ่าย,SV10s,นิโดรัน♂ ของแก๊งร็อกเกต,Team Rocket's Nidoranâ™‚,091/138,C,https://asia.pokemon-card.com/th/card-img/th00011387.png
Pokemon,การผงาดของผู้ไร้พ่าย,SV10s,นิโดริโน ของแก๊งร็อกเกต,Team Rocket's Nidorino,092/138,C,https://asia.pokemon-card.com/th/card-img/th00011388.png
Pokemon,การผงาดของผู้ไร้พ่าย,SV10s,นิโดคิง ex ของแก๊งร็อกเกต,Team Rocket's Nidoking ex,093/138,RR,https://asia.pokemon-card.com/th/card-img/th00011389.png
Pokemon,การผงาดของผู้ไร้พ่าย,SV10s,ซูแบท ของแก๊งร็อกเกต,Team Rocket's Zubat,094/138,C,https://asia.pokemon-card.com/th/card-img/th00011390.png
Pokemon,การผงาดของผู้ไร้พ่าย,SV10s,โกลแบท ของแก๊งร็อกเกต,Team Rocket's Golbat,095/138,U,https://asia.pokemon-card.com/th/card-img/th00011391.png
Pokemon,การผงาดของผู้ไร้พ่าย,SV10s,โครแบท ex ของแก๊งร็อกเกต,Team Rocket's Crobat ex,096/138,RR,https://asia.pokemon-card.com/th/card-img/th00011392.png
Pokemon,การผงาดของผู้ไร้พ่าย,SV10s,เบโตเบตา ของแก๊งร็อกเกต,Team Rocket's Grimer,097/138,C,https://asia.pokemon-card.com/th/card-img/th00011393.png
Pokemon,การผงาดของผู้ไร้พ่าย,SV10s,เบโตเบตัน ของแก๊งร็อกเกต,Team Rocket's Muk,098/138,U,https://asia.pokemon-card.com/th/card-img/th00011394.png
Pokemon,การผงาดของผู้ไร้พ่าย,SV10s,โดกาซ ของแก๊งร็อกเกต,Team Rocket's Koffing,099/138,C,https://asia.pokemon-card.com/th/card-img/th00011395.png
Pokemon,การผงาดของผู้ไร้พ่าย,SV10s,มาตาโดกัซ ของแก๊งร็อกเก,Team Rocket's Weezing,100/138,U,https://asia.pokemon-card.com/th/card-img/th00011396.png
Pokemon,การผงาดของผู้ไร้พ่าย,SV10s,ยามิคาราซึ ของแก๊งร็อกเกต,Team Rocket's Murkrow,101/138,U,https://asia.pokemon-card.com/th/card-img/th00011397.png
Pokemon,การผงาดของผู้ไร้พ่าย,SV10s,นิวลา ของแก๊งร็อกเกต,Team Rocket's Sneasel,102/138,R,https://asia.pokemon-card.com/th/card-img/th00011398.png
Pokemon,การผงาดของผู้ไร้พ่าย,SV10s,มิคารูเกะ ของชิโรนะ,Cynthia's Spiritomb,103/138,U,https://asia.pokemon-card.com/th/card-img/th00011399.png
Pokemon,การผงาดของผู้ไร้พ่าย,SV10s,โอราทิฟ ของเปปเปอร์,Arven's Maschiff,104/138,C,https://asia.pokemon-card.com/th/card-img/th00011400.png
Pokemon,การผงาดของผู้ไร้พ่าย,SV10s,มาฟีทิฟ ex ของเปปเปอร์,Arven's Mabosstiff ex,105/138,RR,https://asia.pokemon-card.com/th/card-img/th00011401.png
Pokemon,การผงาดของผู้ไร้พ่าย,SV10s,ฟอเรทอส,Forretress,106/138,U,https://asia.pokemon-card.com/th/card-img/th00011402.png
Pokemon,การผงาดของผู้ไร้พ่าย,SV10s,แอร์มุโด,Skarmory,107/138,C,https://asia.pokemon-card.com/th/card-img/th00011403.png
Pokemon,การผงาดของผู้ไร้พ่าย,SV10s,ซามาเซนตา,Zamazenta,108/138,R,https://asia.pokemon-card.com/th/card-img/th00011404.png
Pokemon,การผงาดของผู้ไร้พ่าย,SV10s,โครัตตา ของแก๊งร็อกเกต,Team Rocket's Rattata,109/138,C,https://asia.pokemon-card.com/th/card-img/th00011405.png
Pokemon,การผงาดของผู้ไร้พ่าย,SV10s,รัตตา ของแก๊งร็อกเกต,Team Rocket's Raticate,110/138,C,https://asia.pokemon-card.com/th/card-img/th00011406.png
Pokemon,การผงาดของผู้ไร้พ่าย,SV10s,เนียส ของแก๊งร็อกเกต,Team Rocket's Meowth,111/138,C,https://asia.pokemon-card.com/th/card-img/th00011407.png
Pokemon,การผงาดของผู้ไร้พ่าย,SV10s,เปอร์เซียน ex ของแก๊งร็อกเกต,Team Rocket's Persian ex,112/138,RR,https://asia.pokemon-card.com/th/card-img/th00011408.png
Pokemon,การผงาดของผู้ไร้พ่าย,SV10s,การูรา,Kangaskhan,113/138,C,https://asia.pokemon-card.com/th/card-img/th00011409.png
Pokemon,การผงาดของผู้ไร้พ่าย,SV10s,เคนเทารอส,Tauros,114/138,C,https://asia.pokemon-card.com/th/card-img/th00011410.png
Pokemon,การผงาดของผู้ไร้พ่าย,SV10s,โพรีกอน ของแก๊งร็อกเกต,Team Rocket's Porygon,115/138,C,https://asia.pokemon-card.com/th/card-img/th00011411.png
Pokemon,การผงาดของผู้ไร้พ่าย,SV10s,โพรีกอน2 ของแก๊งร็อกเกต,Team Rocket's Porygon2,116/138,C,https://asia.pokemon-card.com/th/card-img/th00011412.png
Pokemon,การผงาดของผู้ไร้พ่าย,SV10s,โพรีกอน-แซด ของแก๊งร็อกเกต,Team Rocket's Porygon-Z,117/138,U,https://asia.pokemon-card.com/th/card-img/th00011413.png
Pokemon,การผงาดของผู้ไร้พ่าย,SV10s,สึบาเมะ,Taillow,118/138,C,https://asia.pokemon-card.com/th/card-img/th00011414.png
Pokemon,การผงาดของผู้ไร้พ่าย,SV10s,โอโอสึบาเมะ,Swellow,119/138,C,https://asia.pokemon-card.com/th/card-img/th00011415.png
Pokemon,การผงาดของผู้ไร้พ่าย,SV10s,โฮชิกะริสึ ของเปปเปอร์,Arven's Skwovet,120/138,C,https://asia.pokemon-card.com/th/card-img/th00011416.png
Pokemon,การผงาดของผู้ไร้พ่าย,SV10s,โยคุบะริสึ ของเปปเปอร์,Arven's Greedent,121/138,R,https://asia.pokemon-card.com/th/card-img/th00011417.png
Pokemon,การผงาดของผู้ไร้พ่าย,SV10s,อิคิริงโกะ,Squawkabilly,122/138,C,https://asia.pokemon-card.com/th/card-img/th00011418.png
Pokemon,การผงาดของผู้ไร้พ่าย,SV10s,ขี้เถ้าศักดิ์สิทธิ์,Sacred Ash,123/138,U,https://asia.pokemon-card.com/th/card-img/th00011419.png
Pokemon,การผงาดของผู้ไร้พ่าย,SV10s,แซนด์วิชของเปปเปอร์,Arven's Sandwich,124/138,U,https://asia.pokemon-card.com/th/card-img/th00011420.png
Pokemon,การผงาดของผู้ไร้พ่าย,SV10s,บอเธอร์-บ็อต ของแก๊งร็อกเกต,Team Rocket's Bother-Bot,125/138,U,https://asia.pokemon-card.com/th/card-img/th00011421.png
Pokemon,การผงาดของผู้ไร้พ่าย,SV10s,ซูเปอร์บอลของแก๊งร็อกเกต>,Team Rocket's Great Ball,126/138,U,https://asia.pokemon-card.com/th/card-img/th00011422.png
Pokemon,การผงาดของผู้ไร้พ่าย,SV10s,เวนเจอร์บอมบ์ของแก๊งร็อกเกต,Team Rocket's Venture Bomb,127/138,U,https://asia.pokemon-card.com/th/card-img/th00011423.png
Pokemon,การผงาดของผู้ไร้พ่าย,SV10s,ทรานซีฟเวอร์ของแก๊งร็อกเกต,Team Rocket's Transceiver,128/138,U,https://asia.pokemon-card.com/th/card-img/th00011424.png
Pokemon,การผงาดของผู้ไร้พ่าย,SV10s,พาวเวอร์เวท ของชิโรนะ,Cynthia's Power Weight,129/138,U,https://asia.pokemon-card.com/th/card-img/th00011425.png
Pokemon,การผงาดของผู้ไร้พ่าย,SV10s,การผจญภัยของฮิบิกิ,Ethan's Adventure,130/138,U,https://asia.pokemon-card.com/th/card-img/th00011426.png
Pokemon,การผงาดของผู้ไร้พ่าย,SV10s,อาเธนาแห่งแก๊งร็อกเกต,Team Rocket's Ariana,131/138,U,https://asia.pokemon-card.com/th/card-img/th00011427.png
Pokemon,การผงาดของผู้ไร้พ่าย,SV10s,อะพอลโลแห่งแก๊งร็อกเกต,Team Rocket's Archer,132/138,U,https://asia.pokemon-card.com/th/card-img/th00011428.png
Pokemon,การผงาดของผู้ไร้พ่าย,SV10s,ซาคากิแห่งแก๊งร็อกเกต,Team Rocket's Giovanni,133/138,U,https://asia.pokemon-card.com/th/card-img/th00011429.png
Pokemon,การผงาดของผู้ไร้พ่าย,SV10s,แลมด้าแห่งแก๊งร็อกเกต,Team Rocket's Petrel,134/138,U,https://asia.pokemon-card.com/th/card-img/th00011430.png
Pokemon,การผงาดของผู้ไร้พ่าย,SV10s,แลนซ์แห่งแก๊งร็อกเกต,Team Rocket's Proton,135/138,U,https://asia.pokemon-card.com/th/card-img/th00011431.png
Pokemon,การผงาดของผู้ไร้พ่าย,SV10s,หอเฝ้าระวังของแก๊งร็อกเกต,Team Rocket's Watchtower,136/138,U,https://asia.pokemon-card.com/th/card-img/th00011432.png
Pokemon,การผงาดของผู้ไร้พ่าย,SV10s,โรงงานของแก๊งร็อกเกต,Team Rocket's Factory,137/138,U,https://asia.pokemon-card.com/th/card-img/th00011433.png
Pokemon,การผงาดของผู้ไร้พ่าย,SV10s,พลังงานแก๊งร็อกเกต,Team Rocket's Energy,138/138,U,https://asia.pokemon-card.com/th/card-img/th00011434.png
Pokemon,การผงาดของผู้ไร้พ่าย,SV10s,โรสเรด ของชิโรนะ,Cynthia's Roserade,139/138,AR,https://asia.pokemon-card.com/th/card-img/th00011607.png
Pokemon,การผงาดของผู้ไร้พ่าย,SV10s,วาไนเดอร์ ของแก๊งร็อกเกต,Team Rocket's Spidops,140/138,AR,https://asia.pokemon-card.com/th/card-img/th00011608.png
Pokemon,การผงาดของผู้ไร้พ่าย,SV10s,บาคุฟูน ของฮิบิกิ,Ethan's Typhlosion,141/138,AR,https://asia.pokemon-card.com/th/card-img/th00011609.png
Pokemon,การผงาดของผู้ไร้พ่าย,SV10s,เฮลการ์ ของแก๊งร็อกเกต,Team Rocket's Houndoom,142/138,AR,https://asia.pokemon-card.com/th/card-img/th00011610.png
Pokemon,การผงาดของผู้ไร้พ่าย,SV10s,บาชาโม,Blaziken,143/138,AR,https://asia.pokemon-card.com/th/card-img/th00011611.png
Pokemon,การผงาดของผู้ไร้พ่าย,SV10s,โคดัก ของคาซุมิ,Misty's Psyduck,144/138,AR,https://asia.pokemon-card.com/th/card-img/th00011612.png
Pokemon,การผงาดของผู้ไร้พ่าย,SV10s,ลาพลาซ ของคาซุมิ,Misty's Lapras,145/138,AR,https://asia.pokemon-card.com/th/card-img/th00011613.png
Pokemon,การผงาดของผู้ไร้พ่าย,SV10s,ปาลูลุ,Clamperl,146/138,AR,https://asia.pokemon-card.com/th/card-img/th00011614.png
Pokemon,การผงาดของผู้ไร้พ่าย,SV10s,โรตอม,Rotom,147/138,AR,https://asia.pokemon-card.com/th/card-img/th00011615.png
Pokemon,การผงาดของผู้ไร้พ่าย,SV10s,โซนานส์ ของแก๊งร็อกเกต,Team Rocket's Wobbuffet,148/138,AR,https://asia.pokemon-card.com/th/card-img/th00011616.png
Pokemon,การผงาดของผู้ไร้พ่าย,SV10s,อิออร์บ ของแก๊งร็อกเกต,Team Rocket's Orbeetle,149/138,AR,https://asia.pokemon-card.com/th/card-img/th00011617.png
Pokemon,การผงาดของผู้ไร้พ่าย,SV10s,มาตาโดกัซ ของแก๊งร็อกเกต,Team Rocket's Weezing,150/138,AR,https://asia.pokemon-card.com/th/card-img/th00011618.png
Pokemon,การผงาดของผู้ไร้พ่าย,SV10s,ยามิคาราซึ ของแก๊งร็อกเกต,Team Rocket's Murkrow,151/138,AR,https://asia.pokemon-card.com/th/card-img/th00011619.png
Pokemon,การผงาดของผู้ไร้พ่าย,SV10s,ซามาเซนตา,Zamazenta,152/138,AR,https://asia.pokemon-card.com/th/card-img/th00011620.png
Pokemon,การผงาดของผู้ไร้พ่าย,SV10s,รัตตา ของแก๊งร็อกเกต,Team Rocket's Raticate,153/138,AR,https://asia.pokemon-card.com/th/card-img/th00011621.png
Pokemon,การผงาดของผู้ไร้พ่าย,SV10s,เนียส ของแก๊งร็อกเกต,Team Rocket's Meowth,154/138,AR,https://asia.pokemon-card.com/th/card-img/th00011622.png
Pokemon,การผงาดของผู้ไร้พ่าย,SV10s,การูรา,Kangaskhan,155/138,AR,https://asia.pokemon-card.com/th/card-img/th00011623.png
Pokemon,การผงาดของผู้ไร้พ่าย,SV10s,โยคุบะริสึ ของเปปเปอร์,Arven's Greedent,156/138,AR,https://asia.pokemon-card.com/th/card-img/th00011624.png
Pokemon,การผงาดของผู้ไร้พ่าย,SV10s,โอลีวา ex,Arboliva ex,157/138,SR,https://asia.pokemon-card.com/th/card-img/th00011625.png
Pokemon,การผงาดของผู้ไร้พ่าย,SV10s,ไฟเยอร์ ex ของแก๊งร็อกเกต,Team Rocket's Moltres ex,158/138,SR,https://asia.pokemon-card.com/th/card-img/th00011626.png
Pokemon,การผงาดของผู้ไร้พ่าย,SV10s,โฮโอ ex ของฮิบิกิ,Ethan's Ho-Oh ex,159/138,SR,https://asia.pokemon-card.com/th/card-img/th00011627.png
Pokemon,การผงาดของผู้ไร้พ่าย,SV10s,ฮัลค์จิระ ex,Cetitan ex,160/138,SR,https://asia.pokemon-card.com/th/card-img/th00011628.png
Pokemon,การผงาดของผู้ไร้พ่าย,SV10s,เอเลคิเบิล ex,Electivire ex,161/138,SR,https://asia.pokemon-card.com/th/card-img/th00011629.png
Pokemon,การผงาดของผู้ไร้พ่าย,SV10s,มิวทู ex ของแก๊งร็อกเกต,Team Rocket's Mewtwo ex,162/138,SR,https://asia.pokemon-card.com/th/card-img/th00011630.png
Pokemon,การผงาดของผู้ไร้พ่าย,SV10s,เรจิร็อก ex,Regirock ex,163/138,SR,https://asia.pokemon-card.com/th/card-img/th00011631.png
Pokemon,การผงาดของผู้ไร้พ่าย,SV10s,กาเบรียส ex ของชิโรนะ,Cynthia's Garchomp ex,164/138,SR,https://asia.pokemon-card.com/th/card-img/th00011632.png
Pokemon,การผงาดของผู้ไร้พ่าย,SV10s,นิโดคิง ex ของแก๊งร็อกเกต,Team Rocket's Nidoking ex,165/138,SR,https://asia.pokemon-card.com/th/card-img/th00011633.png
Pokemon,การผงาดของผู้ไร้พ่าย,SV10s,โครแบท ex ของแก๊งร็อกเกต,Team Rocket's Crobat ex,166/138,SR,https://asia.pokemon-card.com/th/card-img/th00011634.png
Pokemon,การผงาดของผู้ไร้พ่าย,SV10s,มาฟีทิฟ ex ของเปปเปอร์,Arven's Mabosstiff ex,167/138,SR,https://asia.pokemon-card.com/th/card-img/th00011635.png
Pokemon,การผงาดของผู้ไร้พ่าย,SV10s,เปอร์เซียน ex ของแก๊งร็อกเกต,Team Rocket's Persian ex,168/138,SR,https://asia.pokemon-card.com/th/card-img/th00011636.png
Pokemon,การผงาดของผู้ไร้พ่าย,SV10s,การผจญภัยของฮิบิกิ,Ethan's Adventure,169/138,SR,https://asia.pokemon-card.com/th/card-img/th00011637.png
Pokemon,การผงาดของผู้ไร้พ่าย,SV10s,อาเธนาแห่งแก๊งร็อกเกต,Team Rocket's Ariana,170/138,SR,https://asia.pokemon-card.com/th/card-img/th00011638.png
Pokemon,การผงาดของผู้ไร้พ่าย,SV10s,อะพอลโลแห่งแก๊งร็อกเกต,Team Rocket's Archer,171/138,SR,https://asia.pokemon-card.com/th/card-img/th00011639.png
Pokemon,การผงาดของผู้ไร้พ่าย,SV10s,ซาคากิแห่งแก๊งร็อกเกต,Team Rocket's Giovanni,172/138,SR,https://asia.pokemon-card.com/th/card-img/th00011640.png
Pokemon,การผงาดของผู้ไร้พ่าย,SV10s,แลมด้าแห่งแก๊งร็อกเกต,Team Rocket's Petrel,173/138,SR,https://asia.pokemon-card.com/th/card-img/th00011641.png
Pokemon,การผงาดของผู้ไร้พ่าย,SV10s,แลนซ์แห่งแก๊งร็อกเกต,Team Rocket's Proton,174/138,SR,https://asia.pokemon-card.com/th/card-img/th00011642.png
Pokemon,การผงาดของผู้ไร้พ่าย,SV10s,ไฟเยอร์ ex ของแก๊งร็อกเกต,Team Rocket's Moltres ex,175/138,SAR,https://asia.pokemon-card.com/th/card-img/th00011643.png
Pokemon,การผงาดของผู้ไร้พ่าย,SV10s,โฮโอ ex ของฮิบิกิ,Ethan's Ho-Oh ex,176/138,SAR,https://asia.pokemon-card.com/th/card-img/th00011644.png
Pokemon,การผงาดของผู้ไร้พ่าย,SV10s,มิวทู ex ของแก๊งร็อกเกต,Team Rocket's Mewtwo ex,177/138,SAR,https://asia.pokemon-card.com/th/card-img/th00011645.png
Pokemon,การผงาดของผู้ไร้พ่าย,SV10s,กาเบรียส ex ของชิโรนะ,Cynthia's Garchomp ex,178/138,SAR,https://asia.pokemon-card.com/th/card-img/th00011646.png
Pokemon,การผงาดของผู้ไร้พ่าย,SV10s,นิโดคิง ex ของแก๊งร็อกเกต,Team Rocket's Nidoking ex,179/138,SAR,https://asia.pokemon-card.com/th/card-img/th00011647.png
Pokemon,การผงาดของผู้ไร้พ่าย,SV10s,โครแบท ex ของแก๊งร็อกเกต,Team Rocket's Crobat ex,180/138,SAR,https://asia.pokemon-card.com/th/card-img/th00011648.png
Pokemon,การผงาดของผู้ไร้พ่าย,SV10s,มาฟีทิฟ ex ของเปปเปอร์,Arven's Mabosstiff ex,181/138,SAR,https://asia.pokemon-card.com/th/card-img/th00011649.png
Pokemon,การผงาดของผู้ไร้พ่าย,SV10s,การผจญภัยของฮิบิกิ,Ethan's Adventure,182/138,SAR,https://asia.pokemon-card.com/th/card-img/th00011650.png
Pokemon,การผงาดของผู้ไร้พ่าย,SV10s,อาเธนาแห่งแก๊งร็อกเกต,Team Rocket's Ariana,183/138,SAR,https://asia.pokemon-card.com/th/card-img/th00011651.png
Pokemon,การผงาดของผู้ไร้พ่าย,SV10s,ซาคากิแห่งแก๊งร็อกเกต,Team Rocket's Giovanni,184/138,SAR,https://asia.pokemon-card.com/th/card-img/th00011652.png
Pokemon,การผงาดของผู้ไร้พ่าย,SV10s,โฮโอ ex ของฮิบิกิ,Ethan's Ho-Oh ex,185/138,UR,https://asia.pokemon-card.com/th/card-img/th00011653.png
Pokemon,การผงาดของผู้ไร้พ่าย,SV10s,มิวทู ex ของแก๊งร็อกเกต,Team Rocket's Mewtwo ex,186/138,UR,https://asia.pokemon-card.com/th/card-img/th00011654.png
Pokemon,การผงาดของผู้ไร้พ่าย,SV10s,กาเบรียส ex ของชิโรนะ,Cynthia's Garchomp ex,187/138,UR,https://asia.pokemon-card.com/th/card-img/th00011655.png
Pokemon,การผงาดของผู้ไร้พ่าย,SV10s,โครแบท ex ของแก๊งร็อกเกต,Team Rocket's Crobat ex,188/138,UR,https://asia.pokemon-card.com/th/card-img/th00011656.png
Pokemon,การผงาดของผู้ไร้พ่าย,SV10s,แจมมิงทาวเวอร์ ,Jamming Tower,189/138,UR,https://asia.pokemon-card.com/th/card-img/th00011657.png
Pokemon,สายใยแห่งโชคชะตา,SV9s,คาเตอร์ปี,Caterpie,001/139,C,https://assets.tcgdex.net/th/SV/SV9s/001/high.png
Pokemon,สายใยแห่งโชคชะตา,SV9s,ทรานเซล,Metapod,002/139,C,https://assets.tcgdex.net/th/SV/SV9s/002/high.png
Pokemon,สายใยแห่งโชคชะตา,SV9s,บัตเตอร์ฟรี,Butterfree,003/139,U,https://assets.tcgdex.net/th/SV/SV9s/003/high.png
Pokemon,สายใยแห่งโชคชะตา,SV9s,พารัส,Paras,004/139,C,https://assets.tcgdex.net/th/SV/SV9s/004/high.png
Pokemon,สายใยแห่งโชคชะตา,SV9s,พาราเซ็คท์,Parasect,005/139,C,https://assets.tcgdex.net/th/SV/SV9s/005/high.png
Pokemon,สายใยแห่งโชคชะตา,SV9s,ยันยันมา,Yanma,006/139,C,https://assets.tcgdex.net/th/SV/SV9s/006/high.png
Pokemon,สายใยแห่งโชคชะตา,SV9s,เมกะยันมาex,Yanmega ex,007/139,RR,https://assets.tcgdex.net/th/SV/SV9s/007/high.png
Pokemon,สายใยแห่งโชคชะตา,SV9s,เชมิน,Shaymin,008/139,U,https://assets.tcgdex.net/th/SV/SV9s/008/high.png
Pokemon,สายใยแห่งโชคชะตา,SV9s,มาราคัจจิ,Maractus,009/139,U,https://assets.tcgdex.net/th/SV/SV9s/009/high.png
Pokemon,สายใยแห่งโชคชะตา,SV9s,อิชิซึไม,Dwebble,010/139,C,https://assets.tcgdex.net/th/SV/SV9s/010/high.png
Pokemon,สายใยแห่งโชคชะตา,SV9s,อิวาพาเลซ,Crustle,011/139,R,https://assets.tcgdex.net/th/SV/SV9s/011/high.png
Pokemon,สายใยแห่งโชคชะตา,SV9s,คาบูรูโมะ,Karrablast,012/139,C,https://assets.tcgdex.net/th/SV/SV9s/012/high.png
Pokemon,สายใยแห่งโชคชะตา,SV9s,โชโบมากิ,Shelmet,013/139,C,https://assets.tcgdex.net/th/SV/SV9s/013/high.png
Pokemon,สายใยแห่งโชคชะตา,SV9s,อกิลดา,Accelgor,014/139,U,https://assets.tcgdex.net/th/SV/SV9s/014/high.png
Pokemon,สายใยแห่งโชคชะตา,SV9s,คาจิชชู,Applin,015/139,C,https://assets.tcgdex.net/th/SV/SV9s/015/high.png
Pokemon,สายใยแห่งโชคชะตา,SV9s,คามิชชู,Dipplin,016/139,C,https://assets.tcgdex.net/th/SV/SV9s/016/high.png
Pokemon,สายใยแห่งโชคชะตา,SV9s,คามิสึโอโรจิ,Hydrapple,017/139,R,https://assets.tcgdex.net/th/SV/SV9s/017/high.png
Pokemon,สายใยแห่งโชคชะตา,SV9s,เนียวฮะ,Sprigatito,018/139,C,https://assets.tcgdex.net/th/SV/SV9s/018/high.png
Pokemon,สายใยแห่งโชคชะตา,SV9s,เนียโรเต,Floragato,019/139,C,https://assets.tcgdex.net/th/SV/SV9s/019/high.png
Pokemon,สายใยแห่งโชคชะตา,SV9s,มาสเคอเนีย,Meowscarada,020/139,R,https://assets.tcgdex.net/th/SV/SV9s/020/high.png
Pokemon,สายใยแห่งโชคชะตา,SV9s,โอการ์ปอง หน้ากากสีทีล,Teal Mask Ogerpon,021/139,U,https://assets.tcgdex.net/th/SV/SV9s/021/high.png
Pokemon,สายใยแห่งโชคชะตา,SV9s,โพนีตะ,Ponyta,022/139,C,https://assets.tcgdex.net/th/SV/SV9s/022/high.png
Pokemon,สายใยแห่งโชคชะตา,SV9s,แกลล็อป,Rapidash,023/139,U,https://assets.tcgdex.net/th/SV/SV9s/023/high.png
Pokemon,สายใยแห่งโชคชะตา,SV9s,บูเบอร์,Magmar,024/139,C,https://assets.tcgdex.net/th/SV/SV9s/024/high.png
Pokemon,สายใยแห่งโชคชะตา,SV9s,บูเบิร์น,Magmortar,025/139,R,https://assets.tcgdex.net/th/SV/SV9s/025/high.png
Pokemon,สายใยแห่งโชคชะตา,SV9s,ดารุมักกะ ของ N,N's Darumaka,026/139,C,https://assets.tcgdex.net/th/SV/SV9s/026/high.png
Pokemon,สายใยแห่งโชคชะตา,SV9s,ฮิฮิดารุมะ ของ N,N's Darmanitan,027/139,U,https://assets.tcgdex.net/th/SV/SV9s/027/high.png
Pokemon,สายใยแห่งโชคชะตา,SV9s,โวลเคเนียนex,Volcanion ex,028/139,RR,https://assets.tcgdex.net/th/SV/SV9s/028/high.png
Pokemon,สายใยแห่งโชคชะตา,SV9s,โอการ์ปอง หน้ากากเตาไฟ,Hearthflame Mask Ogerpon,029/139,U,https://assets.tcgdex.net/th/SV/SV9s/029/high.png
Pokemon,สายใยแห่งโชคชะตา,SV9s,ฟรีเซอร์,Articuno,030/139,U,https://assets.tcgdex.net/th/SV/SV9s/030/high.png
Pokemon,สายใยแห่งโชคชะตา,SV9s,เทปโปโอ,Remoraid,031/139,C,https://assets.tcgdex.net/th/SV/SV9s/031/high.png
Pokemon,สายใยแห่งโชคชะตา,SV9s,ออคตัน,Octillery,032/139,U,https://assets.tcgdex.net/th/SV/SV9s/032/high.png
Pokemon,สายใยแห่งโชคชะตา,SV9s,ฮาซึโบ,Lotad,033/139,C,https://assets.tcgdex.net/th/SV/SV9s/033/high.png
Pokemon,สายใยแห่งโชคชะตา,SV9s,ฮาซึเบรโร,Lombre,034/139,C,https://assets.tcgdex.net/th/SV/SV9s/034/high.png
Pokemon,สายใยแห่งโชคชะตา,SV9s,รุนปัปปา,Ludicolo,035/139,U,https://assets.tcgdex.net/th/SV/SV9s/035/high.png
Pokemon,สายใยแห่งโชคชะตา,SV9s,เวลโกะ,Wailmer,036/139,C,https://assets.tcgdex.net/th/SV/SV9s/036/high.png
Pokemon,สายใยแห่งโชคชะตา,SV9s,เวลโอ,Wailord,037/139,R,https://assets.tcgdex.net/th/SV/SV9s/037/high.png
Pokemon,สายใยแห่งโชคชะตา,SV9s,เฮรัชเชอร์ex,Dondozo ex,038/139,RR,https://assets.tcgdex.net/th/SV/SV9s/038/high.png
Pokemon,สายใยแห่งโชคชะตา,SV9s,โอการ์ปอง หน้ากากบ่อน้ำ,Wellspring Mask Ogerpon,039/139,U,https://assets.tcgdex.net/th/SV/SV9s/039/high.png
Pokemon,สายใยแห่งโชคชะตา,SV9s,บิริริดามา ของนันจาโม,Iono's Voltorb,040/139,C,https://assets.tcgdex.net/th/SV/SV9s/040/high.png
Pokemon,สายใยแห่งโชคชะตา,SV9s,มารุมายน์ ของนันจาโม,Iono's Electrode,041/139,U,https://assets.tcgdex.net/th/SV/SV9s/041/high.png
Pokemon,สายใยแห่งโชคชะตา,SV9s,ราคุไร,Electrike,042/139,C,https://assets.tcgdex.net/th/SV/SV9s/042/high.png
Pokemon,สายใยแห่งโชคชะตา,SV9s,ไลโวลต์,Manectric,043/139,C,https://assets.tcgdex.net/th/SV/SV9s/043/high.png
Pokemon,สายใยแห่งโชคชะตา,SV9s,บาชูรุ ของ N,N's Joltik,044/139,C,https://assets.tcgdex.net/th/SV/SV9s/044/high.png
Pokemon,สายใยแห่งโชคชะตา,SV9s,ซุพีคา ของนันจาโม,Iono's Tadbulb,045/139,C,https://assets.tcgdex.net/th/SV/SV9s/045/high.png
Pokemon,สายใยแห่งโชคชะตา,SV9s,ฮาราบารีex ของนันจาโม,Iono's Bellibolt ex,046/139,RR,https://assets.tcgdex.net/th/SV/SV9s/046/high.png
Pokemon,สายใยแห่งโชคชะตา,SV9s,ไคเด็น ของนันจาโม,Iono's Wattrel,047/139,C,https://assets.tcgdex.net/th/SV/SV9s/047/high.png
Pokemon,สายใยแห่งโชคชะตา,SV9s,ไทไคเด็น ของนันจาโม,Iono's Kilowattrel,048/139,R,https://assets.tcgdex.net/th/SV/SV9s/048/high.png
Pokemon,สายใยแห่งโชคชะตา,SV9s,ปิปปีex ของลิเลีย,Lillie's Clefairy ex,049/139,RR,https://assets.tcgdex.net/th/SV/SV9s/049/high.png
Pokemon,สายใยแห่งโชคชะตา,SV9s,บาร์เรียด,Mr. Mime,050/139,C,https://assets.tcgdex.net/th/SV/SV9s/050/high.png
Pokemon,สายใยแห่งโชคชะตา,SV9s,ยาจิลอน ของไดโกะ,Steven's Baltoy,051/139,C,https://assets.tcgdex.net/th/SV/SV9s/051/high.png
Pokemon,สายใยแห่งโชคชะตา,SV9s,เนนดอลล์ ของไดโกะ,Steven's Claydol,052/139,U,https://assets.tcgdex.net/th/SV/SV9s/052/high.png
Pokemon,สายใยแห่งโชคชะตา,SV9s,คาเงะโบสึ,Shuppet,053/139,C,https://assets.tcgdex.net/th/SV/SV9s/053/high.png
Pokemon,สายใยแห่งโชคชะตา,SV9s,จุปเป็ตตะ,Banette,054/139,U,https://assets.tcgdex.net/th/SV/SV9s/054/high.png
Pokemon,สายใยแห่งโชคชะตา,SV9s,ดันบัล,Beldum,055/139,C,https://assets.tcgdex.net/th/SV/SV9s/055/high.png
Pokemon,สายใยแห่งโชคชะตา,SV9s,เมแทงก์,Metang,056/139,C,https://assets.tcgdex.net/th/SV/SV9s/056/high.png
Pokemon,สายใยแห่งโชคชะตา,SV9s,เมทากรอส,Metagross,057/139,U,https://assets.tcgdex.net/th/SV/SV9s/057/high.png
Pokemon,สายใยแห่งโชคชะตา,SV9s,ซิมโบลา ของ N,N's Sigilyph,058/139,C,https://assets.tcgdex.net/th/SV/SV9s/058/high.png
Pokemon,สายใยแห่งโชคชะตา,SV9s,เมเลซี ของไดโกะ,Steven's Carbink,059/139,R,https://assets.tcgdex.net/th/SV/SV9s/059/high.png
Pokemon,สายใยแห่งโชคชะตา,SV9s,อบูรี ของลิเลีย,Lillie's Cutiefly,060/139,C,https://assets.tcgdex.net/th/SV/SV9s/060/high.png
Pokemon,สายใยแห่งโชคชะตา,SV9s,อบูริบง ของลิเลีย,Lillie's Ribombee,061/139,U,https://assets.tcgdex.net/th/SV/SV9s/061/high.png
Pokemon,สายใยแห่งโชคชะตา,SV9s,คิววะวา ของลิเลีย,Lillie's Comfey,062/139,C,https://assets.tcgdex.net/th/SV/SV9s/062/high.png
Pokemon,สายใยแห่งโชคชะตา,SV9s,อุริมู,Swinub,063/139,C,https://assets.tcgdex.net/th/SV/SV9s/063/high.png
Pokemon,สายใยแห่งโชคชะตา,SV9s,อิโนมู,Piloswine,064/139,C,https://assets.tcgdex.net/th/SV/SV9s/064/high.png
Pokemon,สายใยแห่งโชคชะตา,SV9s,แมมมูex,Mamoswine ex,065/139,RR,https://assets.tcgdex.net/th/SV/SV9s/065/high.png
Pokemon,สายใยแห่งโชคชะตา,SV9s,โยกิราส,Larvitar,066/139,C,https://assets.tcgdex.net/th/SV/SV9s/066/high.png
Pokemon,สายใยแห่งโชคชะตา,SV9s,ซานากิราส,Pupitar,067/139,C,https://assets.tcgdex.net/th/SV/SV9s/067/high.png
Pokemon,สายใยแห่งโชคชะตา,SV9s,เรจิร็อก,Regirock,068/139,U,https://assets.tcgdex.net/th/SV/SV9s/068/high.png
Pokemon,สายใยแห่งโชคชะตา,SV9s,ยันชัม,Pancham,069/139,C,https://assets.tcgdex.net/th/SV/SV9s/069/high.png
Pokemon,สายใยแห่งโชคชะตา,SV9s,อิวังโค,Rockruff,070/139,C,https://assets.tcgdex.net/th/SV/SV9s/070/high.png
Pokemon,สายใยแห่งโชคชะตา,SV9s,ลูกาลูกัน,Lycanroc,071/139,R,https://assets.tcgdex.net/th/SV/SV9s/071/high.png
Pokemon,สายใยแห่งโชคชะตา,SV9s,โดโรบังโค,Mudbray,072/139,C,https://assets.tcgdex.net/th/SV/SV9s/072/high.png
Pokemon,สายใยแห่งโชคชะตา,SV9s,บัมบะโดโร,Mudsdale,073/139,U,https://assets.tcgdex.net/th/SV/SV9s/073/high.png
Pokemon,สายใยแห่งโชคชะตา,SV9s,ซึนะเฮบิ ของฮ็อป,Hop's Silicobra,074/139,C,https://assets.tcgdex.net/th/SV/SV9s/074/high.png
Pokemon,สายใยแห่งโชคชะตา,SV9s,ซาไดจา ของฮ็อป,Hop's Sandaconda,075/139,U,https://assets.tcgdex.net/th/SV/SV9s/075/high.png
Pokemon,สายใยแห่งโชคชะตา,SV9s,กาเคกานิ,Klawf,076/139,U,https://assets.tcgdex.net/th/SV/SV9s/076/high.png
Pokemon,สายใยแห่งโชคชะตา,SV9s,โอการ์ปอง หน้ากากฐานราก,Cornerstone Mask Ogerpon,077/139,U,https://assets.tcgdex.net/th/SV/SV9s/077/high.png
Pokemon,สายใยแห่งโชคชะตา,SV9s,โดกาซ,Koffing,078/139,C,https://assets.tcgdex.net/th/SV/SV9s/078/high.png
Pokemon,สายใยแห่งโชคชะตา,SV9s,มาตาโดกัซ,Weezing,079/139,U,https://assets.tcgdex.net/th/SV/SV9s/079/high.png
Pokemon,สายใยแห่งโชคชะตา,SV9s,บันกิราส,Tyranitar,080/139,R,https://assets.tcgdex.net/th/SV/SV9s/080/high.png
Pokemon,สายใยแห่งโชคชะตา,SV9s,โจโรเนโกะ ของ N,N's Purrloin,081/139,C,https://assets.tcgdex.net/th/SV/SV9s/081/high.png
Pokemon,สายใยแห่งโชคชะตา,SV9s,โจโรเนโกะ ของแมรี,Marnie's Purrloin,082/139,C,https://assets.tcgdex.net/th/SV/SV9s/082/high.png
Pokemon,สายใยแห่งโชคชะตา,SV9s,เลพัลดัส ของแมรี,Marnie's Liepard,083/139,U,https://assets.tcgdex.net/th/SV/SV9s/083/high.png
Pokemon,สายใยแห่งโชคชะตา,SV9s,ซึรุกกุ ของแมรี,Marnie's Scraggy,084/139,C,https://assets.tcgdex.net/th/SV/SV9s/084/high.png
Pokemon,สายใยแห่งโชคชะตา,SV9s,ซึรุซึคิน ของแมรี,Marnie's Scrafty,085/139,C,https://assets.tcgdex.net/th/SV/SV9s/085/high.png
Pokemon,สายใยแห่งโชคชะตา,SV9s,โซรัว ของ N,N's Zorua,086/139,C,https://assets.tcgdex.net/th/SV/SV9s/086/high.png
Pokemon,สายใยแห่งโชคชะตา,SV9s,โซโรอาร์คex ของ N,N's Zoroark ex,087/139,RR,https://assets.tcgdex.net/th/SV/SV9s/087/high.png
Pokemon,สายใยแห่งโชคชะตา,SV9s,โกรอนดะ,Pangoro,088/139,U,https://assets.tcgdex.net/th/SV/SV9s/088/high.png
Pokemon,สายใยแห่งโชคชะตา,SV9s,เบโรบา ของแมรี,Marnie's Impidimp,089/139,C,https://assets.tcgdex.net/th/SV/SV9s/089/high.png
Pokemon,สายใยแห่งโชคชะตา,SV9s,กิโม ของแมรี,Marnie's Morgrem,090/139,C,https://assets.tcgdex.net/th/SV/SV9s/090/high.png
Pokemon,สายใยแห่งโชคชะตา,SV9s,โอลองเกะex ของแมรี,Marnie's Grimmsnarl ex,091/139,RR,https://assets.tcgdex.net/th/SV/SV9s/091/high.png
Pokemon,สายใยแห่งโชคชะตา,SV9s,โมรุเปโกะ ของแมรี,Marnie's Morpeko,092/139,R,https://assets.tcgdex.net/th/SV/SV9s/092/high.png
Pokemon,สายใยแห่งโชคชะตา,SV9s,แอร์มุโด ของไดโกะ,Steven's Skarmory,093/139,C,https://assets.tcgdex.net/th/SV/SV9s/093/high.png
Pokemon,สายใยแห่งโชคชะตา,SV9s,ดันบัล ของไดโกะ,Steven's Beldum,094/139,C,https://assets.tcgdex.net/th/SV/SV9s/094/high.png
Pokemon,สายใยแห่งโชคชะตา,SV9s,เมแทงก์ ของไดโกะ,Steven's Metang,095/139,C,https://assets.tcgdex.net/th/SV/SV9s/095/high.png
Pokemon,สายใยแห่งโชคชะตา,SV9s,เมทากรอสex ของไดโกะ,Steven's Metagross ex,096/139,RR,https://assets.tcgdex.net/th/SV/SV9s/096/high.png
Pokemon,สายใยแห่งโชคชะตา,SV9s,ชูวัลโก,Escavalier,097/139,U,https://assets.tcgdex.net/th/SV/SV9s/097/high.png
Pokemon,สายใยแห่งโชคชะตา,SV9s,เกียร์ ของ N,N's Klink,098/139,C,https://assets.tcgdex.net/th/SV/SV9s/098/high.png
Pokemon,สายใยแห่งโชคชะตา,SV9s,กิเกียร์ ของ N,N's Klang,099/139,C,https://assets.tcgdex.net/th/SV/SV9s/099/high.png
Pokemon,สายใยแห่งโชคชะตา,SV9s,กิกิเกียร์ ของ N,N's Klinklang,100/139,U,https://assets.tcgdex.net/th/SV/SV9s/100/high.png
Pokemon,สายใยแห่งโชคชะตา,SV9s,มาเกียนา,Magearna,101/139,R,https://assets.tcgdex.net/th/SV/SV9s/101/high.png
Pokemon,สายใยแห่งโชคชะตา,SV9s,อาร์เมอร์การ์ ของฮ็อป,Hop's Corviknight,102/139,U,https://assets.tcgdex.net/th/SV/SV9s/102/high.png
Pokemon,สายใยแห่งโชคชะตา,SV9s,ซาเชียนex ของฮ็อป,Hop's Zacian ex,103/139,RR,https://assets.tcgdex.net/th/SV/SV9s/103/high.png
Pokemon,สายใยแห่งโชคชะตา,SV9s,ทัทซึเบ,Bagon,104/139,C,https://assets.tcgdex.net/th/SV/SV9s/104/high.png
Pokemon,สายใยแห่งโชคชะตา,SV9s,โคโมรู,Shelgon,105/139,C,https://assets.tcgdex.net/th/SV/SV9s/105/high.png
Pokemon,สายใยแห่งโชคชะตา,SV9s,โบมันเดอร์ex,Salamence ex,106/139,RR,https://assets.tcgdex.net/th/SV/SV9s/106/high.png
Pokemon,สายใยแห่งโชคชะตา,SV9s,คริมแกน,Druddigon,107/139,C,https://assets.tcgdex.net/th/SV/SV9s/107/high.png
Pokemon,สายใยแห่งโชคชะตา,SV9s,เรชิรัม ของ N,N's Reshiram,108/139,R,https://assets.tcgdex.net/th/SV/SV9s/108/high.png
Pokemon,สายใยแห่งโชคชะตา,SV9s,คาบิกอน ของฮ็อป,Hop's Snorlax,109/139,R,https://assets.tcgdex.net/th/SV/SV9s/109/high.png
Pokemon,สายใยแห่งโชคชะตา,SV9s,โอทาจิ,Sentret,110/139,C,https://assets.tcgdex.net/th/SV/SV9s/110/high.png
Pokemon,สายใยแห่งโชคชะตา,SV9s,โอโอทาจิ,Furret,111/139,C,https://assets.tcgdex.net/th/SV/SV9s/111/high.png
Pokemon,สายใยแห่งโชคชะตา,SV9s,โนก็อจจิ,Dunsparce,112/139,C,https://assets.tcgdex.net/th/SV/SV9s/112/high.png
Pokemon,สายใยแห่งโชคชะตา,SV9s,โนโกก็อจจิex,Dudunsparce ex,113/139,RR,https://assets.tcgdex.net/th/SV/SV9s/113/high.png
Pokemon,สายใยแห่งโชคชะตา,SV9s,ออนแบท,Noibat,114/139,C,https://assets.tcgdex.net/th/SV/SV9s/114/high.png
Pokemon,สายใยแห่งโชคชะตา,SV9s,ออนเวิร์น,Noivern,115/139,U,https://assets.tcgdex.net/th/SV/SV9s/115/high.png
Pokemon,สายใยแห่งโชคชะตา,SV9s,เน็คโคอาลา,Komala,116/139,C,https://assets.tcgdex.net/th/SV/SV9s/116/high.png
Pokemon,สายใยแห่งโชคชะตา,SV9s,โคโคการะ ของฮ็อป,Hop's Rookidee,117/139,C,https://assets.tcgdex.net/th/SV/SV9s/117/high.png
Pokemon,สายใยแห่งโชคชะตา,SV9s,อาโอการาสึ ของฮ็อป,Hop's Corvisquire,118/139,C,https://assets.tcgdex.net/th/SV/SV9s/118/high.png
Pokemon,สายใยแห่งโชคชะตา,SV9s,วูลู ของฮ็อป,Hop's Wooloo,119/139,C,https://assets.tcgdex.net/th/SV/SV9s/119/high.png
Pokemon,สายใยแห่งโชคชะตา,SV9s,ไบวูลู ของฮ็อป,Hop's Dubwool,120/139,R,https://assets.tcgdex.net/th/SV/SV9s/120/high.png
Pokemon,สายใยแห่งโชคชะตา,SV9s,อุ๊อุ ของฮ็อป,Hop's Cramorant,121/139,U,https://assets.tcgdex.net/th/SV/SV9s/121/high.png
Pokemon,สายใยแห่งโชคชะตา,SV9s,ยารักษาแผลอย่างดี,Super Potion,122/139,U,https://assets.tcgdex.net/th/SV/SV9s/122/high.png
Pokemon,สายใยแห่งโชคชะตา,SV9s,ยาเพิ่มพลังงานของ N,N's PP Up,123/139,U,https://assets.tcgdex.net/th/SV/SV9s/123/high.png
Pokemon,สายใยแห่งโชคชะตา,SV9s,เอนเนอร์จี้รีไซเคิล,Energy Recycler,124/139,U,https://assets.tcgdex.net/th/SV/SV9s/124/high.png
Pokemon,สายใยแห่งโชคชะตา,SV9s,ตั๋วแลกเปลี่ยน,Redeemable Ticket,125/139,U,https://assets.tcgdex.net/th/SV/SV9s/125/high.png
Pokemon,สายใยแห่งโชคชะตา,SV9s,กระเป๋าของฮ็อป,Hop's Bag,126/139,U,https://assets.tcgdex.net/th/SV/SV9s/126/high.png
Pokemon,สายใยแห่งโชคชะตา,SV9s,ผ้าคาดหัวแห่งความแน่วแน่ของฮ็อป,Hop's Choice Band,127/139,U,https://assets.tcgdex.net/th/SV/SV9s/127/high.png
Pokemon,สายใยแห่งโชคชะตา,SV9s,ไข่มุกของลิเลีย,Lillie's Pearl,128/139,U,https://assets.tcgdex.net/th/SV/SV9s/128/high.png
Pokemon,สายใยแห่งโชคชะตา,SV9s,จิตนักสู้ของไอริส,Iris's Fighting Spirit,129/139,U,https://assets.tcgdex.net/th/SV/SV9s/129/high.png
Pokemon,สายใยแห่งโชคชะตา,SV9s,ความครื้นเครงของ MC,Emcee's Excitement,130/139,C,https://assets.tcgdex.net/th/SV/SV9s/130/high.png
Pokemon,สายใยแห่งโชคชะตา,SV9s,หนุ่มแยงกี้,Ruffian,131/139,U,https://assets.tcgdex.net/th/SV/SV9s/131/high.png
Pokemon,สายใยแห่งโชคชะตา,SV9s,ผู้ตัดสิน,Judge,132/139,U,https://assets.tcgdex.net/th/SV/SV9s/132/high.png
Pokemon,สายใยแห่งโชคชะตา,SV9s,การเลือกสรรของทาเคชิ,Brock's Scouting,133/139,U,https://assets.tcgdex.net/th/SV/SV9s/133/high.png
Pokemon,สายใยแห่งโชคชะตา,SV9s,ถ้ำศิลา,Granite Cave,134/139,C,https://assets.tcgdex.net/th/SV/SV9s/134/high.png
Pokemon,สายใยแห่งโชคชะตา,SV9s,ปราสาทของ N,N's Castle,135/139,U,https://assets.tcgdex.net/th/SV/SV9s/135/high.png
Pokemon,สายใยแห่งโชคชะตา,SV9s,ยิมสไปก์ทาวน์,Spikemuth Gym,136/139,C,https://assets.tcgdex.net/th/SV/SV9s/136/high.png
Pokemon,สายใยแห่งโชคชะตา,SV9s,ฮักโคซิตี้,Levincia,137/139,U,https://assets.tcgdex.net/th/SV/SV9s/137/high.png
Pokemon,สายใยแห่งโชคชะตา,SV9s,เฟอร์ลองทาวน์,Postwick,138/139,U,https://assets.tcgdex.net/th/SV/SV9s/138/high.png
Pokemon,สายใยแห่งโชคชะตา,SV9s,สไปก์เอนเนอร์จี้,Spiky Energy,139/139,U,https://assets.tcgdex.net/th/SV/SV9s/139/high.png
Pokemon,สายใยแห่งโชคชะตา,SV9s,ยันยันมา,Yanma,140/139,AR,https://assets.tcgdex.net/th/SV/SV9s/140/high.png
Pokemon,สายใยแห่งโชคชะตา,SV9s,เชมิน,Shaymin,141/139,AR,https://assets.tcgdex.net/th/SV/SV9s/141/high.png
Pokemon,สายใยแห่งโชคชะตา,SV9s,มาราคัจจิ,Maractus,142/139,AR,https://assets.tcgdex.net/th/SV/SV9s/142/high.png
Pokemon,สายใยแห่งโชคชะตา,SV9s,อิวาพาเลซ,Crustle,143/139,AR,https://assets.tcgdex.net/th/SV/SV9s/143/high.png
Pokemon,สายใยแห่งโชคชะตา,SV9s,คามิสึโอโรจิ,Hydrapple,144/139,AR,https://assets.tcgdex.net/th/SV/SV9s/144/high.png
Pokemon,สายใยแห่งโชคชะตา,SV9s,แกลล็อป,Rapidash,145/139,AR,https://assets.tcgdex.net/th/SV/SV9s/145/high.png
Pokemon,สายใยแห่งโชคชะตา,SV9s,ฟรีเซอร์,Articuno,146/139,AR,https://assets.tcgdex.net/th/SV/SV9s/146/high.png
Pokemon,สายใยแห่งโชคชะตา,SV9s,เวลโอ,Wailord,147/139,AR,https://assets.tcgdex.net/th/SV/SV9s/147/high.png
Pokemon,สายใยแห่งโชคชะตา,SV9s,ราคุไร,Electrike,148/139,AR,https://assets.tcgdex.net/th/SV/SV9s/148/high.png
Pokemon,สายใยแห่งโชคชะตา,SV9s,ไทไคเด็น ของนันจาโม,Iono's Kilowattrel,149/139,AR,https://assets.tcgdex.net/th/SV/SV9s/149/high.png
Pokemon,สายใยแห่งโชคชะตา,SV9s,อบูริบง ของลิเลีย,Lillie's Ribombee,150/139,AR,https://assets.tcgdex.net/th/SV/SV9s/150/high.png
Pokemon,สายใยแห่งโชคชะตา,SV9s,อุริมู,Swinub,151/139,AR,https://assets.tcgdex.net/th/SV/SV9s/151/high.png
Pokemon,สายใยแห่งโชคชะตา,SV9s,ลูกาลูกัน,Lycanroc,152/139,AR,https://assets.tcgdex.net/th/SV/SV9s/152/high.png
Pokemon,สายใยแห่งโชคชะตา,SV9s,โซรัว ของ N,N's Zorua,153/139,AR,https://assets.tcgdex.net/th/SV/SV9s/153/high.png
Pokemon,สายใยแห่งโชคชะตา,SV9s,โมรุเปโกะของแมรี,Marnie's Morpeko,154/139,AR,https://assets.tcgdex.net/th/SV/SV9s/154/high.png
Pokemon,สายใยแห่งโชคชะตา,SV9s,ดันบัลของไดโกะ,Steven's Beldum,155/139,AR,https://assets.tcgdex.net/th/SV/SV9s/155/high.png
Pokemon,สายใยแห่งโชคชะตา,SV9s,เรชิรัมของ N,N's Reshiram,156/139,AR,https://assets.tcgdex.net/th/SV/SV9s/156/high.png
Pokemon,สายใยแห่งโชคชะตา,SV9s,โอโอทาจิ,Furret,157/139,AR,https://assets.tcgdex.net/th/SV/SV9s/157/high.png
Pokemon,สายใยแห่งโชคชะตา,SV9s,ออนแบท,Noibat,158/139,AR,https://assets.tcgdex.net/th/SV/SV9s/158/high.png
Pokemon,สายใยแห่งโชคชะตา,SV9s,วูลูของฮ็อป,Hop's Wooloo,159/139,AR,https://assets.tcgdex.net/th/SV/SV9s/159/high.png
Pokemon,สายใยแห่งโชคชะตา,SV9s,เมกะยันมาex,Yanmega ex,160/139,SR,https://assets.tcgdex.net/th/SV/SV9s/160/high.png
Pokemon,สายใยแห่งโชคชะตา,SV9s,โวลเคเนียนex,Volcanion ex,161/139,SR,https://assets.tcgdex.net/th/SV/SV9s/161/high.png
Pokemon,สายใยแห่งโชคชะตา,SV9s,เฮรัชเชอร์ex,Dondozo ex,162/139,SR,https://assets.tcgdex.net/th/SV/SV9s/162/high.png
Pokemon,สายใยแห่งโชคชะตา,SV9s,ฮาราบารีex ของนันจาโม,Iono's Bellibolt ex,163/139,SR,https://assets.tcgdex.net/th/SV/SV9s/163/high.png
Pokemon,สายใยแห่งโชคชะตา,SV9s,ปิปปีex ของลิเลีย,Lillie's Clefairy ex,164/139,SR,https://assets.tcgdex.net/th/SV/SV9s/164/high.png
Pokemon,สายใยแห่งโชคชะตา,SV9s,แมมมูex,Mamoswine ex,165/139,SR,https://assets.tcgdex.net/th/SV/SV9s/165/high.png
Pokemon,สายใยแห่งโชคชะตา,SV9s,โซโรอาร์คex ของ N,N's Zoroark ex,166/139,SR,https://assets.tcgdex.net/th/SV/SV9s/166/high.png
Pokemon,สายใยแห่งโชคชะตา,SV9s,ซาเชียนex ของฮ็อป,Hop's Zacian ex,167/139,SR,https://assets.tcgdex.net/th/SV/SV9s/167/high.png
Pokemon,สายใยแห่งโชคชะตา,SV9s,โบมันเดอร์ex,Salamence ex,168/139,SR,https://assets.tcgdex.net/th/SV/SV9s/168/high.png
Pokemon,สายใยแห่งโชคชะตา,SV9s,โนโกก็อจจิex,Dudunsparce ex,169/139,SR,https://assets.tcgdex.net/th/SV/SV9s/169/high.png
Pokemon,สายใยแห่งโชคชะตา,SV9s,จิตนักสู้ของไอริส,Iris's Fighting Spirit,170/139,SR,https://assets.tcgdex.net/th/SV/SV9s/170/high.png
Pokemon,สายใยแห่งโชคชะตา,SV9s,ความครื้นเครงของ MC,Emcee's Excitement,171/139,SR,https://assets.tcgdex.net/th/SV/SV9s/171/high.png
Pokemon,สายใยแห่งโชคชะตา,SV9s,หนุ่มแยงกี้,Ruffian,172/139,SR,https://assets.tcgdex.net/th/SV/SV9s/172/high.png
Pokemon,สายใยแห่งโชคชะตา,SV9s,ผู้ตัดสิน,Judge,173/139,SR,https://assets.tcgdex.net/th/SV/SV9s/173/high.png
Pokemon,สายใยแห่งโชคชะตา,SV9s,การสรรหาของทาเคชิ,Brock's Scouting,174/139,SR,https://assets.tcgdex.net/th/SV/SV9s/174/high.png
Pokemon,สายใยแห่งโชคชะตา,SV9s,เมกะยันมาex,Yanmega ex,175/139,SAR,https://assets.tcgdex.net/th/SV/SV9s/175/high.png
Pokemon,สายใยแห่งโชคชะตา,SV9s,โวลเคเนียนex,Volcanion ex,176/139,SAR,https://assets.tcgdex.net/th/SV/SV9s/176/high.png
Pokemon,สายใยแห่งโชคชะตา,SV9s,ฮาราบารีex ของนันจาโม,Iono's Bellibolt ex,177/139,SAR,https://assets.tcgdex.net/th/SV/SV9s/177/high.png
Pokemon,สายใยแห่งโชคชะตา,SV9s,ปิปปีex ของลิเลีย,Lillie's Clefairy ex,178/139,SAR,https://assets.tcgdex.net/th/SV/SV9s/178/high.png
Pokemon,สายใยแห่งโชคชะตา,SV9s,โซโรอาร์คex ของ N,N's Zoroark ex,179/139,SAR,https://assets.tcgdex.net/th/SV/SV9s/179/high.png
Pokemon,สายใยแห่งโชคชะตา,SV9s,ซาเชียนex ของฮ็อป,Hop's Zacian ex,180/139,SAR,https://assets.tcgdex.net/th/SV/SV9s/180/high.png
Pokemon,สายใยแห่งโชคชะตา,SV9s,โบมันเดอร์ex,Salamence ex,181/139,SAR,https://assets.tcgdex.net/th/SV/SV9s/181/high.png
Pokemon,สายใยแห่งโชคชะตา,SV9s,ฮาราบารีex ของนันจาโม,Iono's Bellibolt ex,182/139,UR,https://assets.tcgdex.net/th/SV/SV9s/182/high.png
Pokemon,สายใยแห่งโชคชะตา,SV9s,โซโรอาร์คex ของ N,N's Zoroark ex,183/139,UR,https://assets.tcgdex.net/th/SV/SV9s/183/high.png
Pokemon,สายใยแห่งโชคชะตา,SV9s,ฮักโคซิตี้,Levincia,184/139,UR,https://assets.tcgdex.net/th/SV/SV9s/184/high.png
Pokemon,สายใยแห่งโชคชะตา,SV9s,สไปก์เอนเนอร์จี้,Spiky Energy,185/139,UR,https://assets.tcgdex.net/th/SV/SV9s/185/high.png
Pokemon,เทศกาลเทรัสตัลex,SV8a,ซึโบมี,Budew,001/187,C,https://asia.pokemon-card.com/th/card-img/th00010685.png
Pokemon,เทศกาลเทรัสตัลex,SV8a,ซึโบมี,Budew,001/187,PB,https://asia.pokemon-card.com/th/card-img/th00010891.png
Pokemon,เทศกาลเทรัสตัลex,SV8a,ลีเฟีย,Leafeon,002/187,C,https://asia.pokemon-card.com/th/card-img/th00010686.png
Pokemon,เทศกาลเทรัสตัลex,SV8a,ลีเฟีย,Leafeon,002/187,PB,https://asia.pokemon-card.com/th/card-img/th00010892.png
Pokemon,เทศกาลเทรัสตัลex,SV8a,ลีเฟีย ex,Leafeon ex,003/187,RR,https://asia.pokemon-card.com/th/card-img/th00010687.png
Pokemon,เทศกาลเทรัสตัลex,SV8a,โมนเมน,Cottonee,004/187,C,https://asia.pokemon-card.com/th/card-img/th00010688.png
Pokemon,เทศกาลเทรัสตัลex,SV8a,โมนเมน,Cottonee,004/187,PB,https://asia.pokemon-card.com/th/card-img/th00010893.png
Pokemon,เทศกาลเทรัสตัลex,SV8a,เอลฟูน,Whimsicott,005/187,C,https://asia.pokemon-card.com/th/card-img/th00010689.png
Pokemon,เทศกาลเทรัสตัลex,SV8a,เอลฟูน,Whimsicott,005/187,PB,https://asia.pokemon-card.com/th/card-img/th00010894.png
Pokemon,เทศกาลเทรัสตัลex,SV8a,ซารุโนริ,Grookey,006/187,C,https://asia.pokemon-card.com/th/card-img/th00010690.png
Pokemon,เทศกาลเทรัสตัลex,SV8a,ซารุโนริ,Grookey,006/187,PB,https://asia.pokemon-card.com/th/card-img/th00010895.png
Pokemon,เทศกาลเทรัสตัลex,SV8a,บาจินคี,Thwackey,007/187,C,https://asia.pokemon-card.com/th/card-img/th00010691.png
Pokemon,เทศกาลเทรัสตัลex,SV8a,บาจินคี,Thwackey,007/187,PB,https://asia.pokemon-card.com/th/card-img/th00010896.png
Pokemon,เทศกาลเทรัสตัลex,SV8a,คาจิชชู,Rillaboom,008/187,C,https://asia.pokemon-card.com/th/card-img/th00010692.png
Pokemon,เทศกาลเทรัสตัลex,SV8a,คาจิชชู,Rillaboom,008/187,PB,https://asia.pokemon-card.com/th/card-img/th00010897.png
Pokemon,เทศกาลเทรัสตัลex,SV8a,คามิชชู,Dipplin,009/187,U,https://asia.pokemon-card.com/th/card-img/th00010693.png
Pokemon,เทศกาลเทรัสตัลex,SV8a,คามิชชู,Dipplin,009/187,PB,https://asia.pokemon-card.com/th/card-img/th00010898.png
Pokemon,เทศกาลเทรัสตัลex,SV8a,คามิสึโอโรจิ ex,Hydrapple ex,010/187,RR,https://asia.pokemon-card.com/th/card-img/th00010694.png
Pokemon,เทศกาลเทรัสตัลex,SV8a,อาโนะคุสะ,Bramblin,011/187,C,https://asia.pokemon-card.com/th/card-img/th00010695.png
Pokemon,เทศกาลเทรัสตัลex,SV8a,อาโนะคุสะ,Bramblin,011/187,PB,https://asia.pokemon-card.com/th/card-img/th00010899.png
Pokemon,เทศกาลเทรัสตัลex,SV8a,อาโนะโฮรากุสะ,Brambleghast,012/187,C,https://asia.pokemon-card.com/th/card-img/th00010696.png
Pokemon,เทศกาลเทรัสตัลex,SV8a,อาโนะโฮรากุสะ,Brambleghast,012/187,PB,https://asia.pokemon-card.com/th/card-img/th00010900.png
Pokemon,เทศกาลเทรัสตัลex,SV8a,ชิกาโรโค,Rellor,013/187,C,https://asia.pokemon-card.com/th/card-img/th00010697.png
Pokemon,เทศกาลเทรัสตัลex,SV8a,ชิกาโรโค,Rellor,013/187,PB,https://asia.pokemon-card.com/th/card-img/th00010901.png
Pokemon,เทศกาลเทรัสตัลex,SV8a,เบราคาสุ,Rabsca,014/187,C,https://asia.pokemon-card.com/th/card-img/th00010698.png
Pokemon,เทศกาลเทรัสตัลex,SV8a,เบราคาสุ,Rabsca,014/187,PB,https://asia.pokemon-card.com/th/card-img/th00010902.png
Pokemon,เทศกาลเทรัสตัลex,SV8a,ฉงเจี่ยน,Wo-Chien,015/187,U,https://asia.pokemon-card.com/th/card-img/th00010699.png
Pokemon,เทศกาลเทรัสตัลex,SV8a,ฉงเจี่ยน,Wo-Chien,015/187,PB,https://asia.pokemon-card.com/th/card-img/th00010903.png
Pokemon,เทศกาลเทรัสตัลex,SV8a,ใบด่างเหล็ก ex,Iron Leaves ex,016/187,RR,https://asia.pokemon-card.com/th/card-img/th00010700.png
Pokemon,เทศกาลเทรัสตัลex,SV8a,ฉะเดธ,Poltchageist,017/187,C,https://asia.pokemon-card.com/th/card-img/th00010701.png
Pokemon,เทศกาลเทรัสตัลex,SV8a,ฉะเดธ,Poltchageist,017/187,PB,https://asia.pokemon-card.com/th/card-img/th00010904.png
Pokemon,เทศกาลเทรัสตัลex,SV8a,ยาบาโซฉะ,Sinistcha,018/187,U,https://asia.pokemon-card.com/th/card-img/th00010702.png
Pokemon,เทศกาลเทรัสตัลex,SV8a,โอการ์ปอง หน้ากากสีทีล ex,Sinistcha,018/187,PB,https://asia.pokemon-card.com/th/card-img/th00010704.png
Pokemon,เทศกาลเทรัสตัลex,SV8a,ยาบาโซฉะ ex,Sinistcha ex,019/187,RR,https://asia.pokemon-card.com/th/card-img/th00010703.png
Pokemon,เทศกาลเทรัสตัลex,SV8a,โอการ์ปอง หน้ากากสีทีล ex,Teal Mask Ogerpon ex,020/187,RR,https://asia.pokemon-card.com/th/card-img/th00010704.png
Pokemon,เทศกาลเทรัสตัลex,SV8a,บูสเตอร์,Flareon,021/187,C,https://asia.pokemon-card.com/th/card-img/th00010705.png
Pokemon,เทศกาลเทรัสตัลex,SV8a,บูสเตอร์,Flareon,021/187,PB,https://asia.pokemon-card.com/th/card-img/th00010906.png
Pokemon,เทศกาลเทรัสตัลex,SV8a,บูสเตอร์ ex,Flareon ex,022/187,RR,https://asia.pokemon-card.com/th/card-img/th00010706.png
Pokemon,เทศกาลเทรัสตัลex,SV8a,คาร์โบ,Charcadet,023/187,C,https://asia.pokemon-card.com/th/card-img/th00010707.png
Pokemon,เทศกาลเทรัสตัลex,SV8a,คาร์โบ,Charcadet,023/187,PB,https://asia.pokemon-card.com/th/card-img/th00010907.png
Pokemon,เทศกาลเทรัสตัลex,SV8a,แมลงมอธเหล็ก,Iron Moth,024/187,U,https://asia.pokemon-card.com/th/card-img/th00010708.png
Pokemon,เทศกาลเทรัสตัลex,SV8a,แมลงมอธเหล็ก,Iron Moth,024/187,PB,https://asia.pokemon-card.com/th/card-img/th00010908.png
Pokemon,เทศกาลเทรัสตัลex,SV8a,อวี้อวี๋,Chi-Yu,025/187,U,https://asia.pokemon-card.com/th/card-img/th00010709.png
Pokemon,เทศกาลเทรัสตัลex,SV8a,อวี้อวี๋,Chi-Yu,025/187,PB,https://asia.pokemon-card.com/th/card-img/th00010909.png
Pokemon,เทศกาลเทรัสตัลex,SV8a,โอการ์ปอง หน้ากากเตาไฟ ex,Hearthflame Mask Ogerpon ex,026/187,RR,https://asia.pokemon-card.com/th/card-img/th00010710.png
Pokemon,เทศกาลเทรัสตัลex,SV8a,เพลิงทะลวง ex,Gouging Fire ex,027/187,RR,https://asia.pokemon-card.com/th/card-img/th00010711.png
Pokemon,เทศกาลเทรัสตัลex,SV8a,โทซาคินโตะ ,Goldeen,028/187,C,https://asia.pokemon-card.com/th/card-img/th00010712.png
Pokemon,เทศกาลเทรัสตัลex,SV8a,โทซาคินโตะ,Goldeen,028/187,PB,https://asia.pokemon-card.com/th/card-img/th00010910.png
Pokemon,เทศกาลเทรัสตัลex,SV8a,อซึมาโอ,Seaking,029/187,C,https://asia.pokemon-card.com/th/card-img/th00010713.png
Pokemon,เทศกาลเทรัสตัลex,SV8a,อซึมาโอ,Seaking,029/187,PB,https://asia.pokemon-card.com/th/card-img/th00010911.png
Pokemon,เทศกาลเทรัสตัลex,SV8a,ชาวเวอร์ส,Vaporeon,030/187,C,https://asia.pokemon-card.com/th/card-img/th00010714.png
Pokemon,เทศกาลเทรัสตัลex,SV8a,ชาวเวอร์ส,Vaporeon,030/187,PB,https://asia.pokemon-card.com/th/card-img/th00010912.png
Pokemon,เทศกาลเทรัสตัลex,SV8a,อัลลิเกต,Vaporeon ex,031/187,RR,https://asia.pokemon-card.com/th/card-img/th00010715.png
Pokemon,เทศกาลเทรัสตัลex,SV8a,วานิโนโกะ,Totodile,032/187,C,https://asia.pokemon-card.com/th/card-img/th00010716.png
Pokemon,เทศกาลเทรัสตัลex,SV8a,วานิโนโกะ,Totodile,032/187,PB,https://asia.pokemon-card.com/th/card-img/th00010913.png
Pokemon,เทศกาลเทรัสตัลex,SV8a,อัลลิเกต,Croconaw,033/187,C,https://asia.pokemon-card.com/th/card-img/th00010717.png
Pokemon,เทศกาลเทรัสตัลex,SV8a,อัลลิเกต,Croconaw,033/187,PB,https://asia.pokemon-card.com/th/card-img/th00010914.png
Pokemon,เทศกาลเทรัสตัลex,SV8a,ออไดล์,Feraligatr,034/187,U,https://asia.pokemon-card.com/th/card-img/th00010718.png
Pokemon,เทศกาลเทรัสตัลex,SV8a,ออไดล์,Feraligatr,034/187,PB,https://asia.pokemon-card.com/th/card-img/th00010915.png
Pokemon,เทศกาลเทรัสตัลex,SV8a,ฮินบาส,Feebas,035/187,C,https://asia.pokemon-card.com/th/card-img/th00010719.png
Pokemon,เทศกาลเทรัสตัลex,SV8a,ฮินบาส,Feebas,035/187,PB,https://asia.pokemon-card.com/th/card-img/th00010916.png
Pokemon,เทศกาลเทรัสตัลex,SV8a,มิโลคารอส,Milotic,036/187,C,https://asia.pokemon-card.com/th/card-img/th00010720.png
Pokemon,เทศกาลเทรัสตัลex,SV8a,มิโลคารอส,Milotic,036/187,PB,https://asia.pokemon-card.com/th/card-img/th00010917.png
Pokemon,เทศกาลเทรัสตัลex,SV8a,ยูกิวาราชิ,Snorunt,037/187,C,https://asia.pokemon-card.com/th/card-img/th00010721.png
Pokemon,เทศกาลเทรัสตัลex,SV8a,ยูกิวาราชิ,Snorunt,037/187,PB,https://asia.pokemon-card.com/th/card-img/th00010918.png
Pokemon,เทศกาลเทรัสตัลex,SV8a,ยูกิเมโนโกะ,Froslass,038/187,C,https://asia.pokemon-card.com/th/card-img/th00010722.png
Pokemon,เทศกาลเทรัสตัลex,SV8a,ยูกิเมโนโกะ,Froslass,038/187,PB,https://asia.pokemon-card.com/th/card-img/th00010919.png
Pokemon,เทศกาลเทรัสตัลex,SV8a,กาเบรียส ex,Garchomp ex,039/187,RR,https://asia.pokemon-card.com/th/card-img/th00010723.png
Pokemon,เทศกาลเทรัสตัลex,SV8a,กราเซีย,Glaceon,040/187,C,https://asia.pokemon-card.com/th/card-img/th00010724.png
Pokemon,เทศกาลเทรัสตัลex,SV8a,กราเซีย,Glaceon,040/187,PB,https://asia.pokemon-card.com/th/card-img/th00010920.png
Pokemon,เทศกาลเทรัสตัลex,SV8a,กราเซีย ex,Glaceon ex,041/187,RR,https://asia.pokemon-card.com/th/card-img/th00010725.png
Pokemon,เทศกาลเทรัสตัลex,SV8a,อุมิดิกดา,Wiglett,042/187,C,https://asia.pokemon-card.com/th/card-img/th00010726.png
Pokemon,เทศกาลเทรัสตัลex,SV8a,อุมิดิกดา,Wiglett,042/187,PB,https://asia.pokemon-card.com/th/card-img/th00010921.png
Pokemon,เทศกาลเทรัสตัลex,SV8a,อุมิทริโอ,Wugtrio,043/187,C,https://asia.pokemon-card.com/th/card-img/th00010727.png
Pokemon,เทศกาลเทรัสตัลex,SV8a,อุมิทริโอ,Wugtrio,043/187,PB,https://asia.pokemon-card.com/th/card-img/th00010922.png
Pokemon,เทศกาลเทรัสตัลex,SV8a,นามิอิรุกะ,Finizen,044/187,C,https://asia.pokemon-card.com/th/card-img/th00010728.png
Pokemon,เทศกาลเทรัสตัลex,SV8a,นามิอิรุกะ,Finizen,044/187,PB,https://asia.pokemon-card.com/th/card-img/th00010923.png
Pokemon,เทศกาลเทรัสตัลex,SV8a,อิรุกะแมน,Palafin,045/187,C,https://asia.pokemon-card.com/th/card-img/th00010729.png
Pokemon,เทศกาลเทรัสตัลex,SV8a,อิรุกะแมน,Palafin,045/187,PB,https://asia.pokemon-card.com/th/card-img/th00010924.png
Pokemon,เทศกาลเทรัสตัลex,SV8a,อิรุกะแมน ex,Palafin ex,046/187,RR,https://asia.pokemon-card.com/th/card-img/th00010730.png
Pokemon,เทศกาลเทรัสตัลex,SV8a,ถุงเหล็ก,Iron Bundle,047/187,C,https://asia.pokemon-card.com/th/card-img/th00010731.png
Pokemon,เทศกาลเทรัสตัลex,SV8a,ถุงเหล็ก,Iron Bundle,047/187,PB,https://asia.pokemon-card.com/th/card-img/th00010925.png
Pokemon,เทศกาลเทรัสตัลex,SV8a,เป้าเจี้ยน,Chien-Pao,048/187,U,https://asia.pokemon-card.com/th/card-img/th00010732.png
Pokemon,เทศกาลเทรัสตัลex,SV8a,เป้าเจี้ยน,Chien-Pao,048/187,PB,https://asia.pokemon-card.com/th/card-img/th00010926.png
Pokemon,เทศกาลเทรัสตัลex,SV8a,คลื่นน้ำกระเพื่อม ex,Walking Wake ex,049/187,RR,https://asia.pokemon-card.com/th/card-img/th00010733.png
Pokemon,เทศกาลเทรัสตัลex,SV8a,โอการ์ปอง หน้ากากบ่อน้ำ ex,Wellspring Mask Ogerpon ex,050/187,RR,https://asia.pokemon-card.com/th/card-img/th00010734.png
Pokemon,เทศกาลเทรัสตัลex,SV8a,ธันเดอร์ส,Jolteon,051/187,C,https://asia.pokemon-card.com/th/card-img/th00010735.png
Pokemon,เทศกาลเทรัสตัลex,SV8a,ธันเดอร์ส,Jolteon,051/187,PB,https://asia.pokemon-card.com/th/card-img/th00010927.png
Pokemon,เทศกาลเทรัสตัลex,SV8a,ธันเดอร์ส ex,Jolteon ex,052/187,RR,https://asia.pokemon-card.com/th/card-img/th00010736.png
Pokemon,เทศกาลเทรัสตัลex,SV8a,เซราโอรา,Zeraora,053/187,U,https://asia.pokemon-card.com/th/card-img/th00010737.png
Pokemon,เทศกาลเทรัสตัลex,SV8a,เซราโอรา,Zeraora,053/187,PB,https://asia.pokemon-card.com/th/card-img/th00010928.png
Pokemon,เทศกาลเทรัสตัลex,SV8a,แขนเหล็ก ex,Iron Hands ex,054/187,RR,https://asia.pokemon-card.com/th/card-img/th00010738.png
Pokemon,เทศกาลเทรัสตัลex,SV8a,หนามเหล็ก,Iron Thorns,055/187,C,https://asia.pokemon-card.com/th/card-img/th00010739.png
Pokemon,เทศกาลเทรัสตัลex,SV8a,หนามเหล็ก,Iron Thorns,055/187,PB,https://asia.pokemon-card.com/th/card-img/th00010929.png
Pokemon,เทศกาลเทรัสตัลex,SV8a,หนามเหล็ก ex,Iron Thorns ex,056/187,RR,https://asia.pokemon-card.com/th/card-img/th00010740.png
Pokemon,เทศกาลเทรัสตัลex,SV8a,เคซี,Abra,057/187,C,https://asia.pokemon-card.com/th/card-img/th00010741.png
Pokemon,เทศกาลเทรัสตัลex,SV8a,เคซี,Abra,057/187,PB,https://asia.pokemon-card.com/th/card-img/th00010930.png
Pokemon,เทศกาลเทรัสตัลex,SV8a,ยุนเกเรอร์,Kadabra,058/187,C,https://asia.pokemon-card.com/th/card-img/th00010742.png
Pokemon,เทศกาลเทรัสตัลex,SV8a,ยุนเกเรอร์,Kadabra,058/187,PB,https://asia.pokemon-card.com/th/card-img/th00010931.png
Pokemon,เทศกาลเทรัสตัลex,SV8a,ฟูดิน,Alakazam,059/187,U,https://asia.pokemon-card.com/th/card-img/th00010743.png
Pokemon,เทศกาลเทรัสตัลex,SV8a,ฟูดิน,Alakazam,059/187,PB,https://asia.pokemon-card.com/th/card-img/th00010932.png
Pokemon,เทศกาลเทรัสตัลex,SV8a,เนที,Natu,060/187,C,https://asia.pokemon-card.com/th/card-img/th00010744.png
Pokemon,เทศกาลเทรัสตัลex,SV8a,เนที,Natu,060/187,PB,https://asia.pokemon-card.com/th/card-img/th00010933.png
Pokemon,เทศกาลเทรัสตัลex,SV8a,เนทิโอ,Xatu,061/187,C,https://asia.pokemon-card.com/th/card-img/th00010745.png
Pokemon,เทศกาลเทรัสตัลex,SV8a,เนทิโอ,Xatu,061/187,PB,https://asia.pokemon-card.com/th/card-img/th00010934.png
Pokemon,เทศกาลเทรัสตัลex,SV8a,เอฟี,Espeon,062/187,C,https://asia.pokemon-card.com/th/card-img/th00010746.png
Pokemon,เทศกาลเทรัสตัลex,SV8a,เอฟี,Espeon,062/187,PB,https://asia.pokemon-card.com/th/card-img/th00010935.png
Pokemon,เทศกาลเทรัสตัลex,SV8a,เอฟี ex,Espeon ex,063/187,RR,https://asia.pokemon-card.com/th/card-img/th00010747.png
Pokemon,เทศกาลเทรัสตัลex,SV8a,โยมาวารุ,Duskull,064/187,C,https://asia.pokemon-card.com/th/card-img/th00010748.png
Pokemon,เทศกาลเทรัสตัลex,SV8a,โยมาวารุ,Duskull,064/187,PB,https://asia.pokemon-card.com/th/card-img/th00010936.png
Pokemon,เทศกาลเทรัสตัลex,SV8a,ซามาโยรุ,Dusclops,065/187,C,https://asia.pokemon-card.com/th/card-img/th00010749.png
Pokemon,เทศกาลเทรัสตัลex,SV8a,ซามาโยรุ,Dusclops,065/187,PB,https://asia.pokemon-card.com/th/card-img/th00010937.png
Pokemon,เทศกาลเทรัสตัลex,SV8a,โยนัวร์,Dusknoir,066/187,U,https://asia.pokemon-card.com/th/card-img/th00010750.png
Pokemon,เทศกาลเทรัสตัลex,SV8a,โยนัวร์,Dusknoir,066/187,PB,https://asia.pokemon-card.com/th/card-img/th00010938.png
Pokemon,เทศกาลเทรัสตัลex,SV8a,เพร็อพพัฟ,Swirlix,067/187,C,https://asia.pokemon-card.com/th/card-img/th00010751.png
Pokemon,เทศกาลเทรัสตัลex,SV8a,เพร็อพพัฟ,Swirlix,067/187,PB,https://asia.pokemon-card.com/th/card-img/th00010939.png
Pokemon,เทศกาลเทรัสตัลex,SV8a,นิมเฟีย,Sylveon,068/187,C,https://asia.pokemon-card.com/th/card-img/th00010752.png
Pokemon,เทศกาลเทรัสตัลex,SV8a,นิมเฟีย,Sylveon,068/187,PB,https://asia.pokemon-card.com/th/card-img/th00010940.png
Pokemon,เทศกาลเทรัสตัลex,SV8a,นิมเฟีย ex,Sylveon ex,069/187,RR,https://asia.pokemon-card.com/th/card-img/th00010753.png
Pokemon,เทศกาลเทรัสตัลex,SV8a,โซเบลดส์,Ceruledge,070/187,U,https://asia.pokemon-card.com/th/card-img/th00010754.png
Pokemon,เทศกาลเทรัสตัลex,SV8a,โซเบลดส์,Ceruledge,070/187,PB,https://asia.pokemon-card.com/th/card-img/th00010941.png
Pokemon,เทศกาลเทรัสตัลex,SV8a,หางตะเบ็ง,Scream Tail,071/187,C,https://asia.pokemon-card.com/th/card-img/th00010755.png
Pokemon,เทศกาลเทรัสตัลex,SV8a,หางตะเบ็ง,Scream Tail,071/187,PB,https://asia.pokemon-card.com/th/card-img/th00010942.png
Pokemon,เทศกาลเทรัสตัลex,SV8a,เกศากระพือ,Flutter Mane,072/187,U,https://asia.pokemon-card.com/th/card-img/th00010756.png
Pokemon,เทศกาลเทรัสตัลex,SV8a,เกศากระพือ,Flutter Mane,072/187,PB,https://asia.pokemon-card.com/th/card-img/th00010943.png
Pokemon,เทศกาลเทรัสตัลex,SV8a,คอลเลคเรย์,Gimmighoul,073/187,C,https://asia.pokemon-card.com/th/card-img/th00010757.png
Pokemon,เทศกาลเทรัสตัลex,SV8a,คอลเลคเรย์,Gimmighoul,073/187,PB,https://asia.pokemon-card.com/th/card-img/th00010944.png
Pokemon,เทศกาลเทรัสตัลex,SV8a,นักรบเหล็ก ex,Iron Valiant ex,074/187,RR,https://asia.pokemon-card.com/th/card-img/th00010758.png
Pokemon,เทศกาลเทรัสตัลex,SV8a,มาชิมาชิระ,Munkidori,075/187,U,https://asia.pokemon-card.com/th/card-img/th00010759.png
Pokemon,เทศกาลเทรัสตัลex,SV8a,มาชิมาชิระ,Munkidori,075/187,PB,https://asia.pokemon-card.com/th/card-img/th00010945.png
Pokemon,เทศกาลเทรัสตัลex,SV8a,คิจิคิกิสึ,Fezandipiti,076/187,U,https://asia.pokemon-card.com/th/card-img/th00010760.png
Pokemon,เทศกาลเทรัสตัลex,SV8a,คิจิคิกิสึ,Fezandipiti,076/187,PB,https://asia.pokemon-card.com/th/card-img/th00010946.png
Pokemon,เทศกาลเทรัสตัลex,SV8a,ศิลาเหล็ก,Iron Boulder,077/187,U,https://asia.pokemon-card.com/th/card-img/th00010761.png
Pokemon,เทศกาลเทรัสตัลex,SV8a,ศิลาเหล็ก,Iron Boulder,077/187,PB,https://asia.pokemon-card.com/th/card-img/th00010947.png
Pokemon,เทศกาลเทรัสตัลex,SV8a,หัวเหล็ก ex,Iron Crown ex,078/187,RR,https://asia.pokemon-card.com/th/card-img/th00010762.png
Pokemon,เทศกาลเทรัสตัลex,SV8a,จีแลนซ์,Relicanth,079/187,C,https://asia.pokemon-card.com/th/card-img/th00010763.png
Pokemon,เทศกาลเทรัสตัลex,SV8a,จีแลนซ์,Relicanth,079/187,PB,https://asia.pokemon-card.com/th/card-img/th00010948.png
Pokemon,เทศกาลเทรัสตัลex,SV8a,กราดอน,Groudon,080/187,U,https://asia.pokemon-card.com/th/card-img/th00010764.png
Pokemon,เทศกาลเทรัสตัลex,SV8a,กราดอน,Groudon,080/187,PB,https://asia.pokemon-card.com/th/card-img/th00010949.png
Pokemon,เทศกาลเทรัสตัลex,SV8a,ฟุคามารุ,Gible,081/187,C,https://asia.pokemon-card.com/th/card-img/th00010765.png
Pokemon,เทศกาลเทรัสตัลex,SV8a,ฟุคามารุ,Gible,081/187,PB,https://asia.pokemon-card.com/th/card-img/th00010950.png
Pokemon,เทศกาลเทรัสตัลex,SV8a,กาไบต์,Gabite,082/187,C,https://asia.pokemon-card.com/th/card-img/th00010766.png
Pokemon,เทศกาลเทรัสตัลex,SV8a,กาไบต์,Gabite,082/187,PB,https://asia.pokemon-card.com/th/card-img/th00010951.png
Pokemon,เทศกาลเทรัสตัลex,SV8a,โมกุริว,Drilbur,083/187,C,https://asia.pokemon-card.com/th/card-img/th00010767.png
Pokemon,เทศกาลเทรัสตัลex,SV8a,โมกุริว,Drilbur,083/187,PB,https://asia.pokemon-card.com/th/card-img/th00010952.png
Pokemon,เทศกาลเทรัสตัลex,SV8a,ลูจาบูล,Hawlucha,084/187,C,https://asia.pokemon-card.com/th/card-img/th00010768.png
Pokemon,เทศกาลเทรัสตัลex,SV8a,ลูจาบูล,Hawlucha,084/187,PB,https://asia.pokemon-card.com/th/card-img/th00010953.png
Pokemon,เทศกาลเทรัสตัลex,SV8a,กาจิกุมะ พระจันทร์สีเลือด,Bloodmoon Ursaluna,085/187,U,https://asia.pokemon-card.com/th/card-img/th00010769.png
Pokemon,เทศกาลเทรัสตัลex,SV8a,กาจิกุมะ พระจันทร์สีเลือด,Bloodmoon Ursaluna,085/187,PB,https://asia.pokemon-card.com/th/card-img/th00010954.png
Pokemon,เทศกาลเทรัสตัลex,SV8a,งายักษ์,Great Tusk,086/187,U,https://asia.pokemon-card.com/th/card-img/th00010770.png
Pokemon,เทศกาลเทรัสตัลex,SV8a,งายักษ์,Great Tusk,086/187,PB,https://asia.pokemon-card.com/th/card-img/th00010955.png
Pokemon,เทศกาลเทรัสตัลex,SV8a,ปีกไล้พสุธา,Slither Wing,087/187,U,https://asia.pokemon-card.com/th/card-img/th00010771.png
Pokemon,เทศกาลเทรัสตัลex,SV8a,ปีกไล้พสุธา,Slither Wing,087/187,PB,https://asia.pokemon-card.com/th/card-img/th00010956.png
Pokemon,เทศกาลเทรัสตัลex,SV8a,ขนทราย ex,Sandy Shocks ex,088/187,RR,https://asia.pokemon-card.com/th/card-img/th00010772.png
Pokemon,เทศกาลเทรัสตัลex,SV8a,ติ่งลู่,Ting-Lu,089/187,U,https://asia.pokemon-card.com/th/card-img/th00010773.png
Pokemon,เทศกาลเทรัสตัลex,SV8a,ติ่งลู่,Ting-Lu,089/187,PB,https://asia.pokemon-card.com/th/card-img/th00010957.png
Pokemon,เทศกาลเทรัสตัลex,SV8a,อี้เนะอินุ,Okidogi,090/187,U,https://asia.pokemon-card.com/th/card-img/th00010774.png
Pokemon,เทศกาลเทรัสตัลex,SV8a,อี้เนะอินุ,Okidogi,090/187,PB,https://asia.pokemon-card.com/th/card-img/th00010958.png
Pokemon,เทศกาลเทรัสตัลex,SV8a,โอการ์ปอง หน้ากากฐานราก ex,Cornerstone Mask Ogerpon ex,091/187,RR,https://asia.pokemon-card.com/th/card-img/th00010775.png
Pokemon,เทศกาลเทรัสตัลex,SV8a,แบล็กกี,Umbreon,092/187,C,https://asia.pokemon-card.com/th/card-img/th00010776.png
Pokemon,เทศกาลเทรัสตัลex,SV8a,แบล็กกี,Umbreon,092/187,PB,https://asia.pokemon-card.com/th/card-img/th00010959.png
Pokemon,เทศกาลเทรัสตัลex,SV8a,แบล็กกี ex,Umbreon ex,093/187,RR,https://asia.pokemon-card.com/th/card-img/th00010777.png
Pokemon,เทศกาลเทรัสตัลex,SV8a,ยาบุคุรอน,Trubbish,094/187,C,https://asia.pokemon-card.com/th/card-img/th00010778.png
Pokemon,เทศกาลเทรัสตัลex,SV8a,ยาบุคุรอน,Trubbish,094/187,PB,https://asia.pokemon-card.com/th/card-img/th00010960.png
Pokemon,เทศกาลเทรัสตัลex,SV8a,ดัสต์ดาส,Garbodor,095/187,C,https://asia.pokemon-card.com/th/card-img/th00010779.png
Pokemon,เทศกาลเทรัสตัลex,SV8a,ดัสต์ดาส,Garbodor,095/187,PB,https://asia.pokemon-card.com/th/card-img/th00010961.png
Pokemon,เทศกาลเทรัสตัลex,SV8a,โซรัว,Zorua,096/187,C,https://asia.pokemon-card.com/th/card-img/th00010780.png
Pokemon,เทศกาลเทรัสตัลex,SV8a,โซรัว,Zorua,096/187,PB,https://asia.pokemon-card.com/th/card-img/th00010962.png
Pokemon,เทศกาลเทรัสตัลex,SV8a,โซโรอาร์ค,Zoroark,097/187,C,https://asia.pokemon-card.com/th/card-img/th00010781.png
Pokemon,เทศกาลเทรัสตัลex,SV8a,โซโรอาร์ค,Zoroark,097/187,PB,https://asia.pokemon-card.com/th/card-img/th00010963.png
Pokemon,เทศกาลเทรัสตัลex,SV8a,โมรุเปโกะ,Morpeko,098/187,C,https://asia.pokemon-card.com/th/card-img/th00010782.png
Pokemon,เทศกาลเทรัสตัลex,SV8a,โมรุเปโกะ,Morpeko,098/187,PB,https://asia.pokemon-card.com/th/card-img/th00010964.png
Pokemon,เทศกาลเทรัสตัลex,SV8a,เห็ดคลุ้มคลั่ง,Brute Bonnet,099/187,C,https://asia.pokemon-card.com/th/card-img/th00010783.png
Pokemon,เทศกาลเทรัสตัลex,SV8a,เห็ดคลุ้มคลั่ง,Brute Bonnet,099/187,PB,https://asia.pokemon-card.com/th/card-img/th00010965.png
Pokemon,เทศกาลเทรัสตัลex,SV8a,จันทร์คำรน,Roaring Moon,100/187,U,https://asia.pokemon-card.com/th/card-img/th00010784.png
Pokemon,เทศกาลเทรัสตัลex,SV8a,จันทร์คำรน,Roaring Moon,100/187,PB,https://asia.pokemon-card.com/th/card-img/th00010966.png
Pokemon,เทศกาลเทรัสตัลex,SV8a,จันทร์คำรน ex,Roaring Moon ex,101/187,RR,https://asia.pokemon-card.com/th/card-img/th00010785.png
Pokemon,เทศกาลเทรัสตัลex,SV8a,อี้เนะอินุ ex,Okidogi ex,102/187,RR,https://asia.pokemon-card.com/th/card-img/th00010786.png
Pokemon,เทศกาลเทรัสตัลex,SV8a,มาชิมาชิระ ex,Munkidori ex,103/187,RR,https://asia.pokemon-card.com/th/card-img/th00010787.png
Pokemon,เทศกาลเทรัสตัลex,SV8a,คิจิคิกิสึ ex,Fezandipiti ex,104/187,RR,https://asia.pokemon-card.com/th/card-img/th00010788.png
Pokemon,เทศกาลเทรัสตัลex,SV8a,โมโมวาโร่ ex,Pecharunt ex,105/187,RR,https://asia.pokemon-card.com/th/card-img/th00010789.png
Pokemon,เทศกาลเทรัสตัลex,SV8a,ดันบัล,Beldum,106/187,C,https://asia.pokemon-card.com/th/card-img/th00010790.png
Pokemon,เทศกาลเทรัสตัลex,SV8a,ดันบัล,Beldum,106/187,PB,https://asia.pokemon-card.com/th/card-img/th00010967.png
Pokemon,เทศกาลเทรัสตัลex,SV8a,เมแทงก์,Metang,107/187,C,https://asia.pokemon-card.com/th/card-img/th00010791.png
Pokemon,เทศกาลเทรัสตัลex,SV8a,เมแทงก์,Metang,107/187,PB,https://asia.pokemon-card.com/th/card-img/th00010968.png
Pokemon,เทศกาลเทรัสตัลex,SV8a,จิราชิ,Jirachi,108/187,U,https://asia.pokemon-card.com/th/card-img/th00010792.png
Pokemon,เทศกาลเทรัสตัลex,SV8a,จิราชิ,Jirachi,108/187,PB,https://asia.pokemon-card.com/th/card-img/th00010969.png
Pokemon,เทศกาลเทรัสตัลex,SV8a,ฮิโตทซึกิ,Honedge,109/187,C,https://asia.pokemon-card.com/th/card-img/th00010793.png
Pokemon,เทศกาลเทรัสตัลex,SV8a,ฮิโตทซึกิ,Honedge,109/187,PB,https://asia.pokemon-card.com/th/card-img/th00010970.png
Pokemon,เทศกาลเทรัสตัลex,SV8a,นิดังกิล,Doublade,110/187,C,https://asia.pokemon-card.com/th/card-img/th00010794.png
Pokemon,เทศกาลเทรัสตัลex,SV8a,นิดังกิล,Doublade,110/187,PB,https://asia.pokemon-card.com/th/card-img/th00010971.png
Pokemon,เทศกาลเทรัสตัลex,SV8a,กิลการ์ด,Aegislash,111/187,U,https://asia.pokemon-card.com/th/card-img/th00010795.png
Pokemon,เทศกาลเทรัสตัลex,SV8a,กิลการ์ด,Aegislash,111/187,PB,https://asia.pokemon-card.com/th/card-img/th00010972.png
Pokemon,เทศกาลเทรัสตัลex,SV8a,ดิวรัลดอน,Duraludon,112/187,C,https://asia.pokemon-card.com/th/card-img/th00010796.png
Pokemon,เทศกาลเทรัสตัลex,SV8a,ดิวรัลดอน,Duraludon,112/187,PB,https://asia.pokemon-card.com/th/card-img/th00010973.png
Pokemon,เทศกาลเทรัสตัลex,SV8a,บริดิวรัส,Archaludon,113/187,U,https://asia.pokemon-card.com/th/card-img/th00010797.png
Pokemon,เทศกาลเทรัสตัลex,SV8a,บริดิวรัส,Archaludon,113/187,PB,https://asia.pokemon-card.com/th/card-img/th00010974.png
Pokemon,เทศกาลเทรัสตัลex,SV8a,โบรรอน,Varoom,114/187,C,https://asia.pokemon-card.com/th/card-img/th00010798.png
Pokemon,เทศกาลเทรัสตัลex,SV8a,โบรรอน,Varoom,114/187,PB,https://asia.pokemon-card.com/th/card-img/th00010975.png
Pokemon,เทศกาลเทรัสตัลex,SV8a,โบรโรโรม,Revavroom,115/187,U,https://asia.pokemon-card.com/th/card-img/th00010799.png
Pokemon,เทศกาลเทรัสตัลex,SV8a,บริดิวรัส,Revavroom,115/187,PB,https://asia.pokemon-card.com/th/card-img/th00010976.png
Pokemon,เทศกาลเทรัสตัลex,SV8a,รอยล้อเหล็ก,Iron Treads,116/187,U,https://asia.pokemon-card.com/th/card-img/th00010800.png
Pokemon,เทศกาลเทรัสตัลex,SV8a,รอยล้อเหล็ก,Iron Treads,116/187,PB,https://asia.pokemon-card.com/th/card-img/th00010977.png
Pokemon,เทศกาลเทรัสตัลex,SV8a,ซาร์ฟโก ex,Gholdengo ex,117/187,RR,https://asia.pokemon-card.com/th/card-img/th00010801.png
Pokemon,เทศกาลเทรัสตัลex,SV8a,โดราเมชิยะ,Dreepy,118/187,C,https://asia.pokemon-card.com/th/card-img/th00010802.png
Pokemon,เทศกาลเทรัสตัลex,SV8a,โดราเมชิยะ,Dreepy,118/187,PB,https://asia.pokemon-card.com/th/card-img/th00010978.png
Pokemon,เทศกาลเทรัสตัลex,SV8a,โดรอนจิ,Drakloak,119/187,C,https://asia.pokemon-card.com/th/card-img/th00010803.png
Pokemon,เทศกาลเทรัสตัลex,SV8a,โดรอนจิ,Drakloak,119/187,PB,https://asia.pokemon-card.com/th/card-img/th00010979.png
Pokemon,เทศกาลเทรัสตัลex,SV8a,โดราพัลท์ ex,Dragapult ex,120/187,RR,https://asia.pokemon-card.com/th/card-img/th00010804.png
Pokemon,เทศกาลเทรัสตัลex,SV8a,ชาริทัตสึ,Tatsugiri,121/187,U,https://asia.pokemon-card.com/th/card-img/th00010805.png
Pokemon,เทศกาลเทรัสตัลex,SV8a,ชาริทัตสึ,Tatsugiri,121/187,PB,https://asia.pokemon-card.com/th/card-img/th00010980.png
Pokemon,เทศกาลเทรัสตัลex,SV8a,โคไรดอน,Koraidon,122/187,U,https://asia.pokemon-card.com/th/card-img/th00010806.png
Pokemon,เทศกาลเทรัสตัลex,SV8a,โคไรดอน,Koraidon,122/187,PB,https://asia.pokemon-card.com/th/card-img/th00010981.png
Pokemon,เทศกาลเทรัสตัลex,SV8a,มิไรดอน,Miraidon,123/187,U,https://asia.pokemon-card.com/th/card-img/th00010807.png
Pokemon,เทศกาลเทรัสตัลex,SV8a,มิไรดอน,Miraidon,123/187,PB,https://asia.pokemon-card.com/th/card-img/th00010982.png
Pokemon,เทศกาลเทรัสตัลex,SV8a,ฟ้าคะนองคลั่ง ex,Raging Bolt ex,124/187,RR,https://asia.pokemon-card.com/th/card-img/th00010808.png
Pokemon,เทศกาลเทรัสตัลex,SV8a,อีวุย,Eevee,125/187,C,https://asia.pokemon-card.com/th/card-img/th00010809.png
Pokemon,เทศกาลเทรัสตัลex,SV8a,อีวุย,Eevee,125/187,PB,https://asia.pokemon-card.com/th/card-img/th00010983.png
Pokemon,เทศกาลเทรัสตัลex,SV8a,อีวุย ex,Eevee ex,126/187,RR,https://asia.pokemon-card.com/th/card-img/th00010810.png
Pokemon,เทศกาลเทรัสตัลex,SV8a,โฮโอ,Hoothoot,127/187,C,https://asia.pokemon-card.com/th/card-img/th00010811.png
Pokemon,เทศกาลเทรัสตัลex,SV8a,โฮโอ,Hoothoot,127/187,PB,https://asia.pokemon-card.com/th/card-img/th00010984.png
Pokemon,เทศกาลเทรัสตัลex,SV8a,โยรุโนะซึคุ,Noctowl,128/187,U,https://asia.pokemon-card.com/th/card-img/th00010812.png
Pokemon,เทศกาลเทรัสตัลex,SV8a,โยรุโนะซึคุ,Noctowl,128/187,PB,https://asia.pokemon-card.com/th/card-img/th00010985.png
Pokemon,เทศกาลเทรัสตัลex,SV8a,โนก็อจจิ,Dunsparce,129/187,C,https://asia.pokemon-card.com/th/card-img/th00010813.png
Pokemon,เทศกาลเทรัสตัลex,SV8a,โนก็อจจิ,Dunsparce,129/187,PB,https://asia.pokemon-card.com/th/card-img/th00010986.png
Pokemon,เทศกาลเทรัสตัลex,SV8a,โนโกก็อจจิ,Dudunsparce,130/187,U,https://asia.pokemon-card.com/th/card-img/th00010814.png
Pokemon,เทศกาลเทรัสตัลex,SV8a,โนโกก็อจจิ,Dudunsparce,130/187,PB,https://asia.pokemon-card.com/th/card-img/th00010987.png
Pokemon,เทศกาลเทรัสตัลex,SV8a,สปินโรตอม,Fan Rotom,131/187,U,https://asia.pokemon-card.com/th/card-img/th00010815.png
Pokemon,เทศกาลเทรัสตัลex,SV8a,สปินโรตอม,Fan Rotom,131/187,PB,https://asia.pokemon-card.com/th/card-img/th00010988.png
Pokemon,เทศกาลเทรัสตัลex,SV8a,เรจิกิกัส,Regigigas,132/187,U,https://asia.pokemon-card.com/th/card-img/th00010816.png
Pokemon,เทศกาลเทรัสตัลex,SV8a,เรจิกิกัส,Regigigas,132/187,PB,https://asia.pokemon-card.com/th/card-img/th00010989.png
Pokemon,เทศกาลเทรัสตัลex,SV8a,บัฟฟรอน,Bouffalant,133/187,U,https://asia.pokemon-card.com/th/card-img/th00010817.png
Pokemon,เทศกาลเทรัสตัลex,SV8a,บัฟฟรอน,Bouffalant,133/187,PB,https://asia.pokemon-card.com/th/card-img/th00010990.png
Pokemon,เทศกาลเทรัสตัลex,SV8a,กาจิกุมะ พระจันทร์สีเลือด ex,Bloodmoon Ursaluna ex,134/187,RR,https://asia.pokemon-card.com/th/card-img/th00010818.png
Pokemon,เทศกาลเทรัสตัลex,SV8a,คอเหล็ก,Iron Jugulis,135/187,U,https://asia.pokemon-card.com/th/card-img/th00010819.png
Pokemon,เทศกาลเทรัสตัลex,SV8a,คอเหล็ก,Iron Jugulis,135/187,PB,https://asia.pokemon-card.com/th/card-img/th00010991.png
Pokemon,เทศกาลเทรัสตัลex,SV8a,เทราปากอส ex,Terapagos ex,136/187,RR,https://asia.pokemon-card.com/th/card-img/th00010820.png
Pokemon,เทศกาลเทรัสตัลex,SV8a,หน้ากากยักษ์,Ogre's Mask,137/187,U,https://asia.pokemon-card.com/th/card-img/th00010821.png
Pokemon,เทศกาลเทรัสตัลex,SV8a,หน้ากากยักษ์,Ogre's Mask,137/187,PB,https://asia.pokemon-card.com/th/card-img/th00010992.png
Pokemon,เทศกาลเทรัสตัลex,SV8a,ค้อนสลายพลังงาน,Enhanced Hammer,138/187,U,https://asia.pokemon-card.com/th/card-img/th00010822.png
Pokemon,เทศกาลเทรัสตัลex,SV8a,ค้อนสลายพลังงาน,Enhanced Hammer,138/187,PB,https://asia.pokemon-card.com/th/card-img/th00010993.png
Pokemon,เทศกาลเทรัสตัลex,SV8a,เคาน์เตอร์ แคชเชอร์,Counter Catcher,139/187,U,https://asia.pokemon-card.com/th/card-img/th00010823.png
Pokemon,เทศกาลเทรัสตัลex,SV8a,เคาน์เตอร์ แคชเชอร์,Counter Catcher,139/187,PB,https://asia.pokemon-card.com/th/card-img/th00010994.png
Pokemon,เทศกาลเทรัสตัลex,SV8a,ทรัมเป็ตแก้ว,Glass Trumpet,140/187,U,https://asia.pokemon-card.com/th/card-img/th00010824.png
Pokemon,เทศกาลเทรัสตัลex,SV8a,ทรัมเป็ตแก้ว,Glass Trumpet,140/187,PB,https://asia.pokemon-card.com/th/card-img/th00010995.png
Pokemon,เทศกาลเทรัสตัลex,SV8a,กู้คืนพลังงานแบบพิเศษ,Superior Energy Retrieval,141/187,U,https://asia.pokemon-card.com/th/card-img/th00010825.png
Pokemon,เทศกาลเทรัสตัลex,SV8a,กู้คืนพลังงานแบบพิเศษ,Superior Energy Retrieval,141/187,PB,https://asia.pokemon-card.com/th/card-img/th00010996.png
Pokemon,เทศกาลเทรัสตัลex,SV8a,คันเบ็ด MAX,MAX Rod,142/187,ACE,https://asia.pokemon-card.com/th/card-img/th00010826.png
Pokemon,เทศกาลเทรัสตัลex,SV8a,ภาชนะแห่งผืนปฐพี,Earthen Vessel,143/187,U,https://asia.pokemon-card.com/th/card-img/th00010827.png
Pokemon,เทศกาลเทรัสตัลex,SV8a,ภาชนะแห่งผืนปฐพี,Earthen Vessel,143/187,PB,https://asia.pokemon-card.com/th/card-img/th00010997.png
Pokemon,เทศกาลเทรัสตัลex,SV8a,เทคโนเรดาร์,Techno Radar,144/187,U,https://asia.pokemon-card.com/th/card-img/th00010828.png
Pokemon,เทศกาลเทรัสตัลex,SV8a,เทคโนเรดาร์,Techno Radar,144/187,PB,https://asia.pokemon-card.com/th/card-img/th00010998.png
Pokemon,เทศกาลเทรัสตัลex,SV8a,ลูกแก้วเทรัสตัล,Tera Orb,145/187,U,https://asia.pokemon-card.com/th/card-img/th00010829.png
Pokemon,เทศกาลเทรัสตัลex,SV8a,ลูกแก้วเทรัสตัล,Tera Orb,145/187,PB,https://asia.pokemon-card.com/th/card-img/th00010999.png
Pokemon,เทศกาลเทรัสตัลex,SV8a,เทรเชอร์แกดเจ็ต,Treasure Gadget,146/187,ACE,https://asia.pokemon-card.com/th/card-img/th00010830.png
Pokemon,เทศกาลเทรัสตัลex,SV8a,โปฟฟินมิตรภาพ,Buddy-Buddy Poffin,147/187,U,https://asia.pokemon-card.com/th/card-img/th00010831.png
Pokemon,เทศกาลเทรัสตัลex,SV8a,โปฟฟินมิตรภาพ,Buddy-Buddy Poffin,147/187,PB,https://asia.pokemon-card.com/th/card-img/th00011000.png
Pokemon,เทศกาลเทรัสตัลex,SV8a,ไพรม์แคชเชอร์,Prime Catcher,148/187,ACE,https://asia.pokemon-card.com/th/card-img/th00010832.png
Pokemon,เทศกาลเทรัสตัลex,SV8a,ชุดจับแมลง,Scoop Up Cyclone,149/187,ACE,https://asia.pokemon-card.com/th/card-img/th00010833.png
Pokemon,เทศกาลเทรัสตัลex,SV8a,ชุดจับแมลง,Bug Catching Set,150/187,U,https://asia.pokemon-card.com/th/card-img/th00010834.png
Pokemon,เทศกาลเทรัสตัลex,SV8a,ชุดจับแมลง,Bug Catching Set,150/187,PB,https://asia.pokemon-card.com/th/card-img/th00011001.png
Pokemon,เทศกาลเทรัสตัลex,SV8a,เปลหามยามราตรี,Night Stretcher,151/187,U,https://asia.pokemon-card.com/th/card-img/th00010835.png
Pokemon,เทศกาลเทรัสตัลex,SV8a,เปลหามยามราตรี,Night Stretcher,151/187,PB,https://asia.pokemon-card.com/th/card-img/th00011002.png
Pokemon,เทศกาลเทรัสตัลex,SV8a,ผลึกระยิบระยับ,Sparkling Crystal,152/187,ACE,https://asia.pokemon-card.com/th/card-img/th00010836.png
Pokemon,เทศกาลเทรัสตัลex,SV8a,บอร์ดฉุกเฉิน,Rescue Board,153/187,U,https://asia.pokemon-card.com/th/card-img/th00010837.png
Pokemon,เทศกาลเทรัสตัลex,SV8a,บอร์ดฉุกเฉิน,Rescue Board,153/187,PB,https://asia.pokemon-card.com/th/card-img/th00011003.png
Pokemon,เทศกาลเทรัสตัลex,SV8a,โมจิอันทุ,Binding Mochi,154/187,U,https://asia.pokemon-card.com/th/card-img/th00010838.png
Pokemon,เทศกาลเทรัสตัลex,SV8a,โมจิอันทุ,Binding Mochi,154/187,PB,https://asia.pokemon-card.com/th/card-img/th00011004.png
Pokemon,เทศกาลเทรัสตัลex,SV8a,ผ้าคลุมหรูหรา,Luxurious Cape,155/187,U,https://asia.pokemon-card.com/th/card-img/th00010839.png
Pokemon,เทศกาลเทรัสตัลex,SV8a,ผ้าคลุมหรูหรา,Luxurious Cape,155/187,PB,https://asia.pokemon-card.com/th/card-img/th00011005.png
Pokemon,เทศกาลเทรัสตัลex,SV8a,ผลฮาบัน,Haban Berry,156/187,U,https://asia.pokemon-card.com/th/card-img/th00010840.png
Pokemon,เทศกาลเทรัสตัลex,SV8a,ผลฮาบัน,Haban Berry,156/187,PB,https://asia.pokemon-card.com/th/card-img/th00011006.png
Pokemon,เทศกาลเทรัสตัลex,SV8a,บูสต์เอนเนอร์จี้ โบราณ,Ancient Booster Energy Capsule,157/187,U,https://asia.pokemon-card.com/th/card-img/th00010841.png
Pokemon,เทศกาลเทรัสตัลex,SV8a,บูสต์เอนเนอร์จี้ โบราณ,Ancient Booster Energy Capsule,157/187,PB,https://asia.pokemon-card.com/th/card-img/th00011007.png
Pokemon,เทศกาลเทรัสตัลex,SV8a,บูสต์เอนเนอร์จี้ อนาคต,Future Booster Energy Capsule,158/187,U,https://asia.pokemon-card.com/th/card-img/th00010842.png
Pokemon,เทศกาลเทรัสตัลex,SV8a,บูสต์เอนเนอร์จี้ อนาคต,Future Booster Energy Capsule,158/187,PB,https://asia.pokemon-card.com/th/card-img/th00011008.png
Pokemon,เทศกาลเทรัสตัลex,SV8a,เข็มขัดแมกซิมัม,Maximum Belt,159/187,ACE,https://asia.pokemon-card.com/th/card-img/th00010843.png
Pokemon,เทศกาลเทรัสตัลex,SV8a,แมชชีนท่าต่อสู้ อีโวลูชัน,Technical Machine: Evolution,160/187,U,https://asia.pokemon-card.com/th/card-img/th00010844.png
Pokemon,เทศกาลเทรัสตัลex,SV8a,แมชชีนท่าต่อสู้ อีโวลูชัน,Technical Machine: Evolution,160/187,PB,https://asia.pokemon-card.com/th/card-img/th00011009.png
Pokemon,เทศกาลเทรัสตัลex,SV8a,แมชชีนท่าต่อสู้ ดีโวลูชัน,Technical Machine: Devolution,161/187,U,https://asia.pokemon-card.com/th/card-img/th00010845.png
Pokemon,เทศกาลเทรัสตัลex,SV8a,แมชชีนท่าต่อสู้ ดีโวลูชัน,Technical Machine: Devolution,161/187,PB,https://asia.pokemon-card.com/th/card-img/th00011010.png
Pokemon,เทศกาลเทรัสตัลex,SV8a,ฝีมือช่ำชองของอาโอกิ,Larry's Professionalism,162/187,U,https://asia.pokemon-card.com/th/card-img/th00010846.png
Pokemon,เทศกาลเทรัสตัลex,SV8a,ฝีมือช่ำชองของอาโอกิ,Larry's Professionalism,162/187,PB,https://asia.pokemon-card.com/th/card-img/th00011011.png
Pokemon,เทศกาลเทรัสตัลex,SV8a,อาคามัตสึ,Crispin,163/187,U,https://asia.pokemon-card.com/th/card-img/th00010847.png
Pokemon,เทศกาลเทรัสตัลex,SV8a,อาคามัตสึ,Crispin,163/187,PB,https://asia.pokemon-card.com/th/card-img/th00011012.png
Pokemon,เทศกาลเทรัสตัลex,SV8a,จิตยึดติดของอโครมา,Colress's Tenacity,164/187,U,https://asia.pokemon-card.com/th/card-img/th00010848.png
Pokemon,เทศกาลเทรัสตัลex,SV8a,จิตยึดติดของอาโครมา,Colress's Tenacity,164/187,PB,https://asia.pokemon-card.com/th/card-img/th00011013.png
Pokemon,เทศกาลเทรัสตัลex,SV8a,การถอดรหัสของผู้คลั่งไคล้รหัสลับ,Ciphermaniac's Codebreaking,165/187,U,https://asia.pokemon-card.com/th/card-img/th00010849.png
Pokemon,เทศกาลเทรัสตัลex,SV8a,การถอดรหัสของผู้คลั่งไคล้รหัสลับ,Ciphermaniac's Codebreaking,165/187,PB,https://asia.pokemon-card.com/th/card-img/th00011014.png
Pokemon,เทศกาลเทรัสตัลex,SV8a,เทคนิคลับของอันสุ,Janine's Secret Art,166/187,U,https://asia.pokemon-card.com/th/card-img/th00010850.png
Pokemon,เทศกาลเทรัสตัลex,SV8a,เทคนิคลับของอันสุ,Janine's Secret Art,166/187,PB,https://asia.pokemon-card.com/th/card-img/th00011015.png
Pokemon,เทศกาลเทรัสตัลex,SV8a,จิตมุ่งมั่นของศาสตราจารย์โอลิม,Professor Sada's Vitality,167/187,U,https://asia.pokemon-card.com/th/card-img/th00010851.png
Pokemon,เทศกาลเทรัสตัลex,SV8a,จิตมุ่งมั่นของศาสตราจารย์โอลิม,Professor Sada's Vitality,167/187,PB,https://asia.pokemon-card.com/th/card-img/th00011016.png
Pokemon,เทศกาลเทรัสตัลex,SV8a,การปรนนิบัติของซุยเรน,Lana's Aid,168/187,U,https://asia.pokemon-card.com/th/card-img/th00010852.png
Pokemon,เทศกาลเทรัสตัลex,SV8a,การปรนนิบัติของซุยเรน,Lana's Aid,168/187,PB,https://asia.pokemon-card.com/th/card-img/th00011017.png
Pokemon,เทศกาลเทรัสตัลex,SV8a,ซุกุริ,Kieran,169/187,U,https://asia.pokemon-card.com/th/card-img/th00010853.png
Pokemon,เทศกาลเทรัสตัลex,SV8a,ซุกุริ,Kieran,169/187,PB,https://asia.pokemon-card.com/th/card-img/th00011018.png
Pokemon,เทศกาลเทรัสตัลex,SV8a,เซย์ยุ,Carmine,170/187,U,https://asia.pokemon-card.com/th/card-img/th00010854.png
Pokemon,เทศกาลเทรัสตัลex,SV8a,เซย์ยุ,Carmine,170/187,PB,https://asia.pokemon-card.com/th/card-img/th00011019.png
Pokemon,เทศกาลเทรัสตัลex,SV8a,ทาโร่,Lacey,171/187,U,https://asia.pokemon-card.com/th/card-img/th00010855.png
Pokemon,เทศกาลเทรัสตัลex,SV8a,ทาโร่,Lacey,171/187,PB,https://asia.pokemon-card.com/th/card-img/th00011020.png
Pokemon,เทศกาลเทรัสตัลex,SV8a,การนำทางของนักสำรวจ,Explorer's Guidance,172/187,U,https://asia.pokemon-card.com/th/card-img/th00010856.png
Pokemon,เทศกาลเทรัสตัลex,SV8a,การนำทางของนักสำรวจ,Explorer's Guidance,172/187,PB,https://asia.pokemon-card.com/th/card-img/th00011021.png
Pokemon,เทศกาลเทรัสตัลex,SV8a,เนริเนะ,Amarys,173/187,U,https://asia.pokemon-card.com/th/card-img/th00010857.png
Pokemon,เทศกาลเทรัสตัลex,SV8a,เนริเนะ,Amarys,173/187,PB,https://asia.pokemon-card.com/th/card-img/th00011022.png
Pokemon,เทศกาลเทรัสตัลex,SV8a,พวกพ้องในพัลเดีย,Friends in Paldea,174/187,U,https://asia.pokemon-card.com/th/card-img/th00010858.png
Pokemon,เทศกาลเทรัสตัลex,SV8a,พวกพ้องในพัลเดีย,Friends in Paldea,174/187,PB,https://asia.pokemon-card.com/th/card-img/th00011023.png
Pokemon,เทศกาลเทรัสตัลex,SV8a,แผนการของศาสตราจารย์ฟูทูร์,Professor Turo's Scenario,175/187,U,https://asia.pokemon-card.com/th/card-img/th00010859.png
Pokemon,เทศกาลเทรัสตัลex,SV8a,แผนการของศาสตราจารย์ฟูทูร์,Professor Turo's Scenario,175/187,PB,https://asia.pokemon-card.com/th/card-img/th00011024.png
Pokemon,เทศกาลเทรัสตัลex,SV8a,ไบรอาร์,Briar,176/187,U,https://asia.pokemon-card.com/th/card-img/th00010860.png
Pokemon,เทศกาลเทรัสตัลex,SV8a,ไบรอาร์,Briar,176/187,PB,https://asia.pokemon-card.com/th/card-img/th00011025.png
Pokemon,เทศกาลเทรัสตัลex,SV8a,ความจริงใจของเบล,Bianca's Devotion,177/187,U,https://asia.pokemon-card.com/th/card-img/th00010861.png
Pokemon,เทศกาลเทรัสตัลex,SV8a,ความจริงใจของเบล,Bianca's Devotion,177/187,PB,https://asia.pokemon-card.com/th/card-img/th00011026.png
Pokemon,เทศกาลเทรัสตัลex,SV8a,ความมั่นใจของมัตสึบะ,Morty's Conviction,178/187,U,https://asia.pokemon-card.com/th/card-img/th00010862.png
Pokemon,เทศกาลเทรัสตัลex,SV8a,ความมั่นใจของมัตสึบะ,Morty's Conviction,178/187,PB,https://asia.pokemon-card.com/th/card-img/th00011027.png
Pokemon,เทศกาลเทรัสตัลex,SV8a,เมโลโก,Mela,179/187,U,https://asia.pokemon-card.com/th/card-img/th00010863.png
Pokemon,เทศกาลเทรัสตัลex,SV8a,เมโลโก,Mela,179/187,PB,https://asia.pokemon-card.com/th/card-img/th00011028.png
Pokemon,เทศกาลเทรัสตัลex,SV8a,สถานที่จัดเทศกาล,Festival Grounds,180/187,U,https://asia.pokemon-card.com/th/card-img/th00010864.png
Pokemon,เทศกาลเทรัสตัลex,SV8a,สถานที่จัดเทศกาล,Festival Grounds,180/187,PB,https://asia.pokemon-card.com/th/card-img/th00011029.png
Pokemon,เทศกาลเทรัสตัลex,SV8a,แจมมิงทาวเวอร์,Jamming Tower,181/187,U,https://asia.pokemon-card.com/th/card-img/th00010865.png
Pokemon,เทศกาลเทรัสตัลex,SV8a,แจมมิงทาวเวอร์,Jamming Tower,181/187,PB,https://asia.pokemon-card.com/th/card-img/th00011030.png
Pokemon,เทศกาลเทรัสตัลex,SV8a,โพรงถ้ำใหญ่ซีโร่,Area Zero Underdepths,182/187,U,https://asia.pokemon-card.com/th/card-img/th00010866.png
Pokemon,เทศกาลเทรัสตัลex,SV8a,โพรถ้ำใหญ่ซีโร่,Area Zero Underdepths,182/187,PB,https://asia.pokemon-card.com/th/card-img/th00011031.png
Pokemon,เทศกาลเทรัสตัลex,SV8a,เนินแสงจันทร์,Moonlit Hill,183/187,U,https://asia.pokemon-card.com/th/card-img/th00010867.png
Pokemon,เทศกาลเทรัสตัลex,SV8a,เนินแสงจันทร์,Moonlit Hill,183/187,PB,https://asia.pokemon-card.com/th/card-img/th00011032.png
Pokemon,เทศกาลเทรัสตัลex,SV8a,นิวทรัลเซ็นเตอร์,Neutralization Zone,184/187,ACE,https://asia.pokemon-card.com/th/card-img/th00010868.png
Pokemon,เทศกาลเทรัสตัลex,SV8a,เจ็ตเอนเนอร์จี้,Jet Energy,185/187,U,https://asia.pokemon-card.com/th/card-img/th00010869.png
Pokemon,เทศกาลเทรัสตัลex,SV8a,เจ็ตเอนเนอร์จี้,Jet Energy,185/187,PB,https://asia.pokemon-card.com/th/card-img/th00011033.png
Pokemon,เทศกาลเทรัสตัลex,SV8a,มิสต์เอนเนอร์จี้,Mist Energy,186/187,U,https://asia.pokemon-card.com/th/card-img/th00010870.png
Pokemon,เทศกาลเทรัสตัลex,SV8a,มิสต์เอนเนอร์จี้,Mist Energy,186/187,PB,https://asia.pokemon-card.com/th/card-img/th00011034.png
Pokemon,เทศกาลเทรัสตัลex,SV8a,พลังงานสืบทอด,Enriching Energy,187/187,ACE,https://asia.pokemon-card.com/th/card-img/th00010871.png
Pokemon,เทศกาลเทรัสตัลex,SV8a,ฝีมือช่ำชองของอาโอกิ,Larry's Efficiency,188/187,SR,https://asia.pokemon-card.com/th/card-img/th00011035.png
Pokemon,เทศกาลเทรัสตัลex,SV8a,ออร์ติกา,Ortega,189/187,SR,https://asia.pokemon-card.com/th/card-img/th00011036.png
Pokemon,เทศกาลเทรัสตัลex,SV8a,โคลซา,Brassius,190/187,SR,https://asia.pokemon-card.com/th/card-img/th00011037.png
Pokemon,เทศกาลเทรัสตัลex,SV8a,ชูเมย์,Atticus,191/187,SR,https://asia.pokemon-card.com/th/card-img/th00011038.png
Pokemon,เทศกาลเทรัสตัลex,SV8a,ชูเมย์,Atticus (Alt Art),192/187,SR,https://asia.pokemon-card.com/th/card-img/th00011039.png
Pokemon,เทศกาลเทรัสตัลex,SV8a,ไธม์,Ryme,193/187,SR,https://asia.pokemon-card.com/th/card-img/th00011040.png
Pokemon,เทศกาลเทรัสตัลex,SV8a,เนริเนะ,Amarys,194/187,SR,https://asia.pokemon-card.com/th/card-img/th00011041.png
Pokemon,เทศกาลเทรัสตัลex,SV8a,พวกพ้องในพัลเดีย,Friends in Paldea,195/187,SR,https://asia.pokemon-card.com/th/card-img/th00011042.png
Pokemon,เทศกาลเทรัสตัลex,SV8a,ปัญญา,Giacomo,196/187,SR,https://asia.pokemon-card.com/th/card-img/th00011043.png
Pokemon,เทศกาลเทรัสตัลex,SV8a,บิวะ,Eri,197/187,SR,https://asia.pokemon-card.com/th/card-img/th00011044.png
Pokemon,เทศกาลเทรัสตัลex,SV8a,เมโลโก,Mela,198/187,SR,https://asia.pokemon-card.com/th/card-img/th00011045.png
Pokemon,เทศกาลเทรัสตัลex,SV8a,แรโฟร์,Raifort,199/187,SR,https://asia.pokemon-card.com/th/card-img/th00011046.png
Pokemon,เทศกาลเทรัสตัลex,SV8a,ลีเฟีย ex,Leafeon ex,200/187,SAR,https://asia.pokemon-card.com/th/card-img/th00011047.png
Pokemon,เทศกาลเทรัสตัลex,SV8a,โอการ์ปอง หน้ากากสีทีล ex,Teal Mask Ogerpon ex,201/187,SAR,https://asia.pokemon-card.com/th/card-img/th00011048.png
Pokemon,เทศกาลเทรัสตัลex,SV8a,บูสเตอร์ ex,Flareon ex,202/187,SAR,https://asia.pokemon-card.com/th/card-img/th00011049.png
Pokemon,เทศกาลเทรัสตัลex,SV8a,โซเบลดส์ ex,Ceruledge ex,203/187,SAR,https://asia.pokemon-card.com/th/card-img/th00011050.png
Pokemon,เทศกาลเทรัสตัลex,SV8a,โอการ์ปอง หน้ากากเตาไฟ,Hearthflame Mask Ogerpon ex,204/187,SAR,https://asia.pokemon-card.com/th/card-img/th00011051.png
Pokemon,เทศกาลเทรัสตัลex,SV8a,ชาวเวอร์ส ex,Vaporeon ex,205/187,SAR,https://asia.pokemon-card.com/th/card-img/th00011052.png
Pokemon,เทศกาลเทรัสตัลex,SV8a,กราเซีย ex,Glaceon ex,206/187,SAR,https://asia.pokemon-card.com/th/card-img/th00011053.png
Pokemon,เทศกาลเทรัสตัลex,SV8a,อิรุกะแมน ex,Palafin ex,207/187,SAR,https://asia.pokemon-card.com/th/card-img/th00011054.png
Pokemon,เทศกาลเทรัสตัลex,SV8a,โอการ์ปอง หน้ากากบ่อน้ำ ex,Wellspring Mask Ogerpon ex,208/187,SAR,https://asia.pokemon-card.com/th/card-img/th00011055.png
Pokemon,เทศกาลเทรัสตัลex,SV8a,ธันเดอร์ส ex,Jolteon ex,209/187,SAR,https://asia.pokemon-card.com/th/card-img/th00011056.png
Pokemon,เทศกาลเทรัสตัลex,SV8a,แขนเหล็ก ex,Iron Hands ex,210/187,SAR,https://asia.pokemon-card.com/th/card-img/th00011057.png
Pokemon,เทศกาลเทรัสตัลex,SV8a,เอฟี ex,Espeon ex,211/187,SAR,https://asia.pokemon-card.com/th/card-img/th00011058.png
Pokemon,เทศกาลเทรัสตัลex,SV8a,นิมเฟีย ex,Sylveon ex,212/187,SAR,https://asia.pokemon-card.com/th/card-img/th00011059.png
Pokemon,เทศกาลเทรัสตัลex,SV8a,นักรบเหล็ก ex,Iron Valiant ex,213/187,SAR,https://asia.pokemon-card.com/th/card-img/th00011060.png
Pokemon,เทศกาลเทรัสตัลex,SV8a,หัวเหล็ก ex,Iron Crown ex,214/187,SAR,https://asia.pokemon-card.com/th/card-img/th00011061.png
Pokemon,เทศกาลเทรัสตัลex,SV8a,ขนทราย ex,Sandy Shocks ex,215/187,SAR,https://asia.pokemon-card.com/th/card-img/th00011062.png
Pokemon,เทศกาลเทรัสตัลex,SV8a,โอการ์ปอง หน้ากากฐานราก ex,Cornerstone Mask Ogerpon ex,216/187,SAR,https://asia.pokemon-card.com/th/card-img/th00011063.png
Pokemon,เทศกาลเทรัสตัลex,SV8a,แบล็กกี ex,Umbreon ex,217/187,SAR,https://asia.pokemon-card.com/th/card-img/th00011064.png
Pokemon,เทศกาลเทรัสตัลex,SV8a,จันทร์คำรน ex,Roaring Moon ex,218/187,SAR,https://asia.pokemon-card.com/th/card-img/th00011065.png
Pokemon,เทศกาลเทรัสตัลex,SV8a,โมโมวาโร่ ex,Pecharunt ex,219/187,SAR,https://asia.pokemon-card.com/th/card-img/th00011066.png
Pokemon,เทศกาลเทรัสตัลex,SV8a,ซาร์ฟโก ex,Gholdengo ex,220/187,SAR,https://asia.pokemon-card.com/th/card-img/th00011067.png
Pokemon,เทศกาลเทรัสตัลex,SV8a,โดราพัลท์ ex,Dragapult ex,221/187,SAR,https://asia.pokemon-card.com/th/card-img/th00011068.png
Pokemon,เทศกาลเทรัสตัลex,SV8a,ฟ้าคะนองคลั่ง ex,Raging Bolt ex,222/187,SAR,https://asia.pokemon-card.com/th/card-img/th00011069.png
Pokemon,เทศกาลเทรัสตัลex,SV8a,อีวุย ex,Eevee ex (Sho Murase Art),223/187,SAR,https://asia.pokemon-card.com/th/card-img/th00011070.png
Pokemon,เทศกาลเทรัสตัลex,SV8a,อีวุย ex,Eevee ex (Natsuko Shoji Art),224/187,SAR,https://asia.pokemon-card.com/th/card-img/th00011071.png
Pokemon,เทศกาลเทรัสตัลex,SV8a,กาจิกุมะ พระจันทร์สีเลือด ex,Bloodmoon Ursaluna ex,225/187,SAR,https://asia.pokemon-card.com/th/card-img/th00011072.png
Pokemon,เทศกาลเทรัสตัลex,SV8a,เทราปากอส ex,Terapagos ex,226/187,SAR,https://asia.pokemon-card.com/th/card-img/th00011073.png
Pokemon,เทศกาลเทรัสตัลex,SV8a,อาคามัตสึ,Crispin,227/187,SAR,https://asia.pokemon-card.com/th/card-img/th00011074.png
Pokemon,เทศกาลเทรัสตัลex,SV8a,เทคนิคลับของอันสุ,Janine's Secret Art,228/187,SAR,https://asia.pokemon-card.com/th/card-img/th00011075.png
Pokemon,เทศกาลเทรัสตัลex,SV8a,คาคิสึบาตะ,Drayton,229/187,SAR,https://asia.pokemon-card.com/th/card-img/th00011076.png
Pokemon,เทศกาลเทรัสตัลex,SV8a,ซุกุริ,Kieran,230/187,SAR,https://asia.pokemon-card.com/th/card-img/th00011077.png
Pokemon,เทศกาลเทรัสตัลex,SV8a,ทาโร่,Lacey,231/187,SAR,https://asia.pokemon-card.com/th/card-img/th00011078.png
Pokemon,เทศกาลเทรัสตัลex,SV8a,เนริเนะ,Amarys,232/187,UR,https://asia.pokemon-card.com/th/card-img/th00011079.png
Pokemon,เทศกาลเทรัสตัลex,SV8a,ใบด่างเหล็ก ex,Iron Leaves ex,233/187,UR,https://asia.pokemon-card.com/th/card-img/th00011080.png
Pokemon,เทศกาลเทรัสตัลex,SV8a,โอการ์ปอง หน้ากากสีทีล ex,Ogerpon Teal Mask ex,234/187,UR,https://asia.pokemon-card.com/th/card-img/th00011081.png
Pokemon,เทศกาลเทรัสตัลex,SV8a,คลื่นน้ำกระเพื่อม ex,Walking Wake ex,235/187,UR,https://asia.pokemon-card.com/th/card-img/th00011082.png
Pokemon,เทศกาลเทรัสตัลex,SV8a,พิคาชู ex,Pikachu ex,236/187,UR,https://asia.pokemon-card.com/th/card-img/th00011083.png
Pokemon,เทศกาลเทรัสตัลex,SV8a,เทราปากอส ex,Terapagos ex,237/187,UR,https://asia.pokemon-card.com/th/card-img/th00011084.png
Pokemon,สเตลลาร์สายฟ้าฟาด,SV8s,ทามะทามะ,Exeggcute,001/182,C,https://asia.pokemon-card.com/th/card-img/th00010137.png
Pokemon,สเตลลาร์สายฟ้าฟาด,SV8s,ทามะทามะ,Exeggcute,002/182,C,https://asia.pokemon-card.com/th/card-img/th00010138.png
Pokemon,สเตลลาร์สายฟ้าฟาด,SV8s,นัชชี,Exeggutor,003/182,U,https://asia.pokemon-card.com/th/card-img/th00010139.png
Pokemon,สเตลลาร์สายฟ้าฟาด,SV8s,ไอแอนท์ ex,Durant,004/182,RR,https://asia.pokemon-card.com/th/card-img/th00010140.png
Pokemon,สเตลลาร์สายฟ้าฟาด,SV8s,โคฟูคิมูชิ,Scatterbug,005/182,C,https://asia.pokemon-card.com/th/card-img/th00010141.png
Pokemon,สเตลลาร์สายฟ้าฟาด,SV8s,โคฟูไร,Spewpa,006/182,C,https://asia.pokemon-card.com/th/card-img/th00010142.png
Pokemon,สเตลลาร์สายฟ้าฟาด,SV8s,วิวิญอง,Vivillon,007/182,U,https://asia.pokemon-card.com/th/card-img/th00010143.png
Pokemon,สเตลลาร์สายฟ้าฟาด,SV8s,เนมาชู,Morelull,008/182,C,https://asia.pokemon-card.com/th/card-img/th00010144.png
Pokemon,สเตลลาร์สายฟ้าฟาด,SV8s,มาเชโดะ,Shiinotic,009/182,U,https://asia.pokemon-card.com/th/card-img/th00010145.png
Pokemon,สเตลลาร์สายฟ้าฟาด,SV8s,ดาดาริน,Dhelmise,010/182,C,https://asia.pokemon-card.com/th/card-img/th00010146.png
Pokemon,สเตลลาร์สายฟ้าฟาด,SV8s,ซารู้ด,Zarude,011/182,R,https://asia.pokemon-card.com/th/card-img/th00010147.png
Pokemon,สเตลลาร์สายฟ้าฟาด,SV8s,แคปไซจิ,Capsakid,012/182,C,https://asia.pokemon-card.com/th/card-img/th00010148.png
Pokemon,สเตลลาร์สายฟ้าฟาด,SV8s,ชิกาโรโค,Rellor,013/182,C,https://asia.pokemon-card.com/th/card-img/th00010149.png
Pokemon,สเตลลาร์สายฟ้าฟาด,SV8s,เบราคาสุ,Rabsca,014/182,R,https://asia.pokemon-card.com/th/card-img/th00010150.png
Pokemon,สเตลลาร์สายฟ้าฟาด,SV8s,ฉงเจี่ยน,Wo-Chien,015/182,U,https://asia.pokemon-card.com/th/card-img/th00010151.png
Pokemon,สเตลลาร์สายฟ้าฟาด,SV8s,โรคอน,Vulpix,016/182,C,https://asia.pokemon-card.com/th/card-img/th00010152.png
Pokemon,สเตลลาร์สายฟ้าฟาด,SV8s,คิวคอน,Ninetales,017/182,C,https://asia.pokemon-card.com/th/card-img/th00010153.png
Pokemon,สเตลลาร์สายฟ้าฟาด,SV8s,พัลเดีย เคนเทารอส,Paldean Tauros,018/182,U,https://asia.pokemon-card.com/th/card-img/th00010154.png
Pokemon,สเตลลาร์สายฟ้าฟาด,SV8s,โฮโอ,Ho-Oh,019/182,U,https://asia.pokemon-card.com/th/card-img/th00010155.png
Pokemon,สเตลลาร์สายฟ้าฟาด,SV8s,โปวาลุน ร่างพระอาทิตย์,Castform Sunny Form,020/182,C,https://asia.pokemon-card.com/th/card-img/th00010156.png
Pokemon,สเตลลาร์สายฟ้าฟาด,SV8s,วิคทินี,Victini,021/182,U,https://asia.pokemon-card.com/th/card-img/th00010157.png
Pokemon,สเตลลาร์สายฟ้าฟาด,SV8s,บาอปปุ,Pansear,022/182,C,https://asia.pokemon-card.com/th/card-img/th00010158.png
Pokemon,สเตลลาร์สายฟ้าฟาด,SV8s,บาอกกี,Simisear,023/182,C,https://asia.pokemon-card.com/th/card-img/th00010159.png
Pokemon,สเตลลาร์สายฟ้าฟาด,SV8s,เมลาร์วา,Larvesta,024/182,C,https://asia.pokemon-card.com/th/card-img/th00010160.png
Pokemon,สเตลลาร์สายฟ้าฟาด,SV8s,อุลกามอธ,Volcarona,025/182,C,https://asia.pokemon-card.com/th/card-img/th00010161.png
Pokemon,สเตลลาร์สายฟ้าฟาด,SV8s,โอโดริโดริ,Oricorio,026/182,C,https://asia.pokemon-card.com/th/card-img/th00010162.png
Pokemon,สเตลลาร์สายฟ้าฟาด,SV8s,ยาคุเดะ,Sizzlipede,027/182,C,https://asia.pokemon-card.com/th/card-img/th00010163.png
Pokemon,สเตลลาร์สายฟ้าฟาด,SV8s,มารุาคุเดะ,Centiskorch,028/182,C,https://asia.pokemon-card.com/th/card-img/th00010164.png
Pokemon,สเตลลาร์สายฟ้าฟาด,SV8s,โฮเกเตอร์,Fuecoco,029/182,C,https://asia.pokemon-card.com/th/card-img/th00010165.png
Pokemon,สเตลลาร์สายฟ้าฟาด,SV8s,อาจิเกเตอร์,Crocalor,030/182,C,https://asia.pokemon-card.com/th/card-img/th00010166.png
Pokemon,สเตลลาร์สายฟ้าฟาด,SV8s,ลาวด์โบน,Skeledirge,031/182,R,https://asia.pokemon-card.com/th/card-img/th00010167.png
Pokemon,สเตลลาร์สายฟ้าฟาด,SV8s,คาร์โบ,Charcadet,032/182,C,https://asia.pokemon-card.com/th/card-img/th00010168.png
Pokemon,สเตลลาร์สายฟ้าฟาด,SV8s,กุเร็นอาร์มา,Armarouge,033/182,U,https://asia.pokemon-card.com/th/card-img/th00010169.png
Pokemon,สเตลลาร์สายฟ้าฟาด,SV8s,โซเบลดส์,Ceruledge,034/182,U,https://asia.pokemon-card.com/th/card-img/th00010170.png
Pokemon,สเตลลาร์สายฟ้าฟาด,SV8s,สโกวิลเลิน ex,Scovillain,035/182,RR,https://asia.pokemon-card.com/th/card-img/th00010171.png
Pokemon,สเตลลาร์สายฟ้าฟาด,SV8s,เพลิงทะลวง,Gouging Fire,036/182,R,https://asia.pokemon-card.com/th/card-img/th00010172.png
Pokemon,สเตลลาร์สายฟ้าฟาด,SV8s,พัลเดีย เคนเทารอส,Paldean Tauros,037/182,U,https://asia.pokemon-card.com/th/card-img/th00010173.png
Pokemon,สเตลลาร์สายฟ้าฟาด,SV8s,แมนไทน์,Mantine,038/182,C,https://asia.pokemon-card.com/th/card-img/th00010174.png
Pokemon,สเตลลาร์สายฟ้าฟาด,SV8s,ฮินบาส,Feebas,039/182,C,https://asia.pokemon-card.com/th/card-img/th00010175.png
Pokemon,สเตลลาร์สายฟ้าฟาด,SV8s,มิโลคารอส ex,Milotic,040/182,RR,https://asia.pokemon-card.com/th/card-img/th00010176.png
Pokemon,สเตลลาร์สายฟ้าฟาด,SV8s,ทามาซาราชิ,Spheal,041/182,C,https://asia.pokemon-card.com/th/card-img/th00010177.png
Pokemon,สเตลลาร์สายฟ้าฟาด,SV8s,โทดอกเกลอร์,Sealeo,042/182,C,https://asia.pokemon-card.com/th/card-img/th00010178.png
Pokemon,สเตลลาร์สายฟ้าฟาด,SV8s,โทโดเซรุกา,Walrein,043/182,U,https://asia.pokemon-card.com/th/card-img/th00010179.png
Pokemon,สเตลลาร์สายฟ้าฟาด,SV8s,คารานะคูชิ,Shellos,044/182,C,https://asia.pokemon-card.com/th/card-img/th00010180.png
Pokemon,สเตลลาร์สายฟ้าฟาด,SV8s,ฟรีจิโอ,Cryogonal,045/182,C,https://asia.pokemon-card.com/th/card-img/th00010181.png
Pokemon,สเตลลาร์สายฟ้าฟาด,SV8s,แบล็กคิวเรม ex,Black Kyurem,046/182,RR,https://asia.pokemon-card.com/th/card-img/th00010182.png
Pokemon,สเตลลาร์สายฟ้าฟาด,SV8s,ฮากิกิชิริ,Bruxish,047/182,U,https://asia.pokemon-card.com/th/card-img/th00010183.png
Pokemon,สเตลลาร์สายฟ้าฟาด,SV8s,แคว็กซ์,Quaxly,048/182,C,https://asia.pokemon-card.com/th/card-img/th00010184.png
Pokemon,สเตลลาร์สายฟ้าฟาด,SV8s,เวลคาโมะ,Quaxwell,049/182,C,https://asia.pokemon-card.com/th/card-img/th00010185.png
Pokemon,สเตลลาร์สายฟ้าฟาด,SV8s,เวนิวัล,Quaquaval,050/182,U,https://asia.pokemon-card.com/th/card-img/th00010186.png
Pokemon,สเตลลาร์สายฟ้าฟาด,SV8s,อารุคุจิระ,Cetoddle,051/182,C,https://asia.pokemon-card.com/th/card-img/th00010187.png
Pokemon,สเตลลาร์สายฟ้าฟาด,SV8s,ฮัลค์จิระ,Cetitan,052/182,C,https://asia.pokemon-card.com/th/card-img/th00010188.png
Pokemon,สเตลลาร์สายฟ้าฟาด,SV8s,ถุงเหล็ก,Iron Bundle,053/182,U,https://asia.pokemon-card.com/th/card-img/th00010189.png
Pokemon,สเตลลาร์สายฟ้าฟาด,SV8s,เป้าเจี้ยน,Chien-Pao,054/182,R,https://asia.pokemon-card.com/th/card-img/th00010190.png
Pokemon,สเตลลาร์สายฟ้าฟาด,SV8s,พิคาชู ex,Pikachu,055/182,RR,https://asia.pokemon-card.com/th/card-img/th00010191.png
Pokemon,สเตลลาร์สายฟ้าฟาด,SV8s,คอยล์,Magnemite,056/182,C,https://asia.pokemon-card.com/th/card-img/th00010192.png
Pokemon,สเตลลาร์สายฟ้าฟาด,SV8s,แรคอยล์,Magneton,057/182,U,https://asia.pokemon-card.com/th/card-img/th00010193.png
Pokemon,สเตลลาร์สายฟ้าฟาด,SV8s,จิบะคอยล์,Magnezone,058/182,U,https://asia.pokemon-card.com/th/card-img/th00010194.png
Pokemon,สเตลลาร์สายฟ้าฟาด,SV8s,ธันเดอร์,Zapdos,059/182,U,https://asia.pokemon-card.com/th/card-img/th00010195.png
Pokemon,สเตลลาร์สายฟ้าฟาด,SV8s,โรตอม,Rotom,060/182,C,https://asia.pokemon-card.com/th/card-img/th00010196.png
Pokemon,สเตลลาร์สายฟ้าฟาด,SV8s,ชิมามา,Blitzle,061/182,C,https://asia.pokemon-card.com/th/card-img/th00010197.png
Pokemon,สเตลลาร์สายฟ้าฟาด,SV8s,ซีบรายกา,Zebstrika,062/182,C,https://asia.pokemon-card.com/th/card-img/th00010198.png
Pokemon,สเตลลาร์สายฟ้าฟาด,SV8s,มักเกียว,Stunfisk,063/182,C,https://asia.pokemon-card.com/th/card-img/th00010199.png
Pokemon,สเตลลาร์สายฟ้าฟาด,SV8s,คาปู โคเคโค,Tapu Koko,064/182,R,https://asia.pokemon-card.com/th/card-img/th00010200.png
Pokemon,สเตลลาร์สายฟ้าฟาด,SV8s,ไคเด็น,Wattrel,065/182,C,https://asia.pokemon-card.com/th/card-img/th00010201.png
Pokemon,สเตลลาร์สายฟ้าฟาด,SV8s,ไทไคเด็น,Kilowattrel,066/182,U,https://asia.pokemon-card.com/th/card-img/th00010202.png
Pokemon,สเตลลาร์สายฟ้าฟาด,SV8s,มิไรดอน,Miraidon,067/182,U,https://asia.pokemon-card.com/th/card-img/th00010203.png
Pokemon,สเตลลาร์สายฟ้าฟาด,SV8s,โทเกปี,Togepi,068/182,C,https://asia.pokemon-card.com/th/card-img/th00010204.png
Pokemon,สเตลลาร์สายฟ้าฟาด,SV8s,โทเกชิก,Togetic,069/182,C,https://asia.pokemon-card.com/th/card-img/th00010205.png
Pokemon,สเตลลาร์สายฟ้าฟาด,SV8s,โทเกคิส,Togekiss,070/182,R,https://asia.pokemon-card.com/th/card-img/th00010206.png
Pokemon,สเตลลาร์สายฟ้าฟาด,SV8s,มาริล,Marill,071/182,C,https://asia.pokemon-card.com/th/card-img/th00010207.png
Pokemon,สเตลลาร์สายฟ้าฟาด,SV8s,มาริลลิ,Azumarill,072/182,U,https://asia.pokemon-card.com/th/card-img/th00010208.png
Pokemon,สเตลลาร์สายฟ้าฟาด,SV8s,มุจูล,Smoochum,073/182,C,https://asia.pokemon-card.com/th/card-img/th00010209.png
Pokemon,สเตลลาร์สายฟ้าฟาด,SV8s,ลาทิอาส ex,Latias,074/182,RR,https://asia.pokemon-card.com/th/card-img/th00010210.png
Pokemon,สเตลลาร์สายฟ้าฟาด,SV8s,ลาทิโอส,Latios,075/182,U,https://asia.pokemon-card.com/th/card-img/th00010211.png
Pokemon,สเตลลาร์สายฟ้าฟาด,SV8s,ยุคซี,Uxie,076/182,C,https://asia.pokemon-card.com/th/card-img/th00010212.png
Pokemon,สเตลลาร์สายฟ้าฟาด,SV8s,เอ็มริต,Mesprit,077/182,C,https://asia.pokemon-card.com/th/card-img/th00010213.png
Pokemon,สเตลลาร์สายฟ้าฟาด,SV8s,อักนอม,Azelf,078/182,C,https://asia.pokemon-card.com/th/card-img/th00010214.png
Pokemon,สเตลลาร์สายฟ้าฟาด,SV8s,ซิมโบลา,Sigilyph,079/182,C,https://asia.pokemon-card.com/th/card-img/th00010215.png
Pokemon,สเตลลาร์สายฟ้าฟาด,SV8s,เดธมาส,Yamask,080/182,C,https://asia.pokemon-card.com/th/card-img/th00010216.png
Pokemon,สเตลลาร์สายฟ้าฟาด,SV8s,เดธคาน,Cofagrigus,081/182,R,https://asia.pokemon-card.com/th/card-img/th00010217.png
Pokemon,สเตลลาร์สายฟ้าฟาด,SV8s,เนียสเปอร์,Espurr,082/182,C,https://asia.pokemon-card.com/th/card-img/th00010218.png
Pokemon,สเตลลาร์สายฟ้าฟาด,SV8s,เนียโอนิกซ์,Meowstic,083/182,U,https://asia.pokemon-card.com/th/card-img/th00010219.png
Pokemon,สเตลลาร์สายฟ้าฟาด,SV8s,เดเด็นเนะ,Dedenne,084/182,C,https://asia.pokemon-card.com/th/card-img/th00010220.png
Pokemon,สเตลลาร์สายฟ้าฟาด,SV8s,เซอเนียส,Xerneas,085/182,U,https://asia.pokemon-card.com/th/card-img/th00010221.png
Pokemon,สเตลลาร์สายฟ้าฟาด,SV8s,โอโดริโดริ,Oricorio,086/182,C,https://asia.pokemon-card.com/th/card-img/th00010222.png
Pokemon,สเตลลาร์สายฟ้าฟาด,SV8s,ซึนาบา,Sandygast,087/182,C,https://asia.pokemon-card.com/th/card-img/th00010223.png
Pokemon,สเตลลาร์สายฟ้าฟาด,SV8s,ชิโรเดซึนะ ex,Palossand,088/182,RR,https://asia.pokemon-card.com/th/card-img/th00010224.png
Pokemon,สเตลลาร์สายฟ้าฟาด,SV8s,คาปู เทเทฟู,Tapu Lele,089/182,R,https://asia.pokemon-card.com/th/card-img/th00010225.png
Pokemon,สเตลลาร์สายฟ้าฟาด,SV8s,อิเอซซัน,Indeedee,090/182,U,https://asia.pokemon-card.com/th/card-img/th00010226.png
Pokemon,สเตลลาร์สายฟ้าฟาด,SV8s,ฮิราฮินะ,Flittle,091/182,C,https://asia.pokemon-card.com/th/card-img/th00010227.png
Pokemon,สเตลลาร์สายฟ้าฟาด,SV8s,เควสพัตรา,Espathra,092/182,U,https://asia.pokemon-card.com/th/card-img/th00010228.png
Pokemon,สเตลลาร์สายฟ้าฟาด,SV8s,เกศากระพือ,Flutter Mane,093/182,U,https://asia.pokemon-card.com/th/card-img/th00010229.png
Pokemon,สเตลลาร์สายฟ้าฟาด,SV8s,คอลเลคเรย์,Gimmighoul,094/182,C,https://asia.pokemon-card.com/th/card-img/th00010230.png
Pokemon,สเตลลาร์สายฟ้าฟาด,SV8s,แมนคี,Mankey,095/182,C,https://asia.pokemon-card.com/th/card-img/th00010231.png
Pokemon,สเตลลาร์สายฟ้าฟาด,SV8s,โอโคริซารุ,Primeape,096/182,C,https://asia.pokemon-card.com/th/card-img/th00010232.png
Pokemon,สเตลลาร์สายฟ้าฟาด,SV8s,โคโนะโยซารุ,Annihilape,097/182,U,https://asia.pokemon-card.com/th/card-img/th00010233.png
Pokemon,สเตลลาร์สายฟ้าฟาด,SV8s,พัลเดีย เคนเทารอส,Paldean Tauros,098/182,U,https://asia.pokemon-card.com/th/card-img/th00010234.png
Pokemon,สเตลลาร์สายฟ้าฟาด,SV8s,โกมาโซ,Phanpy,099/182,C,https://asia.pokemon-card.com/th/card-img/th00010235.png
Pokemon,สเตลลาร์สายฟ้าฟาด,SV8s,ดอนแฟน,Donphan,100/182,C,https://asia.pokemon-card.com/th/card-img/th00010236.png
Pokemon,สเตลลาร์สายฟ้าฟาด,SV8s,นัคครา,Trapinch,101/182,C,https://asia.pokemon-card.com/th/card-img/th00010237.png
Pokemon,สเตลลาร์สายฟ้าฟาด,SV8s,วิบราวา,Vibrava,102/182,C,https://asia.pokemon-card.com/th/card-img/th00010238.png
Pokemon,สเตลลาร์สายฟ้าฟาด,SV8s,ฟลายกอน ex,Flygon,103/182,RR,https://asia.pokemon-card.com/th/card-img/th00010239.png
Pokemon,สเตลลาร์สายฟ้าฟาด,SV8s,ไทรโทดอน,Gastrodon,104/182,R,https://asia.pokemon-card.com/th/card-img/th00010240.png
Pokemon,สเตลลาร์สายฟ้าฟาด,SV8s,โมกุริว,Drilbur,105/182,C,https://asia.pokemon-card.com/th/card-img/th00010241.png
Pokemon,สเตลลาร์สายฟ้าฟาด,SV8s,โดริวซึ,Excadrill,106/182,C,https://asia.pokemon-card.com/th/card-img/th00010242.png
Pokemon,สเตลลาร์สายฟ้าฟาด,SV8s,แลนโดลอส,Landorus,107/182,R,https://asia.pokemon-card.com/th/card-img/th00010243.png
Pokemon,สเตลลาร์สายฟ้าฟาด,SV8s,นาเกสึเคซารุ,Passimian,108/182,U,https://asia.pokemon-card.com/th/card-img/th00010244.png
Pokemon,สเตลลาร์สายฟ้าฟาด,SV8s,ทาทักโกะ,Clobbopus,109/182,C,https://asia.pokemon-card.com/th/card-img/th00010245.png
Pokemon,สเตลลาร์สายฟ้าฟาด,SV8s,โอโทสพัส,Grapploct,110/182,C,https://asia.pokemon-card.com/th/card-img/th00010246.png
Pokemon,สเตลลาร์สายฟ้าฟาด,SV8s,คิราเมะ,Glimmet,111/182,C,https://asia.pokemon-card.com/th/card-img/th00010247.png
Pokemon,สเตลลาร์สายฟ้าฟาด,SV8s,คิราฟลอร์,Glimmora,112/182,C,https://asia.pokemon-card.com/th/card-img/th00010248.png
Pokemon,สเตลลาร์สายฟ้าฟาด,SV8s,โคไรดอน,Koraidon,113/182,U,https://asia.pokemon-card.com/th/card-img/th00010249.png
Pokemon,สเตลลาร์สายฟ้าฟาด,SV8s,โมโนซึ,Deino,114/182,C,https://asia.pokemon-card.com/th/card-img/th00010250.png
Pokemon,สเตลลาร์สายฟ้าฟาด,SV8s,จิเฮด,Zweilous,115/182,C,https://asia.pokemon-card.com/th/card-img/th00010251.png
Pokemon,สเตลลาร์สายฟ้าฟาด,SV8s,ซาซันดรา ex,Hydreigon,116/182,RR,https://asia.pokemon-card.com/th/card-img/th00010252.png
Pokemon,สเตลลาร์สายฟ้าฟาด,SV8s,ชิรุชูลู,Shroodle,117/182,C,https://asia.pokemon-card.com/th/card-img/th00010253.png
Pokemon,สเตลลาร์สายฟ้าฟาด,SV8s,ทากิงกูลู,Grafaiai,118/182,U,https://asia.pokemon-card.com/th/card-img/th00010254.png
Pokemon,สเตลลาร์สายฟ้าฟาด,SV8s,โมโมวาโร่,Pecharunt,119/182,U,https://asia.pokemon-card.com/th/card-img/th00010255.png
Pokemon,สเตลลาร์สายฟ้าฟาด,SV8s,อโลลา ดิกดา,Alolan Diglett,120/182,C,https://asia.pokemon-card.com/th/card-img/th00010256.png
Pokemon,สเตลลาร์สายฟ้าฟาด,SV8s,อโลลา ดักทริโอ,Alolan Dugtrio,121/182,U,https://asia.pokemon-card.com/th/card-img/th00010257.png
Pokemon,สเตลลาร์สายฟ้าฟาด,SV8s,แอร์มุโด,Skarmory,122/182,C,https://asia.pokemon-card.com/th/card-img/th00010258.png
Pokemon,สเตลลาร์สายฟ้าฟาด,SV8s,เรจิสตีล,Registeel,123/182,U,https://asia.pokemon-card.com/th/card-img/th00010259.png
Pokemon,สเตลลาร์สายฟ้าฟาด,SV8s,โดมิเรอร์,Bronzor,124/182,C,https://asia.pokemon-card.com/th/card-img/th00010260.png
Pokemon,สเตลลาร์สายฟ้าฟาด,SV8s,โดทาคุน,Bronzong,125/182,C,https://asia.pokemon-card.com/th/card-img/th00010261.png
Pokemon,สเตลลาร์สายฟ้าฟาด,SV8s,เคลฟฟี,Klefki,126/182,C,https://asia.pokemon-card.com/th/card-img/th00010262.png
Pokemon,สเตลลาร์สายฟ้าฟาด,SV8s,ดิวรัลดอน,Duraludon,127/182,C,https://asia.pokemon-card.com/th/card-img/th00010263.png
Pokemon,สเตลลาร์สายฟ้าฟาด,SV8s,บริดิวรัส ex,Archaludon,128/182,RR,https://asia.pokemon-card.com/th/card-img/th00010264.png
Pokemon,สเตลลาร์สายฟ้าฟาด,SV8s,ซาร์ฟโก,Gholdengo,129/182,U,https://asia.pokemon-card.com/th/card-img/th00010265.png
Pokemon,สเตลลาร์สายฟ้าฟาด,SV8s,หัวเหล็ก,Iron Crown,130/182,R,https://asia.pokemon-card.com/th/card-img/th00010266.png
Pokemon,สเตลลาร์สายฟ้าฟาด,SV8s,อโลลา นัชชี ex,Alolan Exeggutor,131/182,RR,https://asia.pokemon-card.com/th/card-img/th00010267.png
Pokemon,สเตลลาร์สายฟ้าฟาด,SV8s,ทิลทาลิส,Altaria,132/182,U,https://asia.pokemon-card.com/th/card-img/th00010268.png
Pokemon,สเตลลาร์สายฟ้าฟาด,SV8s,ดีอัลกา,Dialga,133/182,R,https://asia.pokemon-card.com/th/card-img/th00010269.png
Pokemon,สเตลลาร์สายฟ้าฟาด,SV8s,พัลเกีย,Palkia,134/182,R,https://asia.pokemon-card.com/th/card-img/th00010270.png
Pokemon,สเตลลาร์สายฟ้าฟาด,SV8s,บาคุกาเมส,Turtonator,135/182,U,https://asia.pokemon-card.com/th/card-img/th00010271.png
Pokemon,สเตลลาร์สายฟ้าฟาด,SV8s,คาจิชชู,Applin,136/182,C,https://asia.pokemon-card.com/th/card-img/th00010272.png
Pokemon,สเตลลาร์สายฟ้าฟาด,SV8s,แอปปริว,Flapple,137/182,U,https://asia.pokemon-card.com/th/card-img/th00010273.png
Pokemon,สเตลลาร์สายฟ้าฟาด,SV8s,ทารุปเปิล,Appletun,138/182,U,https://asia.pokemon-card.com/th/card-img/th00010274.png
Pokemon,สเตลลาร์สายฟ้าฟาด,SV8s,มุเก็นไดนา,Eternatus,139/182,R,https://asia.pokemon-card.com/th/card-img/th00010275.png
Pokemon,สเตลลาร์สายฟ้าฟาด,SV8s,ชาริทัตสึ ex,Tatsugiri,140/182,RR,https://asia.pokemon-card.com/th/card-img/th00010276.png
Pokemon,สเตลลาร์สายฟ้าฟาด,SV8s,นามาเคโร,Slakoth,141/182,C,https://asia.pokemon-card.com/th/card-img/th00010277.png
Pokemon,สเตลลาร์สายฟ้าฟาด,SV8s,ยารุคิโมโนะ,Vigoroth,142/182,C,https://asia.pokemon-card.com/th/card-img/th00010278.png
Pokemon,สเตลลาร์สายฟ้าฟาด,SV8s,เค็คคิง ex,Slaking,143/182,RR,https://asia.pokemon-card.com/th/card-img/th00010279.png
Pokemon,สเตลลาร์สายฟ้าฟาด,SV8s,ทิลท์โท,Swablu,144/182,C,https://asia.pokemon-card.com/th/card-img/th00010280.png
Pokemon,สเตลลาร์สายฟ้าฟาด,SV8s,แซงกูส,Zangoose,145/182,C,https://asia.pokemon-card.com/th/card-img/th00010281.png
Pokemon,สเตลลาร์สายฟ้าฟาด,SV8s,คาคุเลียน,Kecleon,146/182,C,https://asia.pokemon-card.com/th/card-img/th00010282.png
Pokemon,สเตลลาร์สายฟ้าฟาด,SV8s,บัฟฟรอน,Bouffalant,147/182,C,https://asia.pokemon-card.com/th/card-img/th00010283.png
Pokemon,สเตลลาร์สายฟ้าฟาด,SV8s,วาชิบอน,Rufflet,148/182,C,https://asia.pokemon-card.com/th/card-img/th00010284.png
Pokemon,สเตลลาร์สายฟ้าฟาด,SV8s,วอร์เกิล,Braviary,149/182,U,https://asia.pokemon-card.com/th/card-img/th00010285.png
Pokemon,สเตลลาร์สายฟ้าฟาด,SV8s,เอลิคิเทล,Helioptile,150/182,C,https://asia.pokemon-card.com/th/card-img/th00010286.png
Pokemon,สเตลลาร์สายฟ้าฟาด,SV8s,เอเลซาร์ด,Heliolisk,151/182,C,https://asia.pokemon-card.com/th/card-img/th00010287.png
Pokemon,สเตลลาร์สายฟ้าฟาด,SV8s,ยาเรยูตัน,Oranguru,152/182,C,https://asia.pokemon-card.com/th/card-img/th00010288.png
Pokemon,สเตลลาร์สายฟ้าฟาด,SV8s,วักคาเนซูมิ,Tandemaus,153/182,C,https://asia.pokemon-card.com/th/card-img/th00010289.png
Pokemon,สเตลลาร์สายฟ้าฟาด,SV8s,อิกคาเนซูมิ,Maushold,154/182,U,https://asia.pokemon-card.com/th/card-img/th00010290.png
Pokemon,สเตลลาร์สายฟ้าฟาด,SV8s,โมโตโทคาเงะ ex,Cyclizar,155/182,RR,https://asia.pokemon-card.com/th/card-img/th00010291.png
Pokemon,สเตลลาร์สายฟ้าฟาด,SV8s,เทราปากอส,Terapagos,156/182,R,https://asia.pokemon-card.com/th/card-img/th00010292.png
Pokemon,สเตลลาร์สายฟ้าฟาด,SV8s,ส่งต่อพลังงาน PRO ,Energy Search Pro,157/182,ACE,https://asia.pokemon-card.com/th/card-img/th00010293.png
Pokemon,สเตลลาร์สายฟ้าฟาด,SV8s,กระดิ่งช่วยเหลือ,Call Bell,158/182,U,https://asia.pokemon-card.com/th/card-img/th00010294.png
Pokemon,สเตลลาร์สายฟ้าฟาด,SV8s,ชุดสืบสวน,Deduction Kit,159/182,U,https://asia.pokemon-card.com/th/card-img/th00010295.png
Pokemon,สเตลลาร์สายฟ้าฟาด,SV8s,สแครมเบิลสวิตช์,Scramble Switch,160/182,ACE,https://asia.pokemon-card.com/th/card-img/th00010296.png
Pokemon,สเตลลาร์สายฟ้าฟาด,SV8s,ดาร์กบอล,Dusk Ball,161/182,U,https://asia.pokemon-card.com/th/card-img/th00010297.png
Pokemon,สเตลลาร์สายฟ้าฟาด,SV8s,ไม้หยอกเรื่อยเฉื่อย,Chill Teaser Toy,162/182,U,https://asia.pokemon-card.com/th/card-img/th00010298.png
Pokemon,สเตลลาร์สายฟ้าฟาด,SV8s,จดหมายรบกวน,Meddling Memo,163/182,U,https://asia.pokemon-card.com/th/card-img/th00010299.png
Pokemon,สเตลลาร์สายฟ้าฟาด,SV8s,มิราเคิลอินเตอร์คอม,Miracle Headset,164/182,ACE,https://asia.pokemon-card.com/th/card-img/th00010300.png
Pokemon,สเตลลาร์สายฟ้าฟาด,SV8s,เมกะตันโบลเวอร์,Megaton Blower,165/182,ACE,https://asia.pokemon-card.com/th/card-img/th00010301.png
Pokemon,สเตลลาร์สายฟ้าฟาด,SV8s,ยาลับของมังกร,Dragon Elixir,166/182,U,https://asia.pokemon-card.com/th/card-img/th00010302.png
Pokemon,สเตลลาร์สายฟ้าฟาด,SV8s,ผลอิโตเกะ,Passho Berry,167/182,U,https://asia.pokemon-card.com/th/card-img/th00010303.png
Pokemon,สเตลลาร์สายฟ้าฟาด,SV8s,เคาน์เตอร์เกน,Counter Gain,168/182,U,https://asia.pokemon-card.com/th/card-img/th00010304.png
Pokemon,สเตลลาร์สายฟ้าฟาด,SV8s,เครื่องรางแห่งความปรารถนา,Amulet of Hope,169/182,ACE,https://asia.pokemon-card.com/th/card-img/th00010305.png
Pokemon,สเตลลาร์สายฟ้าฟาด,SV8s,ผลนาโมะ,Colbur Berry,170/182,U,https://asia.pokemon-card.com/th/card-img/th00010306.png
Pokemon,สเตลลาร์สายฟ้าฟาด,SV8s,ผลริริบะ,Babiri Berry,171/182,U,https://asia.pokemon-card.com/th/card-img/th00010307.png
Pokemon,สเตลลาร์สายฟ้าฟาด,SV8s,แมชชีนท่าต่อสู้ ฟลูออไรต์,Technical Machine: Fluorite,172/182,U,https://asia.pokemon-card.com/th/card-img/th00010308.png
Pokemon,สเตลลาร์สายฟ้าฟาด,SV8s,คาคิสึบาตะ,Drayton,173/182,U,https://asia.pokemon-card.com/th/card-img/th00010309.png
Pokemon,สเตลลาร์สายฟ้าฟาด,SV8s,นักโต้คลื่น,Surfer,174/182,U,https://asia.pokemon-card.com/th/card-img/th00010310.png
Pokemon,สเตลลาร์สายฟ้าฟาด,SV8s,ไซยาโน,Cyrano,175/182,U,https://asia.pokemon-card.com/th/card-img/th00010311.png
Pokemon,สเตลลาร์สายฟ้าฟาด,SV8s,ปฏิภานของซีตรอง,Clemont's Quick Wit,176/182,U,https://asia.pokemon-card.com/th/card-img/th00010312.png
Pokemon,สเตลลาร์สายฟ้าฟาด,SV8s,ดราซีนา,Drasna,177/182,C,https://asia.pokemon-card.com/th/card-img/th00010313.png
Pokemon,สเตลลาร์สายฟ้าฟาด,SV8s,สายตาของมิคัง,Jasmine's Gaze,178/182,U,https://asia.pokemon-card.com/th/card-img/th00010314.png
Pokemon,สเตลลาร์สายฟ้าฟาด,SV8s,เสน่ห์ดึงดูดของลูเทีย,Lisia's Appeal,179/182,U,https://asia.pokemon-card.com/th/card-img/th00010315.png
Pokemon,สเตลลาร์สายฟ้าฟาด,SV8s,เอ็กไซต์สเตเดียม,Lively Stadium,180/182,U,https://asia.pokemon-card.com/th/card-img/th00010316.png
Pokemon,สเตลลาร์สายฟ้าฟาด,SV8s,กราวิตีเมาน์เทน,Gravity Mountain,181/182,U,https://asia.pokemon-card.com/th/card-img/th00010317.png
Pokemon,สเตลลาร์สายฟ้าฟาด,SV8s,ริชเอนเนอร์จี้,Enriching Energy,182/182,ACE,https://asia.pokemon-card.com/th/card-img/th00010318.png
Pokemon,สเตลลาร์สายฟ้าฟาด,SV8s,ทามะทามะ,Exeggcute,183/182,AR,https://asia.pokemon-card.com/th/card-img/th00012806.png
Pokemon,สเตลลาร์สายฟ้าฟาด,SV8s,วิวิญอง,Vivillon,184/182,AR,https://asia.pokemon-card.com/th/card-img/th00012807.png
Pokemon,สเตลลาร์สายฟ้าฟาด,SV8s,มาเชโดะ,Shiinotic,185/182,AR,https://asia.pokemon-card.com/th/card-img/th00012808.png
Pokemon,สเตลลาร์สายฟ้าฟาด,SV8s,โปวาลุน ร่างพระอาทิตย์,Castform Sunny Form,186/182,AR,https://asia.pokemon-card.com/th/card-img/th00012809.png
Pokemon,สเตลลาร์สายฟ้าฟาด,SV8s,เมลาร์วา,Larvesta,187/182,AR,https://asia.pokemon-card.com/th/card-img/th00012810.png
Pokemon,สเตลลาร์สายฟ้าฟาด,SV8s,โซเบลดส์,Ceruledge,188/182,AR,https://asia.pokemon-card.com/th/card-img/th00012811.png
Pokemon,สเตลลาร์สายฟ้าฟาด,SV8s,ฮินบาส,Feebas,189/182,AR,https://asia.pokemon-card.com/th/card-img/th00012812.png
Pokemon,สเตลลาร์สายฟ้าฟาด,SV8s,ทามาซาราชิ,Spheal,190/182,AR,https://asia.pokemon-card.com/th/card-img/th00012813.png
Pokemon,สเตลลาร์สายฟ้าฟาด,SV8s,ฮากิกิชิริ,Bruxish,191/182,AR,https://asia.pokemon-card.com/th/card-img/th00012814.png
Pokemon,สเตลลาร์สายฟ้าฟาด,SV8s,ฮัลค์จิระ,Cetitan,192/182,AR,https://asia.pokemon-card.com/th/card-img/th00012815.png
Pokemon,สเตลลาร์สายฟ้าฟาด,SV8s,แรคอยล์,Magneton,193/182,AR,https://asia.pokemon-card.com/th/card-img/th00012816.png
Pokemon,สเตลลาร์สายฟ้าฟาด,SV8s,มักเกียว,Stunfisk,194/182,AR,https://asia.pokemon-card.com/th/card-img/th00012817.png
Pokemon,สเตลลาร์สายฟ้าฟาด,SV8s,ลาทิโอส,Latios,195/182,AR,https://asia.pokemon-card.com/th/card-img/th00012818.png
Pokemon,สเตลลาร์สายฟ้าฟาด,SV8s,เอ็มริต,Mesprit,196/182,AR,https://asia.pokemon-card.com/th/card-img/th00012819.png
Pokemon,สเตลลาร์สายฟ้าฟาด,SV8s,โกมาโซ,Phanpy,197/182,AR,https://asia.pokemon-card.com/th/card-img/th00012820.png
Pokemon,สเตลลาร์สายฟ้าฟาด,SV8s,วิบราวา,Vibrava,198/182,AR,https://asia.pokemon-card.com/th/card-img/th00012821.png
Pokemon,สเตลลาร์สายฟ้าฟาด,SV8s,ทาทักโกะ,Clobbopus,199/182,AR,https://asia.pokemon-card.com/th/card-img/th00012822.png
Pokemon,สเตลลาร์สายฟ้าฟาด,SV8s,อโลลา ดักทริโอ,Alolan Dugtrio,200/182,AR,https://asia.pokemon-card.com/th/card-img/th00012823.png
Pokemon,สเตลลาร์สายฟ้าฟาด,SV8s,แอร์มุโด,Skarmory,201/182,AR,https://asia.pokemon-card.com/th/card-img/th00012824.png
Pokemon,สเตลลาร์สายฟ้าฟาด,SV8s,แอปปริว,Flapple,202/182,AR,https://asia.pokemon-card.com/th/card-img/th00012825.png
Pokemon,สเตลลาร์สายฟ้าฟาด,SV8s,ทารุปเปิล,Appletun,203/182,AR,https://asia.pokemon-card.com/th/card-img/th00012826.png
Pokemon,สเตลลาร์สายฟ้าฟาด,SV8s,นามาเคโร,Slakoth,204/182,AR,https://asia.pokemon-card.com/th/card-img/th00012827.png
Pokemon,สเตลลาร์สายฟ้าฟาด,SV8s,คาคุเลียน,Kecleon,205/182,AR,https://asia.pokemon-card.com/th/card-img/th00012828.png
Pokemon,สเตลลาร์สายฟ้าฟาด,SV8s,วอร์เกิล,Braviary,206/182,AR,https://asia.pokemon-card.com/th/card-img/th00012829.png
Pokemon,สเตลลาร์สายฟ้าฟาด,SV8s,ไอแอนท์ ex,Durant,207/182,SR,https://asia.pokemon-card.com/th/card-img/th00012830.png
Pokemon,สเตลลาร์สายฟ้าฟาด,SV8s,สโกวิลเลิน ex,Scovillain,208/182,SR,https://asia.pokemon-card.com/th/card-img/th00012831.png
Pokemon,สเตลลาร์สายฟ้าฟาด,SV8s,มิโลคารอส ex,Milotic,209/182,SR,https://asia.pokemon-card.com/th/card-img/th00012832.png
Pokemon,สเตลลาร์สายฟ้าฟาด,SV8s,แบล็กคิวเรม ex,Black Kyurem,210/182,SR,https://asia.pokemon-card.com/th/card-img/th00012833.png
Pokemon,สเตลลาร์สายฟ้าฟาด,SV8s,พิคาชู ex,Pikachu,211/182,SR,https://asia.pokemon-card.com/th/card-img/th00012834.png
Pokemon,สเตลลาร์สายฟ้าฟาด,SV8s,ลาทิอาส ex,Latias,212/182,SR,https://asia.pokemon-card.com/th/card-img/th00012835.png
Pokemon,สเตลลาร์สายฟ้าฟาด,SV8s,ชิโรเดซึนะ ex,Palossand,213/182,SR,https://asia.pokemon-card.com/th/card-img/th00012836.png
Pokemon,สเตลลาร์สายฟ้าฟาด,SV8s,ฟลายกอน ex,Flygon,214/182,SR,https://asia.pokemon-card.com/th/card-img/th00012837.png
Pokemon,สเตลลาร์สายฟ้าฟาด,SV8s,ซาซันดรา ex,Hydreigon,215/182,SR,https://asia.pokemon-card.com/th/card-img/th00012838.png
Pokemon,สเตลลาร์สายฟ้าฟาด,SV8s,บริดิวรัส ex,Archaludon,216/182,SR,https://asia.pokemon-card.com/th/card-img/th00012839.png
Pokemon,สเตลลาร์สายฟ้าฟาด,SV8s,อโลลา นัชชี ex,Alolan Exeggutor,217/182,SR,https://asia.pokemon-card.com/th/card-img/th00012840.png
Pokemon,สเตลลาร์สายฟ้าฟาด,SV8s,ชาริทัตสึ ex,Tatsugiri,218/182,SR,https://asia.pokemon-card.com/th/card-img/th00012841.png
Pokemon,สเตลลาร์สายฟ้าฟาด,SV8s,เค็คคิง ex,Slaking,219/182,SR,https://asia.pokemon-card.com/th/card-img/th00012842.png
Pokemon,สเตลลาร์สายฟ้าฟาด,SV8s,โมโตโทคาเงะ ex,Cyclizar,220/182,SR,https://asia.pokemon-card.com/th/card-img/th00012843.png
Pokemon,สเตลลาร์สายฟ้าฟาด,SV8s,คาคิสึบาตะ,Drayton,221/182,SR,https://asia.pokemon-card.com/th/card-img/th00012844.png
Pokemon,สเตลลาร์สายฟ้าฟาด,SV8s,นักโต้คลื่น,Surfer,222/182,SR,https://asia.pokemon-card.com/th/card-img/th00012845.png
Pokemon,สเตลลาร์สายฟ้าฟาด,SV8s,ไซนาโน,Cyrano,223/182,SR,https://asia.pokemon-card.com/th/card-img/th00012846.png
Pokemon,สเตลลาร์สายฟ้าฟาด,SV8s,ปฏิภานของซีตรอง,Clemont's Quick Wit,224/182,SR,https://asia.pokemon-card.com/th/card-img/th00012847.png
Pokemon,สเตลลาร์สายฟ้าฟาด,SV8s,ดราซีนา,Drasna,225/182,SR,https://asia.pokemon-card.com/th/card-img/th00012848.png
Pokemon,สเตลลาร์สายฟ้าฟาด,SV8s,สายตาของมิคัง,Jasmine's Gaze,226/182,SR,https://asia.pokemon-card.com/th/card-img/th00012849.png
Pokemon,สเตลลาร์สายฟ้าฟาด,SV8s,เสน่ห์ดึงดูดของลูเทีย,Lisia's Appeal,227/182,SR,https://asia.pokemon-card.com/th/card-img/th00012850.png
Pokemon,สเตลลาร์สายฟ้าฟาด,SV8s,ไอแอนท์ ex,Durant,228/182,SAR,https://asia.pokemon-card.com/th/card-img/th00012851.png
Pokemon,สเตลลาร์สายฟ้าฟาด,SV8s,มิโลคารอส ex,Milotic,229/182,SAR,https://asia.pokemon-card.com/th/card-img/th00012852.png
Pokemon,สเตลลาร์สายฟ้าฟาด,SV8s,พิคาชู ex,Pikachu,230/182,SAR,https://asia.pokemon-card.com/th/card-img/th00012853.png
Pokemon,สเตลลาร์สายฟ้าฟาด,SV8s,ลาทิอาส ex,Latias,231/182,SAR,https://asia.pokemon-card.com/th/card-img/th00012854.png
Pokemon,สเตลลาร์สายฟ้าฟาด,SV8s,ซาซันดรา ex,Hydreigon,232/182,SAR,https://asia.pokemon-card.com/th/card-img/th00012855.png
Pokemon,สเตลลาร์สายฟ้าฟาด,SV8s,บริดิวรัส ex,Archaludon,233/182,SAR,https://asia.pokemon-card.com/th/card-img/th00012856.png
Pokemon,สเตลลาร์สายฟ้าฟาด,SV8s,อโลลา นัชชี ex,Alolan Exeggutor,234/182,SAR,https://asia.pokemon-card.com/th/card-img/th00012857.png
Pokemon,สเตลลาร์สายฟ้าฟาด,SV8s,คาคิสึบาตะ,Drayton,235/182,SAR,https://asia.pokemon-card.com/th/card-img/th00012858.png
Pokemon,สเตลลาร์สายฟ้าฟาด,SV8s,ปฏิภานของซีตรอง,Clemont's Quick Wit,236/182,SAR,https://asia.pokemon-card.com/th/card-img/th00012859.png
Pokemon,สเตลลาร์สายฟ้าฟาด,SV8s,สายตาของมิคัง,Jasmine's Gaze,237/182,SAR,https://asia.pokemon-card.com/th/card-img/th00012860.png
Pokemon,สเตลลาร์สายฟ้าฟาด,SV8s,เสน่ห์ดึงดูดของลูเทีย,Lisia's Appeal,238/182,SAR,https://asia.pokemon-card.com/th/card-img/th00012861.png
Pokemon,สเตลลาร์สายฟ้าฟาด,SV8s,พิคาชู ex,Pikachu,239/182,UR,https://asia.pokemon-card.com/th/card-img/th00012862.png
Pokemon,สเตลลาร์สายฟ้าฟาด,SV8s,อโลลา นัชชี ex,Alolan Exeggutor,240/182,UR,https://asia.pokemon-card.com/th/card-img/th00012863.png
Pokemon,สเตลลาร์สายฟ้าฟาด,SV8s,เปลหามยามราตรี,Night Stretcher,241/182,UR,https://asia.pokemon-card.com/th/card-img/th00012864.png
Pokemon,สเตลลาร์สายฟ้าฟาด,SV8s,เคาน์เตอร์เกน,Counter Gain,242/182,UR,https://asia.pokemon-card.com/th/card-img/th00012865.png
Pokemon,สเตลลาร์สายฟ้าฟาด,SV8s,กราวิตีเมาน์เทน,Gravity Mountain,243/182,UR,https://asia.pokemon-card.com/th/card-img/th00012866.png
Pokemon,สเตลลาร์สายฟ้าฟาด,SV8s,เจ็ตเอนเนอร์จี้,Jet Energy,244/182,UR,https://asia.pokemon-card.com/th/card-img/th00012867.png
Pokemon,แสงนำทางแห่งสเตลลาร์,SV7s,เรดิบา,Ledyba,001/166,C,https://asia.pokemon-card.com/th/card-img/th00009635.png
Pokemon,แสงนำทางแห่งสเตลลาร์,SV7s,เรเดียน,Ledian,002/166,R,https://asia.pokemon-card.com/th/card-img/th00009636.png
Pokemon,แสงนำทางแห่งสเตลลาร์,SV7s,ลิลีลา,Lileep,003/166,C,https://asia.pokemon-card.com/th/card-img/th00009637.png
Pokemon,แสงนำทางแห่งสเตลลาร์,SV7s,ยูเรเดิล,Cradily,004/166,U,https://asia.pokemon-card.com/th/card-img/th00009638.png
Pokemon,แสงนำทางแห่งสเตลลาร์,SV7s,มัสคิปปา,Carnivine,005/166,C,https://asia.pokemon-card.com/th/card-img/th00009639.png
Pokemon,แสงนำทางแห่งสเตลลาร์,SV7s,คัตโรตอม,Cut Rotom,006/166,C,https://asia.pokemon-card.com/th/card-img/th00009640.png
Pokemon,แสงนำทางแห่งสเตลลาร์,SV7s,บาชูรุ,Joltik,007/166,C,https://asia.pokemon-card.com/th/card-img/th00009641.png
Pokemon,แสงนำทางแห่งสเตลลาร์,SV7s,เดนทูลา,Galvantula,008/166,U,https://asia.pokemon-card.com/th/card-img/th00009642.png
Pokemon,แสงนำทางแห่งสเตลลาร์,SV7s,โมคุโร,Rowlet,009/166,C,https://asia.pokemon-card.com/th/card-img/th00009643.png
Pokemon,แสงนำทางแห่งสเตลลาร์,SV7s,ฟุคุซึโร,Dartrix,010/166,C,https://asia.pokemon-card.com/th/card-img/th00009644.png
Pokemon,แสงนำทางแห่งสเตลลาร์,SV7s,จูไนเปอร์,Decidueye,011/166,U,https://asia.pokemon-card.com/th/card-img/th00009645.png
Pokemon,แสงนำทางแห่งสเตลลาร์,SV7s,อโกจิมูชิ,Grubbin,012/166,C,https://asia.pokemon-card.com/th/card-img/th00009646.png
Pokemon,แสงนำทางแห่งสเตลลาร์,SV7s,คาปู บูลูลู,Tapu Bulu,013/166,R,https://asia.pokemon-card.com/th/card-img/th00009647.png
Pokemon,แสงนำทางแห่งสเตลลาร์,SV7s,ฮิเมงกะ,Hoppip,014/166,C,https://asia.pokemon-card.com/th/card-img/th00009648.png
Pokemon,แสงนำทางแห่งสเตลลาร์,SV7s,วาตะชิรากะ,Skiploom,015/166,U,https://asia.pokemon-card.com/th/card-img/th00009649.png
Pokemon,แสงนำทางแห่งสเตลลาร์,SV7s,คาจิชชู,Applin,016/166,C,https://asia.pokemon-card.com/th/card-img/th00009650.png
Pokemon,แสงนำทางแห่งสเตลลาร์,SV7s,คามิชชู,Dipplin,017/166,C,https://asia.pokemon-card.com/th/card-img/th00009651.png
Pokemon,แสงนำทางแห่งสเตลลาร์,SV7s,คามิสึโอโรจิ ex,Hydrapple ex,018/166,RR,https://asia.pokemon-card.com/th/card-img/th00009652.png
Pokemon,แสงนำทางแห่งสเตลลาร์,SV7s,เดลวิล,Houndour,019/166,C,https://asia.pokemon-card.com/th/card-img/th00009653.png
Pokemon,แสงนำทางแห่งสเตลลาร์,SV7s,เฮลการ์,Houndoom,020/166,C,https://asia.pokemon-card.com/th/card-img/th00009654.png
Pokemon,แสงนำทางแห่งสเตลลาร์,SV7s,ยาโทโมริ,Salandit,021/166,C,https://asia.pokemon-card.com/th/card-img/th00009655.png
Pokemon,แสงนำทางแห่งสเตลลาร์,SV7s,เอ็นนิวท์,Salazzle,022/166,U,https://asia.pokemon-card.com/th/card-img/th00009656.png
Pokemon,แสงนำทางแห่งสเตลลาร์,SV7s,บาคุกาเมส,Turtonator,023/166,C,https://asia.pokemon-card.com/th/card-img/th00009657.png
Pokemon,แสงนำทางแห่งสเตลลาร์,SV7s,ฮิบานี,Scorbunny,024/166,C,https://asia.pokemon-card.com/th/card-img/th00009658.png
Pokemon,แสงนำทางแห่งสเตลลาร์,SV7s,แรบบิฟุต,Raboot,025/166,C,https://asia.pokemon-card.com/th/card-img/th00009659.png
Pokemon,แสงนำทางแห่งสเตลลาร์,SV7s,เอสเบิร์น ex,Cinderace ex,026/166,RR,https://asia.pokemon-card.com/th/card-img/th00009660.png
Pokemon,แสงนำทางแห่งสเตลลาร์,SV7s,แมลงมอธเหล็ก,Iron Moth,027/166,U,https://asia.pokemon-card.com/th/card-img/th00009661.png
Pokemon,แสงนำทางแห่งสเตลลาร์,SV7s,ทัททู,Horsea,028/166,C,https://asia.pokemon-card.com/th/card-img/th00009662.png
Pokemon,แสงนำทางแห่งสเตลลาร์,SV7s,ซีดรา,Seadra,029/166,C,https://asia.pokemon-card.com/th/card-img/th00009663.png
Pokemon,แสงนำทางแห่งสเตลลาร์,SV7s,คิงดรา ex,Kingdra ex,030/166,RR,https://asia.pokemon-card.com/th/card-img/th00009664.png
Pokemon,แสงนำทางแห่งสเตลลาร์,SV7s,ลาพลาซ ex,Lapras ex,031/166,RR,https://asia.pokemon-card.com/th/card-img/th00009665.png
Pokemon,แสงนำทางแห่งสเตลลาร์,SV7s,นิวลา,Sneasel,032/166,C,https://asia.pokemon-card.com/th/card-img/th00009666.png
Pokemon,แสงนำทางแห่งสเตลลาร์,SV7s,มานิวลา,Weavile,033/166,U,https://asia.pokemon-card.com/th/card-img/th00009667.png
Pokemon,แสงนำทางแห่งสเตลลาร์,SV7s,เคโคโอ,Buizel,034/166,C,https://asia.pokemon-card.com/th/card-img/th00009668.png
Pokemon,แสงนำทางแห่งสเตลลาร์,SV7s,เนโอแลนท์,Lumineon,035/166,U,https://asia.pokemon-card.com/th/card-img/th00009669.png
Pokemon,แสงนำทางแห่งสเตลลาร์,SV7s,โปรโตกา,Tirtouga,036/166,C,https://asia.pokemon-card.com/th/card-img/th00009670.png
Pokemon,แสงนำทางแห่งสเตลลาร์,SV7s,อบาโกรา,Carracosta,037/166,U,https://asia.pokemon-card.com/th/card-img/th00009671.png
Pokemon,แสงนำทางแห่งสเตลลาร์,SV7s,เคเค็นคานิ,Crabrawler,038/166,U,https://asia.pokemon-card.com/th/card-img/th00009672.png
Pokemon,แสงนำทางแห่งสเตลลาร์,SV7s,คามุคาเมะ,Chewtle,039/166,C,https://asia.pokemon-card.com/th/card-img/th00009673.png
Pokemon,แสงนำทางแห่งสเตลลาร์,SV7s,คาจิริกาเมะ,Drednaw,040/166,R,https://asia.pokemon-card.com/th/card-img/th00009674.png
Pokemon,แสงนำทางแห่งสเตลลาร์,SV7s,มิกาลูซา,Veluza,041/166,U,https://asia.pokemon-card.com/th/card-img/th00009675.png
Pokemon,แสงนำทางแห่งสเตลลาร์,SV7s,เอเลบู,Electabuzz,042/166,C,https://asia.pokemon-card.com/th/card-img/th00009676.png
Pokemon,แสงนำทางแห่งสเตลลาร์,SV7s,เอเลคิเบิล,Electivire,043/166,U,https://asia.pokemon-card.com/th/card-img/th00009677.png
Pokemon,แสงนำทางแห่งสเตลลาร์,SV7s,ชอนชี,Chinchou,044/166,C,https://asia.pokemon-card.com/th/card-img/th00009678.png
Pokemon,แสงนำทางแห่งสเตลลาร์,SV7s,แลนเทอร์น,Lanturn,045/166,U,https://asia.pokemon-card.com/th/card-img/th00009679.png
Pokemon,แสงนำทางแห่งสเตลลาร์,SV7s,บาชูรุ,Joltik,046/166,C,https://asia.pokemon-card.com/th/card-img/th00009680.png
Pokemon,แสงนำทางแห่งสเตลลาร์,SV7s,เดนทูลา ex,Galvantula ex,047/166,RR,https://asia.pokemon-card.com/th/card-img/th00009681.png
Pokemon,แสงนำทางแห่งสเตลลาร์,SV7s,เด็นจิมูชิ,Charjabug,048/166,C,https://asia.pokemon-card.com/th/card-img/th00009682.png
Pokemon,แสงนำทางแห่งสเตลลาร์,SV7s,คุวากานอน,Vikavolt,049/166,U,https://asia.pokemon-card.com/th/card-img/th00009683.png
Pokemon,แสงนำทางแห่งสเตลลาร์,SV7s,โทเกะเดมารุ,Togedemaru,050/166,U,https://asia.pokemon-card.com/th/card-img/th00009684.png
Pokemon,แสงนำทางแห่งสเตลลาร์,SV7s,เซราโอรา,Zeraora,051/166,R,https://asia.pokemon-card.com/th/card-img/th00009685.png
Pokemon,แสงนำทางแห่งสเตลลาร์,SV7s,โบรโรโรม ex,Revavroom ex,052/166,RR,https://asia.pokemon-card.com/th/card-img/th00009686.png
Pokemon,แสงนำทางแห่งสเตลลาร์,SV7s,ยาดง,Slowpoke,053/166,C,https://asia.pokemon-card.com/th/card-img/th00009687.png
Pokemon,แสงนำทางแห่งสเตลลาร์,SV7s,ยาโดคิง,Slowking,054/166,U,https://asia.pokemon-card.com/th/card-img/th00009688.png
Pokemon,แสงนำทางแห่งสเตลลาร์,SV7s,สลีป,Drowzee,055/166,C,https://asia.pokemon-card.com/th/card-img/th00009689.png
Pokemon,แสงนำทางแห่งสเตลลาร์,SV7s,สลีปเปอร์,Hypno,056/166,U,https://asia.pokemon-card.com/th/card-img/th00009690.png
Pokemon,แสงนำทางแห่งสเตลลาร์,SV7s,โยมาวารุ,Duskull,057/166,C,https://asia.pokemon-card.com/th/card-img/th00009691.png
Pokemon,แสงนำทางแห่งสเตลลาร์,SV7s,ซามาโยรุ,Dusclops,058/166,C,https://asia.pokemon-card.com/th/card-img/th00009692.png
Pokemon,แสงนำทางแห่งสเตลลาร์,SV7s,โยนัวร์,Dusknoir,059/166,R,https://asia.pokemon-card.com/th/card-img/th00009693.png
Pokemon,แสงนำทางแห่งสเตลลาร์,SV7s,ฟูวันเต,Drifloon,060/166,C,https://asia.pokemon-card.com/th/card-img/th00009694.png
Pokemon,แสงนำทางแห่งสเตลลาร์,SV7s,ฟูวาไรด์,Drifblim,061/166,U,https://asia.pokemon-card.com/th/card-img/th00009695.png
Pokemon,แสงนำทางแห่งสเตลลาร์,SV7s,เครเซเลีย,Cresselia,062/166,R,https://asia.pokemon-card.com/th/card-img/th00009696.png
Pokemon,แสงนำทางแห่งสเตลลาร์,SV7s,นิมเฟีย,Sylveon,063/166,U,https://asia.pokemon-card.com/th/card-img/th00009697.png
Pokemon,แสงนำทางแห่งสเตลลาร์,SV7s,คิววะวา,Comfey,064/166,C,https://asia.pokemon-card.com/th/card-img/th00009698.png
Pokemon,แสงนำทางแห่งสเตลลาร์,SV7s,มาโฮมิล,Alcremie,065/166,C,https://asia.pokemon-card.com/th/card-img/th00009699.png
Pokemon,แสงนำทางแห่งสเตลลาร์,SV7s,มาวิป,Milcery,066/166,U,https://asia.pokemon-card.com/th/card-img/th00009700.png
Pokemon,แสงนำทางแห่งสเตลลาร์,SV7s,พาปิม็อตจิ,Fidough,067/166,C,https://asia.pokemon-card.com/th/card-img/th00009701.png
Pokemon,แสงนำทางแห่งสเตลลาร์,SV7s,บัลซ์เซล ex,Dachsbun ex,068/166,RR,https://asia.pokemon-card.com/th/card-img/th00009702.png
Pokemon,แสงนำทางแห่งสเตลลาร์,SV7s,ศิลาเหล็ก,Nosepass,069/166,R,https://asia.pokemon-card.com/th/card-img/th00009703.png
Pokemon,แสงนำทางแห่งสเตลลาร์,SV7s,คาระคาระ,Cubone,070/166,C,https://asia.pokemon-card.com/th/card-img/th00009704.png
Pokemon,แสงนำทางแห่งสเตลลาร์,SV7s,การะการะ,Marowak,071/166,U,https://asia.pokemon-card.com/th/card-img/th00009705.png
Pokemon,แสงนำทางแห่งสเตลลาร์,SV7s,ไซฮอร์น,Rhyhorn,072/166,C,https://asia.pokemon-card.com/th/card-img/th00009706.png
Pokemon,แสงนำทางแห่งสเตลลาร์,SV7s,ไซดอน,Rhydon,073/166,C,https://asia.pokemon-card.com/th/card-img/th00009707.png
Pokemon,แสงนำทางแห่งสเตลลาร์,SV7s,โดไซดอน,Rhyperior,074/166,R,https://asia.pokemon-card.com/th/card-img/th00009708.png
Pokemon,แสงนำทางแห่งสเตลลาร์,SV7s,อาซานัน,Meditite,075/166,C,https://asia.pokemon-card.com/th/card-img/th00009709.png
Pokemon,แสงนำทางแห่งสเตลลาร์,SV7s,ชาเรม ex,Medicham ex,076/166,RR,https://asia.pokemon-card.com/th/card-img/th00009710.png
Pokemon,แสงนำทางแห่งสเตลลาร์,SV7s,กูเรกกรู,Croagunk,077/166,C,https://asia.pokemon-card.com/th/card-img/th00009711.png
Pokemon,แสงนำทางแห่งสเตลลาร์,SV7s,โดคูร็อก,Toxicroak,078/166,C,https://asia.pokemon-card.com/th/card-img/th00009712.png
Pokemon,แสงนำทางแห่งสเตลลาร์,SV7s,โคโจฟู,Mienfoo,079/166,C,https://asia.pokemon-card.com/th/card-img/th00009713.png
Pokemon,แสงนำทางแห่งสเตลลาร์,SV7s,โคโจนโดะ,Mienshao,080/166,U,https://asia.pokemon-card.com/th/card-img/th00009714.png
Pokemon,แสงนำทางแห่งสเตลลาร์,SV7s,ยันชัม,Pancham,081/166,C,https://asia.pokemon-card.com/th/card-img/th00009715.png
Pokemon,แสงนำทางแห่งสเตลลาร์,SV7s,ดีแอนซี,Diancie,082/166,U,https://asia.pokemon-card.com/th/card-img/th00009716.png
Pokemon,แสงนำทางแห่งสเตลลาร์,SV7s,มาเค็นคานิ,Crabominable,083/166,C,https://asia.pokemon-card.com/th/card-img/th00009717.png
Pokemon,แสงนำทางแห่งสเตลลาร์,SV7s,ไทเรสึ,Falinks,084/166,C,https://asia.pokemon-card.com/th/card-img/th00009718.png
Pokemon,แสงนำทางแห่งสเตลลาร์,SV7s,กาจิกุมะ พระจันทร์สีเลือด,Ursaluna Bloodmoon,085/166,R,https://asia.pokemon-card.com/th/card-img/th00009719.png
Pokemon,แสงนำทางแห่งสเตลลาร์,SV7s,ปีกไล้พสุธา,Landorus,086/166,U,https://asia.pokemon-card.com/th/card-img/th00009720.png
Pokemon,แสงนำทางแห่งสเตลลาร์,SV7s,ซูแบท,Zubat,087/166,C,https://asia.pokemon-card.com/th/card-img/th00009721.png
Pokemon,แสงนำทางแห่งสเตลลาร์,SV7s,โกลแบท,Golbat,088/166,C,https://asia.pokemon-card.com/th/card-img/th00009722.png
Pokemon,แสงนำทางแห่งสเตลลาร์,SV7s,โครแบท,Crobat,089/166,U,https://asia.pokemon-card.com/th/card-img/th00009723.png
Pokemon,แสงนำทางแห่งสเตลลาร์,SV7s,โกคูลิน,Gulpin,090/166,C,https://asia.pokemon-card.com/th/card-img/th00009724.png
Pokemon,แสงนำทางแห่งสเตลลาร์,SV7s,มารุโนม,Swalot,091/166,U,https://asia.pokemon-card.com/th/card-img/th00009725.png
Pokemon,แสงนำทางแห่งสเตลลาร์,SV7s,แอบโซล,Absol,092/166,C,https://asia.pokemon-card.com/th/card-img/th00009726.png
Pokemon,แสงนำทางแห่งสเตลลาร์,SV7s,โซรัว,Zorua,093/166,C,https://asia.pokemon-card.com/th/card-img/th00009727.png
Pokemon,แสงนำทางแห่งสเตลลาร์,SV7s,โซโรอาร์ค,Zoroark,094/166,R,https://asia.pokemon-card.com/th/card-img/th00009728.png
Pokemon,แสงนำทางแห่งสเตลลาร์,SV7s,โกรอนดะ,Pangoro,095/166,U,https://asia.pokemon-card.com/th/card-img/th00009729.png
Pokemon,แสงนำทางแห่งสเตลลาร์,SV7s,มาอีกะ,Inkay,096/166,C,https://asia.pokemon-card.com/th/card-img/th00009730.png
Pokemon,แสงนำทางแห่งสเตลลาร์,SV7s,คาลามาเนโร,Malamar,097/166,U,https://asia.pokemon-card.com/th/card-img/th00009731.png
Pokemon,แสงนำทางแห่งสเตลลาร์,SV7s,อีเวลทอล,Yveltal,098/166,U,https://asia.pokemon-card.com/th/card-img/th00009732.png
Pokemon,แสงนำทางแห่งสเตลลาร์,SV7s,เบโรบา,Impidimp,099/166,C,https://asia.pokemon-card.com/th/card-img/th00009733.png
Pokemon,แสงนำทางแห่งสเตลลาร์,SV7s,กิโม,Morgrem,100/166,C,https://asia.pokemon-card.com/th/card-img/th00009734.png
Pokemon,แสงนำทางแห่งสเตลลาร์,SV7s,โอลองเกะ,Grimmsnarl,101/166,U,https://asia.pokemon-card.com/th/card-img/th00009735.png
Pokemon,แสงนำทางแห่งสเตลลาร์,SV7s,อี้เนะอินุ ex,Okidogi ex,102/166,RR,https://asia.pokemon-card.com/th/card-img/th00009736.png
Pokemon,แสงนำทางแห่งสเตลลาร์,SV7s,มาชิมาชิระ ex,Munkidori ex,103/166,RR,https://asia.pokemon-card.com/th/card-img/th00009737.png
Pokemon,แสงนำทางแห่งสเตลลาร์,SV7s,คิจิคิกิสึ ex,Fezandipiti ex,104/166,RR,https://asia.pokemon-card.com/th/card-img/th00009738.png
Pokemon,แสงนำทางแห่งสเตลลาร์,SV7s,โมโมวาโร่ ex,Pecharunt ex,105/166,RR,https://asia.pokemon-card.com/th/card-img/th00009739.png
Pokemon,แสงนำทางแห่งสเตลลาร์,SV7s,เกียร์,Klink,106/166,C,https://asia.pokemon-card.com/th/card-img/th00009740.png
Pokemon,แสงนำทางแห่งสเตลลาร์,SV7s,กิเกียร์,Klang,107/166,C,https://asia.pokemon-card.com/th/card-img/th00009741.png
Pokemon,แสงนำทางแห่งสเตลลาร์,SV7s,กิกิเกียร์,Klinklang,108/166,R,https://asia.pokemon-card.com/th/card-img/th00009742.png
Pokemon,แสงนำทางแห่งสเตลลาร์,SV7s,เกโนเซ็กท์,Genesect,109/166,U,https://asia.pokemon-card.com/th/card-img/th00009743.png
Pokemon,แสงนำทางแห่งสเตลลาร์,SV7s,เมลตัน,Meltan,110/166,C,https://asia.pokemon-card.com/th/card-img/th00009744.png
Pokemon,แสงนำทางแห่งสเตลลาร์,SV7s,เมลเมทัล,Melmetal,111/166,U,https://asia.pokemon-card.com/th/card-img/th00009745.png
Pokemon,แสงนำทางแห่งสเตลลาร์,SV7s,โซโด,Cufant,112/166,C,https://asia.pokemon-card.com/th/card-img/th00009746.png
Pokemon,แสงนำทางแห่งสเตลลาร์,SV7s,ไดโอโด,Copperajah,113/166,R,https://asia.pokemon-card.com/th/card-img/th00009747.png
Pokemon,แสงนำทางแห่งสเตลลาร์,SV7s,ดิวรัลดอน,Duraludon,114/166,C,https://asia.pokemon-card.com/th/card-img/th00009748.png
Pokemon,แสงนำทางแห่งสเตลลาร์,SV7s,บริดิวรัส,Archaludon,115/166,R,https://asia.pokemon-card.com/th/card-img/th00009749.png
Pokemon,แสงนำทางแห่งสเตลลาร์,SV7s,โบรรอน,Varoom,116/166,C,https://asia.pokemon-card.com/th/card-img/th00009750.png
Pokemon,แสงนำทางแห่งสเตลลาร์,SV7s,มิมิซึซึ ex,Orthworm ex,117/166,RR,https://asia.pokemon-card.com/th/card-img/th00009751.png
Pokemon,แสงนำทางแห่งสเตลลาร์,SV7s,คิบาโกะ,Axew,118/166,C,https://asia.pokemon-card.com/th/card-img/th00009752.png
Pokemon,แสงนำทางแห่งสเตลลาร์,SV7s,โอโนนโดะ,Fraxure,119/166,C,https://asia.pokemon-card.com/th/card-img/th00009753.png
Pokemon,แสงนำทางแห่งสเตลลาร์,SV7s,โอโนโนคุส,Haxorus,120/166,R,https://asia.pokemon-card.com/th/card-img/th00009754.png
Pokemon,แสงนำทางแห่งสเตลลาร์,SV7s,คิวเรม,Kyurem,121/166,U,https://asia.pokemon-card.com/th/card-img/th00009755.png
Pokemon,แสงนำทางแห่งสเตลลาร์,SV7s,ฟ้าคะนองคลั่ง,Raging Bolt,122/166,R,https://asia.pokemon-card.com/th/card-img/th00009756.png
Pokemon,แสงนำทางแห่งสเตลลาร์,SV7s,เนียส,Meowth,123/166,C,https://asia.pokemon-card.com/th/card-img/th00009757.png
Pokemon,แสงนำทางแห่งสเตลลาร์,SV7s,เปอร์เซียน,Persian,124/166,C,https://asia.pokemon-card.com/th/card-img/th00009758.png
Pokemon,แสงนำทางแห่งสเตลลาร์,SV7s,อีวุย,Eevee,125/166,C,https://asia.pokemon-card.com/th/card-img/th00009759.png
Pokemon,แสงนำทางแห่งสเตลลาร์,SV7s,โฮโฮ,Hoothoot,126/166,C,https://asia.pokemon-card.com/th/card-img/th00009760.png
Pokemon,แสงนำทางแห่งสเตลลาร์,SV7s,โยรุโนะซึคุ,Noctowl,127/166,R,https://asia.pokemon-card.com/th/card-img/th00009761.png
Pokemon,แสงนำทางแห่งสเตลลาร์,SV7s,เนียรุมา,Glameow,128/166,C,https://asia.pokemon-card.com/th/card-img/th00009762.png
Pokemon,แสงนำทางแห่งสเตลลาร์,SV7s,บูเนียตโตะ,Purugly,129/166,C,https://asia.pokemon-card.com/th/card-img/th00009763.png
Pokemon,แสงนำทางแห่งสเตลลาร์,SV7s,สปินโรตอม,Fan Rotom,130/166,C,https://asia.pokemon-card.com/th/card-img/th00009764.png
Pokemon,แสงนำทางแห่งสเตลลาร์,SV7s,บัฟฟรอน,Bouffalant,131/166,U,https://asia.pokemon-card.com/th/card-img/th00009765.png
Pokemon,แสงนำทางแห่งสเตลลาร์,SV7s,ทอร์เนลอส,Tornadus,132/166,U,https://asia.pokemon-card.com/th/card-img/th00009766.png
Pokemon,แสงนำทางแห่งสเตลลาร์,SV7s,ยายาโคมะ,Fletchling,133/166,C,https://asia.pokemon-card.com/th/card-img/th00009767.png
Pokemon,แสงนำทางแห่งสเตลลาร์,SV7s,ฮิโนยาโคมะ,Fletchinder,134/166,C,https://asia.pokemon-card.com/th/card-img/th00009768.png
Pokemon,แสงนำทางแห่งสเตลลาร์,SV7s,ไฟร์แอโรว์,Talonflame,135/166,U,https://asia.pokemon-card.com/th/card-img/th00009769.png
Pokemon,แสงนำทางแห่งสเตลลาร์,SV7s,ทริมเมียน,Furfrou,136/166,C,https://asia.pokemon-card.com/th/card-img/th00009770.png
Pokemon,แสงนำทางแห่งสเตลลาร์,SV7s,นุยโคกุมะ,Stufful,137/166,C,https://asia.pokemon-card.com/th/card-img/th00009771.png
Pokemon,แสงนำทางแห่งสเตลลาร์,SV7s,คิเทรุกุมะ,Bewear,138/166,C,https://asia.pokemon-card.com/th/card-img/th00009772.png
Pokemon,แสงนำทางแห่งสเตลลาร์,SV7s,วูลู,Wooloo,139/166,C,https://asia.pokemon-card.com/th/card-img/th00009773.png
Pokemon,แสงนำทางแห่งสเตลลาร์,SV7s,ไบวูลู,Dubwool,140/166,U,https://asia.pokemon-card.com/th/card-img/th00009774.png
Pokemon,แสงนำทางแห่งสเตลลาร์,SV7s,เทราปากอส ex,Terapagos ex,141/166,RR,https://asia.pokemon-card.com/th/card-img/th00009775.png
Pokemon,แสงนำทางแห่งสเตลลาร์,SV7s,ทรัมเป็ตแก้ว,Glass Trumpet,142/166,U,https://asia.pokemon-card.com/th/card-img/th00009776.png
Pokemon,แสงนำทางแห่งสเตลลาร์,SV7s,ลำแสงมหาภัย,Dangerous Laser,143/166,ACE,https://asia.pokemon-card.com/th/card-img/th00009777.png
Pokemon,แสงนำทางแห่งสเตลลาร์,SV7s,ฟอสซิลรากเก่าแก่,Antique Root Fossil,144/166,C,https://asia.pokemon-card.com/th/card-img/th00009778.png
Pokemon,แสงนำทางแห่งสเตลลาร์,SV7s,ฟอสซิลเปลือกเก่าแก่,Antique Cover Fossil,145/166,C,https://asia.pokemon-card.com/th/card-img/th00009779.png
Pokemon,แสงนำทางแห่งสเตลลาร์,SV7s,โปเกไวทัล A,Poké Vital A,146/166,ACE,https://asia.pokemon-card.com/th/card-img/th00009780.png
Pokemon,แสงนำทางแห่งสเตลลาร์,SV7s,เปลหามยามราตรี,Night Stretcher,147/166,U,https://asia.pokemon-card.com/th/card-img/th00009781.png
Pokemon,แสงนำทางแห่งสเตลลาร์,SV7s,ผลอูตัน,Payapa Berry,148/166,U,https://asia.pokemon-card.com/th/card-img/th00009782.png
Pokemon,แสงนำทางแห่งสเตลลาร์,SV7s,ผลอ็อกคา,Occa Berry,149/166,U,https://asia.pokemon-card.com/th/card-img/th00009783.png
Pokemon,แสงนำทางแห่งสเตลลาร์,SV7s,ผลึกระยิบระยับ,Sparkling Crystal,150/166,ACE,https://asia.pokemon-card.com/th/card-img/th00009784.png
Pokemon,แสงนำทางแห่งสเตลลาร์,SV7s,โมจิอันทุ,Binding Mochi,151/166,U,https://asia.pokemon-card.com/th/card-img/th00009785.png
Pokemon,แสงนำทางแห่งสเตลลาร์,SV7s,ก้อนแรงดึงดูด,Gravity Gemstone,152/166,U,https://asia.pokemon-card.com/th/card-img/th00009786.png
Pokemon,แสงนำทางแห่งสเตลลาร์,SV7s,นาฬิกาทรายแห่งพลัง,Powerglass,153/166,U,https://asia.pokemon-card.com/th/card-img/th00009787.png
Pokemon,แสงนำทางแห่งสเตลลาร์,SV7s,ดีลักซ์บอมบ์,Deluxe Bomb,154/166,ACE,https://asia.pokemon-card.com/th/card-img/th00009788.png
Pokemon,แสงนำทางแห่งสเตลลาร์,SV7s,อาคามัตสึ,Crispin,155/166,U,https://asia.pokemon-card.com/th/card-img/th00009789.png
Pokemon,แสงนำทางแห่งสเตลลาร์,SV7s,จิตยึดติดของอโครมา,Colress’s Tenacity,156/166,U,https://asia.pokemon-card.com/th/card-img/th00009790.png
Pokemon,แสงนำทางแห่งสเตลลาร์,SV7s,เทคนิคลับของอันสุ,Janine's Secret Art,157/166,U,https://asia.pokemon-card.com/th/card-img/th00009791.png
Pokemon,แสงนำทางแห่งสเตลลาร์,SV7s,แคสซิโอเปีย,Cassiopeia,158/166,U,https://asia.pokemon-card.com/th/card-img/th00009792.png
Pokemon,แสงนำทางแห่งสเตลลาร์,SV7s,อุบายของซีโรซิก,Xerosic's Machinations,159/166,U,https://asia.pokemon-card.com/th/card-img/th00009793.png
Pokemon,แสงนำทางแห่งสเตลลาร์,SV7s,ทาโร่,Lacey,160/166,U,https://asia.pokemon-card.com/th/card-img/th00009794.png
Pokemon,แสงนำทางแห่งสเตลลาร์,SV7s,ไห่ไต้,Kofu,161/166,U,https://asia.pokemon-card.com/th/card-img/th00009795.png
Pokemon,แสงนำทางแห่งสเตลลาร์,SV7s,ไบรอาร์,Briar,162/166,U,https://asia.pokemon-card.com/th/card-img/th00009796.png
Pokemon,แสงนำทางแห่งสเตลลาร์,SV7s,ต้นไม้ยักษ์วิเศษ,Grand Tree,163/166,ACE,https://asia.pokemon-card.com/th/card-img/th00009797.png
Pokemon,แสงนำทางแห่งสเตลลาร์,SV7s,โพรงถ้ำใหญ่ซีโร่,Area Zero Underdepths,164/166,U,https://asia.pokemon-card.com/th/card-img/th00009798.png
Pokemon,แสงนำทางแห่งสเตลลาร์,SV7s,นิวทรัลเซ็นเตอร์,Neutralization Zone,165/166,ACE,https://asia.pokemon-card.com/th/card-img/th00009799.png
Pokemon,แสงนำทางแห่งสเตลลาร์,SV7s,อะคาเดมียามราตรี,Academy at Night,166/166,U,https://asia.pokemon-card.com/th/card-img/th00009800.png
Pokemon,แสงนำทางแห่งสเตลลาร์,SV7s,เรเดียน,Ledian,167/166,AR,https://asia.pokemon-card.com/th/card-img/th00009849.png
Pokemon,แสงนำทางแห่งสเตลลาร์,SV7s,ลิลีลา,Lileep,168/166,AR,https://asia.pokemon-card.com/th/card-img/th00009850.png
Pokemon,แสงนำทางแห่งสเตลลาร์,SV7s,คาปู บูลูลู,Tapu Bulu,169/166,AR,https://asia.pokemon-card.com/th/card-img/th00009851.png
Pokemon,แสงนำทางแห่งสเตลลาร์,SV7s,เฮลการ์,Houndoom,170/166,AR,https://asia.pokemon-card.com/th/card-img/th00009852.png
Pokemon,แสงนำทางแห่งสเตลลาร์,SV7s,บาคุกาเมส,Turtonator,171/166,AR,https://asia.pokemon-card.com/th/card-img/th00009853.png
Pokemon,แสงนำทางแห่งสเตลลาร์,SV7s,แรบบิฟุต,Raboot,172/166,AR,https://asia.pokemon-card.com/th/card-img/th00009854.png
Pokemon,แสงนำทางแห่งสเตลลาร์,SV7s,ทัททู,Horsea,173/166,AR,https://asia.pokemon-card.com/th/card-img/th00009855.png
Pokemon,แสงนำทางแห่งสเตลลาร์,SV7s,เคเค็นคานิ,Crabrawler,174/166,AR,https://asia.pokemon-card.com/th/card-img/th00009856.png
Pokemon,แสงนำทางแห่งสเตลลาร์,SV7s,บาชูรุ,Joltik,175/166,AR,https://asia.pokemon-card.com/th/card-img/th00009857.png
Pokemon,แสงนำทางแห่งสเตลลาร์,SV7s,เซราโอรา,Zeraora,176/166,AR,https://asia.pokemon-card.com/th/card-img/th00009858.png
Pokemon,แสงนำทางแห่งสเตลลาร์,SV7s,โยมาวารุ,Duskull,177/166,AR,https://asia.pokemon-card.com/th/card-img/th00009859.png
Pokemon,แสงนำทางแห่งสเตลลาร์,SV7s,ซามาโยรุ,Dusclops,178/166,AR,https://asia.pokemon-card.com/th/card-img/th00009860.png
Pokemon,แสงนำทางแห่งสเตลลาร์,SV7s,โยนัวร์,Dusknoir,179/166,AR,https://asia.pokemon-card.com/th/card-img/th00009861.png
Pokemon,แสงนำทางแห่งสเตลลาร์,SV7s,เครเซเลีย,Cresselia,180/166,AR,https://asia.pokemon-card.com/th/card-img/th00009862.png
Pokemon,แสงนำทางแห่งสเตลลาร์,SV7s,มาโฮมิล,Milcery,181/166,AR,https://asia.pokemon-card.com/th/card-img/th00009863.png
Pokemon,แสงนำทางแห่งสเตลลาร์,SV7s,อาซานัน,Meditite,182/166,AR,https://asia.pokemon-card.com/th/card-img/th00009864.png
Pokemon,แสงนำทางแห่งสเตลลาร์,SV7s,โกคูลิน,Gulpin,183/166,AR,https://asia.pokemon-card.com/th/card-img/th00009865.png
Pokemon,แสงนำทางแห่งสเตลลาร์,SV7s,โซรัว,Zorua,184/166,AR,https://asia.pokemon-card.com/th/card-img/th00009866.png
Pokemon,แสงนำทางแห่งสเตลลาร์,SV7s,โซโด,Cufant,185/166,AR,https://asia.pokemon-card.com/th/card-img/th00009867.png
Pokemon,แสงนำทางแห่งสเตลลาร์,SV7s,บริดิวรัส,Archaludon,186/166,AR,https://asia.pokemon-card.com/th/card-img/th00009868.png
Pokemon,แสงนำทางแห่งสเตลลาร์,SV7s,โอโนนโดะ,Fraxure,187/166,AR,https://asia.pokemon-card.com/th/card-img/th00009869.png
Pokemon,แสงนำทางแห่งสเตลลาร์,SV7s,เปอร์เซียน,Persian,188/166,AR,https://asia.pokemon-card.com/th/card-img/th00009870.png
Pokemon,แสงนำทางแห่งสเตลลาร์,SV7s,โยรุโนะซึคุ,Noctowl,189/166,AR,https://asia.pokemon-card.com/th/card-img/th00009871.png
Pokemon,แสงนำทางแห่งสเตลลาร์,SV7s,คิเทรุกุมะ,Bewear,190/166,AR,https://asia.pokemon-card.com/th/card-img/th00009872.png
Pokemon,แสงนำทางแห่งสเตลลาร์,SV7s,คามิสึโอโรจิ ex,Hydrapple ex,191/166,SR,https://asia.pokemon-card.com/th/card-img/th00009873.png
Pokemon,แสงนำทางแห่งสเตลลาร์,SV7s,เอสเบิร์น ex,Cinderace ex,192/166,SR,https://asia.pokemon-card.com/th/card-img/th00009874.png
Pokemon,แสงนำทางแห่งสเตลลาร์,SV7s,ลาพลาซ ex,Lapras ex,193/166,SR,https://asia.pokemon-card.com/th/card-img/th00009875.png
Pokemon,แสงนำทางแห่งสเตลลาร์,SV7s,คิงดรา ex,Kingdra ex,194/166,SR,https://asia.pokemon-card.com/th/card-img/th00009876.png
Pokemon,แสงนำทางแห่งสเตลลาร์,SV7s,เดนทูลา ex,Galvantula ex,195/166,SR,https://asia.pokemon-card.com/th/card-img/th00009877.png
Pokemon,แสงนำทางแห่งสเตลลาร์,SV7s,โบรโรโรม ex,Revavroom ex,196/166,SR,https://asia.pokemon-card.com/th/card-img/th00009878.png
Pokemon,แสงนำทางแห่งสเตลลาร์,SV7s,บัลซ์เซล ex,Dachsbun ex,197/166,SR,https://asia.pokemon-card.com/th/card-img/th00009879.png
Pokemon,แสงนำทางแห่งสเตลลาร์,SV7s,ชาเรม ex,Medicham ex,198/166,SR,https://asia.pokemon-card.com/th/card-img/th00009880.png
Pokemon,แสงนำทางแห่งสเตลลาร์,SV7s,อี้เนะอินุ ex,Okidogi ex,199/166,SR,https://asia.pokemon-card.com/th/card-img/th00009881.png
Pokemon,แสงนำทางแห่งสเตลลาร์,SV7s,มาชิมาชิระ ex,Munkidori ex,200/166,SR,https://asia.pokemon-card.com/th/card-img/th00009882.png
Pokemon,แสงนำทางแห่งสเตลลาร์,SV7s,คิจิคิกิสึ ex,Fezandipiti ex,201/166,SR,https://asia.pokemon-card.com/th/card-img/th00009883.png
Pokemon,แสงนำทางแห่งสเตลลาร์,SV7s,โมโมวาโร่ ex,Pecharunt ex,202/166,SR,https://asia.pokemon-card.com/th/card-img/th00009884.png
Pokemon,แสงนำทางแห่งสเตลลาร์,SV7s,มิมิซึซึ ex,Orthworm ex,203/166,SR,https://asia.pokemon-card.com/th/card-img/th00009885.png
Pokemon,แสงนำทางแห่งสเตลลาร์,SV7s,เทราปากอส ex,Terapagos ex,204/166,SR,https://asia.pokemon-card.com/th/card-img/th00009886.png
Pokemon,แสงนำทางแห่งสเตลลาร์,SV7s,อาคามัตสึ,Crispin,205/166,SR,https://asia.pokemon-card.com/th/card-img/th00009887.png
Pokemon,แสงนำทางแห่งสเตลลาร์,SV7s,จิตยึดติดของอโครมา,Colress’s Tenacity,206/166,SR,https://asia.pokemon-card.com/th/card-img/th00009888.png
Pokemon,แสงนำทางแห่งสเตลลาร์,SV7s,เทคนิคลับของอันสุ,Janine's Secret Art,207/166,SR,https://asia.pokemon-card.com/th/card-img/th00009889.png
Pokemon,แสงนำทางแห่งสเตลลาร์,SV7s,แคสซิโอเปีย,Cassiopeia,208/166,SR,https://asia.pokemon-card.com/th/card-img/th00009890.png
Pokemon,แสงนำทางแห่งสเตลลาร์,SV7s,อุบายของซีโรซิก,Xerosic's Machinations,209/166,SR,https://asia.pokemon-card.com/th/card-img/th00009891.png
Pokemon,แสงนำทางแห่งสเตลลาร์,SV7s,ทาโร่,Lacey,210/166,SR,https://asia.pokemon-card.com/th/card-img/th00009892.png
Pokemon,แสงนำทางแห่งสเตลลาร์,SV7s,ไห่ไต้,Kofu,211/166,SR,https://asia.pokemon-card.com/th/card-img/th00009893.png
Pokemon,แสงนำทางแห่งสเตลลาร์,SV7s,ไบรอาร์,Briar,212/166,SR,https://asia.pokemon-card.com/th/card-img/th00009894.png
Pokemon,แสงนำทางแห่งสเตลลาร์,SV7s,คามิสึโอโรจิ ex,Hydrapple ex,213/166,SAR,https://asia.pokemon-card.com/th/card-img/th00009895.png
Pokemon,แสงนำทางแห่งสเตลลาร์,SV7s,เดนทูลา ex,Galvantula ex,214/166,SAR,https://asia.pokemon-card.com/th/card-img/th00009896.png
Pokemon,แสงนำทางแห่งสเตลลาร์,SV7s,บัลซ์เซล ex,Dachsbun ex,215/166,SAR,https://asia.pokemon-card.com/th/card-img/th00009897.png
Pokemon,แสงนำทางแห่งสเตลลาร์,SV7s,อี้เนะอินุ ex,Okidogi ex,216/166,SAR,https://asia.pokemon-card.com/th/card-img/th00009898.png
Pokemon,แสงนำทางแห่งสเตลลาร์,SV7s,มาชิมาชิระ ex,Munkidori ex,217/166,SAR,https://asia.pokemon-card.com/th/card-img/th00009899.png
Pokemon,แสงนำทางแห่งสเตลลาร์,SV7s,คิจิคิกิสึ ex,Fezandipiti ex,218/166,SAR,https://asia.pokemon-card.com/th/card-img/th00009900.png
Pokemon,แสงนำทางแห่งสเตลลาร์,SV7s,โมโมวาโร่ ex,Pecharunt ex,219/166,SAR,https://asia.pokemon-card.com/th/card-img/th00009901.png
Pokemon,แสงนำทางแห่งสเตลลาร์,SV7s,เทราปากอส ex,Terapagos ex,220/166,SAR,https://asia.pokemon-card.com/th/card-img/th00009902.png
Pokemon,แสงนำทางแห่งสเตลลาร์,SV7s,แคสซิโอเปีย,Cassiopeia,221/166,SAR,https://asia.pokemon-card.com/th/card-img/th00009903.png
Pokemon,แสงนำทางแห่งสเตลลาร์,SV7s,ทาโร่,Lacey,222/166,SAR,https://asia.pokemon-card.com/th/card-img/th00009904.png
Pokemon,แสงนำทางแห่งสเตลลาร์,SV7s,ไบรอาร์,Briar,223/166,SAR,https://asia.pokemon-card.com/th/card-img/th00009905.png
Pokemon,แสงนำทางแห่งสเตลลาร์,SV7s,โมโมวาโร่ ex,Pecharunt ex,224/166,UR,https://asia.pokemon-card.com/th/card-img/th00012800.png
Pokemon,แสงนำทางแห่งสเตลลาร์,SV7s,เทราปากอส ex,Terapagos ex,225/166,UR,https://asia.pokemon-card.com/th/card-img/th00012801.png
Pokemon,แสงนำทางแห่งสเตลลาร์,SV7s,ภาชนะแห่งผืนปฐพี,Earthen Vessel,226/166,UR,https://asia.pokemon-card.com/th/card-img/th00012802.png
Pokemon,แสงนำทางแห่งสเตลลาร์,SV7s,นาฬิกาทรายแห่งพลัง,Powerglass,227/166,UR,https://asia.pokemon-card.com/th/card-img/th00012803.png
Pokemon,แสงนำทางแห่งสเตลลาร์,SV7s,เครื่องรางแห่งความกล้า,Bravery Charm,228/166,UR,https://asia.pokemon-card.com/th/card-img/th00012804.png
Pokemon,แสงนำทางแห่งสเตลลาร์,SV7s,โพรงถ้ำใหญ่ซีโร่,Area Zero Underdepths,229/166,UR,https://asia.pokemon-card.com/th/card-img/th00012805.png
Pokemon,หน้ากากจอมลวงตา,SV6,ฮิมานัทส์,Sunkern,001/101,C,https://asia.pokemon-card.com/th/card-img/th00008183.png
Pokemon,หน้ากากจอมลวงตา,SV6,คิมาวาริ,Sunflora,002/101,U,https://asia.pokemon-card.com/th/card-img/th00008184.png
Pokemon,หน้ากากจอมลวงตา,SV6,เฮราครอส,Heracross,003/101,U,https://asia.pokemon-card.com/th/card-img/th00008185.png
Pokemon,หน้ากากจอมลวงตา,SV6,บารูบีท,Volbeat,004/101,C,https://asia.pokemon-card.com/th/card-img/th00008186.png
Pokemon,หน้ากากจอมลวงตา,SV6,อิลูมิเซะ,Illumise,005/101,C,https://asia.pokemon-card.com/th/card-img/th00008187.png
Pokemon,หน้ากากจอมลวงตา,SV6,โบคุเร,Phantump,006/101,C,https://asia.pokemon-card.com/th/card-img/th00008188.png
Pokemon,หน้ากากจอมลวงตา,SV6,โอร็อต,Trevenant,007/101,C,https://asia.pokemon-card.com/th/card-img/th00008189.png
Pokemon,หน้ากากจอมลวงตา,SV6,ซารุโนริ,Grookey,008/101,C,https://asia.pokemon-card.com/th/card-img/th00008190.png
Pokemon,หน้ากากจอมลวงตา,SV6,บาจินคี,Thwackey,009/101,C,https://asia.pokemon-card.com/th/card-img/th00008191.png
Pokemon,หน้ากากจอมลวงตา,SV6,กอริลลันดา,Rillaboom,010/101,U,https://asia.pokemon-card.com/th/card-img/th00008192.png
Pokemon,หน้ากากจอมลวงตา,SV6,คาจิชชู,Applin,011/101,C,https://asia.pokemon-card.com/th/card-img/th00008193.png
Pokemon,หน้ากากจอมลวงตา,SV6,คามิชชู,Dipplin,012/101,U,https://asia.pokemon-card.com/th/card-img/th00008194.png
Pokemon,หน้ากากจอมลวงตา,SV6,ฉะเดธ,Poltchageist,013/101,C,https://asia.pokemon-card.com/th/card-img/th00008195.png
Pokemon,หน้ากากจอมลวงตา,SV6,ยาบาโซฉะ,Sinistcha,014/101,R,https://asia.pokemon-card.com/th/card-img/th00008196.png
Pokemon,หน้ากากจอมลวงตา,SV6,โอการ์ปอง หน้ากากสีทีล,Teal Mask Ogerpon,015/101,R,https://asia.pokemon-card.com/th/card-img/th00008197.png
Pokemon,หน้ากากจอมลวงตา,SV6,โอการ์ปอง หน้ากากสีทีล ex,Teal Mask Ogerpon ex,016/101,RR,https://asia.pokemon-card.com/th/card-img/th00008198.png
Pokemon,หน้ากากจอมลวงตา,SV6,ดารุมักกะ,Darumaka,017/101,C,https://asia.pokemon-card.com/th/card-img/th00008199.png
Pokemon,หน้ากากจอมลวงตา,SV6,ฮิฮิดารุมะ,Darmanitan,018/101,U,https://asia.pokemon-card.com/th/card-img/th00008200.png
Pokemon,หน้ากากจอมลวงตา,SV6,ฮิโตโมชิ,Litwick,019/101,C,https://asia.pokemon-card.com/th/card-img/th00008201.png
Pokemon,หน้ากากจอมลวงตา,SV6,แลมพูลา,Lampent,020/101,C,https://asia.pokemon-card.com/th/card-img/th00008202.png
Pokemon,หน้ากากจอมลวงตา,SV6,แชนเดลา,Chandelure,021/101,R,https://asia.pokemon-card.com/th/card-img/th00008203.png
Pokemon,หน้ากากจอมลวงตา,SV6,โอการ์ปอง หน้ากากเตาไฟ ex,Hearthflame Mask Ogerpon ex,022/101,RR,https://asia.pokemon-card.com/th/card-img/th00008204.png
Pokemon,หน้ากากจอมลวงตา,SV6,เนียวโรโมะ,Poliwag,023/101,C,https://asia.pokemon-card.com/th/card-img/th00008205.png
Pokemon,หน้ากากจอมลวงตา,SV6,เนียวโรโซ,Poliwhirl,024/101,C,https://asia.pokemon-card.com/th/card-img/th00008206.png
Pokemon,หน้ากากจอมลวงตา,SV6,เนียวโรบอน,Poliwrath,025/101,U,https://asia.pokemon-card.com/th/card-img/th00008207.png
Pokemon,หน้ากากจอมลวงตา,SV6,โทซาคินโตะ,Goldeen,026/101,C,https://asia.pokemon-card.com/th/card-img/th00008208.png
Pokemon,หน้ากากจอมลวงตา,SV6,อซึมาโอ,Seaking,027/101,C,https://asia.pokemon-card.com/th/card-img/th00008209.png
Pokemon,หน้ากากจอมลวงตา,SV6,รูจูลา,Jynx,028/101,C,https://asia.pokemon-card.com/th/card-img/th00008210.png
Pokemon,หน้ากากจอมลวงตา,SV6,ฮินบาส,Feebas,029/101,C,https://asia.pokemon-card.com/th/card-img/th00008211.png
Pokemon,หน้ากากจอมลวงตา,SV6,มิโลคารอส,Milotic,030/101,U,https://asia.pokemon-card.com/th/card-img/th00008212.png
Pokemon,หน้ากากจอมลวงตา,SV6,ยูกิวาราชิ,Snorunt,031/101,C,https://asia.pokemon-card.com/th/card-img/th00008213.png
Pokemon,หน้ากากจอมลวงตา,SV6,โอนิโกริ,Glalie,032/101,U,https://asia.pokemon-card.com/th/card-img/th00008214.png
Pokemon,หน้ากากจอมลวงตา,SV6,ยูกิเมโนโกะ,Froslass,033/101,R,https://asia.pokemon-card.com/th/card-img/th00008215.png
Pokemon,หน้ากากจอมลวงตา,SV6,นามิอิรุกะ,Finizen,034/101,C,https://asia.pokemon-card.com/th/card-img/th00008216.png
Pokemon,หน้ากากจอมลวงตา,SV6,อิรุกะแมน,Palafin,035/101,U,https://asia.pokemon-card.com/th/card-img/th00008217.png
Pokemon,หน้ากากจอมลวงตา,SV6,อิรุกะแมน ex,Palafin ex,036/101,RR,https://asia.pokemon-card.com/th/card-img/th00008218.png
Pokemon,หน้ากากจอมลวงตา,SV6,ถุงเหล็ก,Iron Bundle,037/101,U,https://asia.pokemon-card.com/th/card-img/th00008219.png
Pokemon,หน้ากากจอมลวงตา,SV6,โอการ์ปอง หน้ากากบ่อน้ำ ex,Wellspring Mask Ogerpon ex,038/101,RR,https://asia.pokemon-card.com/th/card-img/th00008220.png
Pokemon,หน้ากากจอมลวงตา,SV6,โคลิงก์,Shinx,039/101,C,https://asia.pokemon-card.com/th/card-img/th00008221.png
Pokemon,หน้ากากจอมลวงตา,SV6,ลุคซิโอ,Luxio,040/101,C,https://asia.pokemon-card.com/th/card-img/th00008222.png
Pokemon,หน้ากากจอมลวงตา,SV6,เร็นโทรา ex,Luxray ex,041/101,RR,https://asia.pokemon-card.com/th/card-img/th00008223.png
Pokemon,หน้ากากจอมลวงตา,SV6,เอมอนกา,Emolga,042/101,C,https://asia.pokemon-card.com/th/card-img/th00008224.png
Pokemon,หน้ากากจอมลวงตา,SV6,ไคเด็น,Wattrel,043/101,C,https://asia.pokemon-card.com/th/card-img/th00008225.png
Pokemon,หน้ากากจอมลวงตา,SV6,ไทไคเด็น,Kilowattrel,044/101,U,https://asia.pokemon-card.com/th/card-img/th00008226.png
Pokemon,หน้ากากจอมลวงตา,SV6,ปิปปี,Clefairy,045/101,C,https://asia.pokemon-card.com/th/card-img/th00008227.png
Pokemon,หน้ากากจอมลวงตา,SV6,ปิคซี,Clefable,046/101,U,https://asia.pokemon-card.com/th/card-img/th00008228.png
Pokemon,หน้ากากจอมลวงตา,SV6,เคซี,Abra,047/101,C,https://asia.pokemon-card.com/th/card-img/th00008229.png
Pokemon,หน้ากากจอมลวงตา,SV6,ยุนเกเรอร์,Kadabra,048/101,C,https://asia.pokemon-card.com/th/card-img/th00008230.png
Pokemon,หน้ากากจอมลวงตา,SV6,ฟูดิน,Alakazam,049/101,R,https://asia.pokemon-card.com/th/card-img/th00008231.png
Pokemon,หน้ากากจอมลวงตา,SV6,ชิรีน,Chimecho,050/101,C,https://asia.pokemon-card.com/th/card-img/th00008232.png
Pokemon,หน้ากากจอมลวงตา,SV6,เพร็อพพัฟ,Swirlix,051/101,C,https://asia.pokemon-card.com/th/card-img/th00008233.png
Pokemon,หน้ากากจอมลวงตา,SV6,เพโรรีม,Slurpuff,052/101,U,https://asia.pokemon-card.com/th/card-img/th00008234.png
Pokemon,หน้ากากจอมลวงตา,SV6,ซึนาบา,Sandygast,053/101,C,https://asia.pokemon-card.com/th/card-img/th00008235.png
Pokemon,หน้ากากจอมลวงตา,SV6,ชิโรเดซึนะ,Palossand,054/101,C,https://asia.pokemon-card.com/th/card-img/th00008236.png
Pokemon,หน้ากากจอมลวงตา,SV6,มาชิมาชิระ,Munkidori,055/101,R,https://asia.pokemon-card.com/th/card-img/th00008237.png
Pokemon,หน้ากากจอมลวงตา,SV6,คิจิคิกิสึ,Fezandipiti,056/101,R,https://asia.pokemon-card.com/th/card-img/th00008238.png
Pokemon,หน้ากากจอมลวงตา,SV6,แซนด์,Sandshrew,057/101,C,https://asia.pokemon-card.com/th/card-img/th00008239.png
Pokemon,หน้ากากจอมลวงตา,SV6,แซนด์แพน,Sandslash,058/101,U,https://asia.pokemon-card.com/th/card-img/th00008240.png
Pokemon,หน้ากากจอมลวงตา,SV6,ด็อคโคเรอร์,Timburr,059/101,C,https://asia.pokemon-card.com/th/card-img/th00008241.png
Pokemon,หน้ากากจอมลวงตา,SV6,โดเท็คคทซึ,Gurdurr,060/101,C,https://asia.pokemon-card.com/th/card-img/th00008242.png
Pokemon,หน้ากากจอมลวงตา,SV6,โรบูชิน,Conkeldurr,061/101,U,https://asia.pokemon-card.com/th/card-img/th00008243.png
Pokemon,หน้ากากจอมลวงตา,SV6,คิราเมะ,Glimmet,062/101,C,https://asia.pokemon-card.com/th/card-img/th00008244.png
Pokemon,หน้ากากจอมลวงตา,SV6,คิราฟลอร์,Glimmora,063/101,U,https://asia.pokemon-card.com/th/card-img/th00008245.png
Pokemon,หน้ากากจอมลวงตา,SV6,อี้เนะอินุ,Okidogi,064/101,R,https://asia.pokemon-card.com/th/card-img/th00008246.png
Pokemon,หน้ากากจอมลวงตา,SV6,โอการ์ปอง หน้ากากฐานราก ex,Cornerstone Mask Ogerpon ex,065/101,RR,https://asia.pokemon-card.com/th/card-img/th00008247.png
Pokemon,หน้ากากจอมลวงตา,SV6,โปชิเอนา,Poochyena,066/101,C,https://asia.pokemon-card.com/th/card-img/th00008248.png
Pokemon,หน้ากากจอมลวงตา,SV6,กราเอนา,Mightyena,067/101,U,https://asia.pokemon-card.com/th/card-img/th00008249.png
Pokemon,หน้ากากจอมลวงตา,SV6,ฟูชิเดะ,Venipede,068/101,C,https://asia.pokemon-card.com/th/card-img/th00008250.png
Pokemon,หน้ากากจอมลวงตา,SV6,วีกา,Whirlipede,069/101,C,https://asia.pokemon-card.com/th/card-img/th00008251.png
Pokemon,หน้ากากจอมลวงตา,SV6,เพนโดรา,Scolipede,070/101,U,https://asia.pokemon-card.com/th/card-img/th00008252.png
Pokemon,หน้ากากจอมลวงตา,SV6,เห็ดคลุ้มคลั่ง,Brute Bonnet,071/101,U,https://asia.pokemon-card.com/th/card-img/th00008253.png
Pokemon,หน้ากากจอมลวงตา,SV6,แอร์มุโด,Skarmory,072/101,C,https://asia.pokemon-card.com/th/card-img/th00008254.png
Pokemon,หน้ากากจอมลวงตา,SV6,โคโคโดรา,Aron,073/101,C,https://asia.pokemon-card.com/th/card-img/th00008255.png
Pokemon,หน้ากากจอมลวงตา,SV6,โคโดรา,Lairon,074/101,C,https://asia.pokemon-card.com/th/card-img/th00008256.png
Pokemon,หน้ากากจอมลวงตา,SV6,บอสโกโดรา,Aggron,075/101,U,https://asia.pokemon-card.com/th/card-img/th00008257.png
Pokemon,หน้ากากจอมลวงตา,SV6,ฮีดราน,Heatran,076/101,R,https://asia.pokemon-card.com/th/card-img/th00008258.png
Pokemon,หน้ากากจอมลวงตา,SV6,โบรรอน,Varoom,077/101,C,https://asia.pokemon-card.com/th/card-img/th00008259.png
Pokemon,หน้ากากจอมลวงตา,SV6,โบรโรโรม,Revavroom,078/101,U,https://asia.pokemon-card.com/th/card-img/th00008260.png
Pokemon,หน้ากากจอมลวงตา,SV6,โดราเมชิยะ,Dreepy,079/101,C,https://asia.pokemon-card.com/th/card-img/th00008261.png
Pokemon,หน้ากากจอมลวงตา,SV6,โดรอนจิ,Drakloak,080/101,C,https://asia.pokemon-card.com/th/card-img/th00008262.png
Pokemon,หน้ากากจอมลวงตา,SV6,โดราพัลท์ ex,Dragapult ex,081/101,RR,https://asia.pokemon-card.com/th/card-img/th00008263.png
Pokemon,หน้ากากจอมลวงตา,SV6,ชาริทัตสึ,Tatsugiri,082/101,U,https://asia.pokemon-card.com/th/card-img/th00008264.png
Pokemon,หน้ากากจอมลวงตา,SV6,คาโมเนกิ,Farfetch'd,083/101,C,https://asia.pokemon-card.com/th/card-img/th00008265.png
Pokemon,หน้ากากจอมลวงตา,SV6,ลัคกี,Chansey,084/101,C,https://asia.pokemon-card.com/th/card-img/th00008266.png
Pokemon,หน้ากากจอมลวงตา,SV6,แฮปปีนาส ex,Blissey ex,085/101,RR,https://asia.pokemon-card.com/th/card-img/th00008267.png
Pokemon,หน้ากากจอมลวงตา,SV6,เอย์แพม,Aipom,086/101,C,https://asia.pokemon-card.com/th/card-img/th00008268.png
Pokemon,หน้ากากจอมลวงตา,SV6,เอเทโบธ,Ambipom,087/101,U,https://asia.pokemon-card.com/th/card-img/th00008269.png
Pokemon,หน้ากากจอมลวงตา,SV6,โคอารูฮี,Ducklett,088/101,C,https://asia.pokemon-card.com/th/card-img/th00008270.png
Pokemon,หน้ากากจอมลวงตา,SV6,สวอนนา,Swanna,089/101,U,https://asia.pokemon-card.com/th/card-img/th00008271.png
Pokemon,หน้ากากจอมลวงตา,SV6,หน้ากากยักษ์,Ogre's Mask,090/101,U,https://asia.pokemon-card.com/th/card-img/th00008272.png
Pokemon,หน้ากากจอมลวงตา,SV6,ขลุ่ยบรรเลง,Performance Flute,091/101,U,https://asia.pokemon-card.com/th/card-img/th00008273.png
Pokemon,หน้ากากจอมลวงตา,SV6,กล่องลับ,Secret Box,092/101,ACE,https://asia.pokemon-card.com/th/card-img/th00008274.png
Pokemon,หน้ากากจอมลวงตา,SV6,ไซโคลนเก็บคืนโปเกมอน,Scoop Up Cyclone,093/101,ACE,https://asia.pokemon-card.com/th/card-img/th00008275.png
Pokemon,หน้ากากจอมลวงตา,SV6,ชุดจับแมลง,Bug Catching Set,094/101,U,https://asia.pokemon-card.com/th/card-img/th00008276.png
Pokemon,หน้ากากจอมลวงตา,SV6,แฮนดี้เซอร์คูเลเตอร์,Handy Fan,095/101,U,https://asia.pokemon-card.com/th/card-img/th00008277.png
Pokemon,หน้ากากจอมลวงตา,SV6,ซุกุริ,Kieran,096/101,U,https://asia.pokemon-card.com/th/card-img/th00008278.png
Pokemon,หน้ากากจอมลวงตา,SV6,เซย์ยุ,Carmine,097/101,U,https://asia.pokemon-card.com/th/card-img/th00008279.png
Pokemon,หน้ากากจอมลวงตา,SV6,ฮัซซาคุ,Hassel,098/101,U,https://asia.pokemon-card.com/th/card-img/th00008280.png
Pokemon,หน้ากากจอมลวงตา,SV6,สถานที่จัดเทศกาล,Seaking Festival,099/101,U,https://asia.pokemon-card.com/th/card-img/th00008281.png
Pokemon,หน้ากากจอมลวงตา,SV6,แจมมิงทาวเวอร์,Jamming Tower,100/101,U,https://asia.pokemon-card.com/th/card-img/th00008282.png
Pokemon,หน้ากากจอมลวงตา,SV6,พลังงานสืบทอด,Legacy Energy,101/101,ACE,https://asia.pokemon-card.com/th/card-img/th00008283.png
Pokemon,หน้ากากจอมลวงตา,SV6,คิมาวาริ,Sunflora,102/101,AR,https://asia.pokemon-card.com/th/card-img/th00008284.png
Pokemon,หน้ากากจอมลวงตา,SV6,คามิชชู,Dipplin,103/101,AR,https://asia.pokemon-card.com/th/card-img/th00008285.png
Pokemon,หน้ากากจอมลวงตา,SV6,ยูกิเมโนโกะ,Froslass,104/101,AR,https://asia.pokemon-card.com/th/card-img/th00008286.png
Pokemon,หน้ากากจอมลวงตา,SV6,ไคเด็น,Wattrel,105/101,AR,https://asia.pokemon-card.com/th/card-img/th00008287.png
Pokemon,หน้ากากจอมลวงตา,SV6,ชิรีน,Chimecho,106/101,AR,https://asia.pokemon-card.com/th/card-img/th00008288.png
Pokemon,หน้ากากจอมลวงตา,SV6,มาชิมาชิระ,Munkidori,107/101,AR,https://asia.pokemon-card.com/th/card-img/th00008289.png
Pokemon,หน้ากากจอมลวงตา,SV6,คิจิคิกิสึ,Fezandipiti,108/101,AR,https://asia.pokemon-card.com/th/card-img/th00008290.png
Pokemon,หน้ากากจอมลวงตา,SV6,ด็อคโคเรอร์,Timburr,109/101,AR,https://asia.pokemon-card.com/th/card-img/th00008291.png
Pokemon,หน้ากากจอมลวงตา,SV6,อึ้เนะอินุ,Okidogi,110/101,AR,https://asia.pokemon-card.com/th/card-img/th00008292.png
Pokemon,หน้ากากจอมลวงตา,SV6,โคโดรา,Lairon,111/101,AR,https://asia.pokemon-card.com/th/card-img/th00008293.png
Pokemon,หน้ากากจอมลวงตา,SV6,ชาริทัตสึ,Tatsugiri,112/101,AR,https://asia.pokemon-card.com/th/card-img/th00008294.png
Pokemon,หน้ากากจอมลวงตา,SV6,ลัคกี,Chansey,113/101,AR,https://asia.pokemon-card.com/th/card-img/th00008295.png
Pokemon,หน้ากากจอมลวงตา,SV6,โอการ์ปอง หน้ากากสีทีล ex,Teal Mask Ogerpon ex,114/101,SR,https://asia.pokemon-card.com/th/card-img/th00008296.png
Pokemon,หน้ากากจอมลวงตา,SV6,โอการ์ปอง หน้ากากเตาไฟ ex,Hearthflame Mask Ogerpon ex,115/101,SR,https://asia.pokemon-card.com/th/card-img/th00008297.png
Pokemon,หน้ากากจอมลวงตา,SV6,อิรุกะแมน ex,Palafin ex,116/101,SR,https://asia.pokemon-card.com/th/card-img/th00008298.png
Pokemon,หน้ากากจอมลวงตา,SV6,โอการ์ปอง หน้ากากบ่อน้ำ ex,Wellspring Mask Ogerpon ex,117/101,SR,https://asia.pokemon-card.com/th/card-img/th00008299.png
Pokemon,หน้ากากจอมลวงตา,SV6,เร็นโทรา ex,Luxray ex,118/101,SR,https://asia.pokemon-card.com/th/card-img/th00008300.png
Pokemon,หน้ากากจอมลวงตา,SV6,โอการ์ปอง หน้ากากฐานราก ex,Cornerstone Mask Ogerpon ex,119/101,SR,https://asia.pokemon-card.com/th/card-img/th00008301.png
Pokemon,หน้ากากจอมลวงตา,SV6,โดราพัลท์ ex,Dragapult ex,120/101,SR,https://asia.pokemon-card.com/th/card-img/th00008302.png
Pokemon,หน้ากากจอมลวงตา,SV6,แฮปปีนาส ex,Blissey ex,121/101,SR,https://asia.pokemon-card.com/th/card-img/th00008303.png
Pokemon,หน้ากากจอมลวงตา,SV6,ซุกุริ,Kieran,122/101,SR,https://asia.pokemon-card.com/th/card-img/th00008304.png
Pokemon,หน้ากากจอมลวงตา,SV6,เซย์ยุ,Carmine,123/101,SR,https://asia.pokemon-card.com/th/card-img/th00008305.png
Pokemon,หน้ากากจอมลวงตา,SV6,อัซซาคุ,Hassel,124/101,SR,https://asia.pokemon-card.com/th/card-img/th00008306.png
Pokemon,หน้ากากจอมลวงตา,SV6,โอการ์ปอง หน้ากากสีทีล ex,Teal Mask Ogerpon ex,125/101,SAR,https://asia.pokemon-card.com/th/card-img/th00008307.png
Pokemon,หน้ากากจอมลวงตา,SV6,โอการ์ปอง หน้ากากเตาไฟ ex,Hearthflame Mask Ogerpon ex,126/101,SAR,https://asia.pokemon-card.com/th/card-img/th00008308.png
Pokemon,หน้ากากจอมลวงตา,SV6,โอการ์ปอง หน้ากากบ่อน้ำ ex,Wellspring Mask Ogerpon ex,127/101,SAR,https://asia.pokemon-card.com/th/card-img/th00008309.png
Pokemon,หน้ากากจอมลวงตา,SV6,โอการ์ปอง หน้ากากฐานราก ex,Cornerstone Mask Ogerpon ex,128/101,SAR,https://asia.pokemon-card.com/th/card-img/th00008310.png
Pokemon,หน้ากากจอมลวงตา,SV6,ซุกุริ,Kieran,129/101,SAR,https://asia.pokemon-card.com/th/card-img/th00008311.png
Pokemon,หน้ากากจอมลวงตา,SV6,เซย์ยุ,Carmine,130/101,SAR,https://asia.pokemon-card.com/th/card-img/th00008312.png
Pokemon,หน้ากากจอมลวงตา,SV6,โอการ์ปอง หน้ากากสีทีล ex,Teal Mask Ogerpon ex,131/101,UR,https://asia.pokemon-card.com/th/card-img/th00012797.png
Pokemon,หน้ากากจอมลวงตา,SV6,ค้อนสลายพลังงาน,Enhanced Hammer,132/101,UR,https://asia.pokemon-card.com/th/card-img/th00012798.png
Pokemon,หน้ากากจอมลวงตา,SV6,โปฟฟินมิตรภาพ,Buddy-Buddy Poffins,133/101,UR,https://asia.pokemon-card.com/th/card-img/th00012799.png
Pokemon,หมอกสีชาด,SV5a,มอนจารา,Tangela,001/066,C,https://asia.pokemon-card.com/th/card-img/th00008117.png
Pokemon,หมอกสีชาด,SV5a,โมจัมโบ,Tangrowth,002/066,C,https://asia.pokemon-card.com/th/card-img/th00008118.png
Pokemon,หมอกสีชาด,SV5a,ไคลอส,Pinsir,003/066,C,https://asia.pokemon-card.com/th/card-img/th00008119.png
Pokemon,หมอกสีชาด,SV5a,อิโตมารุ,Spinarak,004/066,C,https://asia.pokemon-card.com/th/card-img/th00008120.png
Pokemon,หมอกสีชาด,SV5a,อาริอาโดส,Ariados,005/066,U,https://asia.pokemon-card.com/th/card-img/th00008121.png
Pokemon,หมอกสีชาด,SV5a,ลีเฟีย,Leafeon,006/066,U,https://asia.pokemon-card.com/th/card-img/th00008122.png
Pokemon,หมอกสีชาด,SV5a,ใบด่างเหล็ก,Iron Leaves,007/066,R,https://asia.pokemon-card.com/th/card-img/th00008123.png
Pokemon,หมอกสีชาด,SV5a,ฉะเดธ,Poltchageist,008/066,C,https://asia.pokemon-card.com/th/card-img/th00008124.png
Pokemon,หมอกสีชาด,SV5a,ยาบาโซฉะ ex,Sinistcha ex,009/066,RR,https://asia.pokemon-card.com/th/card-img/th00008125.png
Pokemon,หมอกสีชาด,SV5a,โรคอน,Vulpix,010/066,C,https://asia.pokemon-card.com/th/card-img/th00008126.png
Pokemon,หมอกสีชาด,SV5a,คิวคอน,Ninetales,011/066,C,https://asia.pokemon-card.com/th/card-img/th00008127.png
Pokemon,หมอกสีชาด,SV5a,มักแม็ก,Slugma,012/066,C,https://asia.pokemon-card.com/th/card-img/th00008128.png
Pokemon,หมอกสีชาด,SV5a,มักคาร์โก ex,Magcargo ex,013/066,RR,https://asia.pokemon-card.com/th/card-img/th00008129.png
Pokemon,หมอกสีชาด,SV5a,โคทอยซ์,Torkoal,014/066,C,https://asia.pokemon-card.com/th/card-img/th00008130.png
Pokemon,หมอกสีชาด,SV5a,ฮิโกซารุ,Chimchar,015/066,C,https://asia.pokemon-card.com/th/card-img/th00008131.png
Pokemon,หมอกสีชาด,SV5a,โมคาซารุ,Monferno,016/066,C,https://asia.pokemon-card.com/th/card-img/th00008132.png
Pokemon,หมอกสีชาด,SV5a,โกคาซารุ,Infernape,017/066,R,https://asia.pokemon-card.com/th/card-img/th00008133.png
Pokemon,หมอกสีชาด,SV5a,อวี้อวี๋,Chi-Yu,018/066,U,https://asia.pokemon-card.com/th/card-img/th00008134.png
Pokemon,หมอกสีชาด,SV5a,เฮกานิ,Corphish,019/066,C,https://asia.pokemon-card.com/th/card-img/th00008135.png
Pokemon,หมอกสีชาด,SV5a,ชิซาริเกอร์,Crawdaunt,020/066,C,https://asia.pokemon-card.com/th/card-img/th00008136.png
Pokemon,หมอกสีชาด,SV5a,กราเซีย,Glaceon,021/066,U,https://asia.pokemon-card.com/th/card-img/th00008137.png
Pokemon,หมอกสีชาด,SV5a,ฟีโอเน,Phione,022/066,C,https://asia.pokemon-card.com/th/card-img/th00008138.png
Pokemon,หมอกสีชาด,SV5a,เคโรมัตซึ,Froakie,023/066,C,https://asia.pokemon-card.com/th/card-img/th00008139.png
Pokemon,หมอกสีชาด,SV5a,เกโคกาชิระ,Frogadier,024/066,C,https://asia.pokemon-card.com/th/card-img/th00008140.png
Pokemon,หมอกสีชาด,SV5a,อุ๊อุ,Cramorant,025/066,U,https://asia.pokemon-card.com/th/card-img/th00008141.png
Pokemon,หมอกสีชาด,SV5a,คลื่นน้ำกระเพื่อม,Walking Wake,026/066,R,https://asia.pokemon-card.com/th/card-img/th00008142.png
Pokemon,หมอกสีชาด,SV5a,ธันเดอร์,Zapdos,027/066,R,https://asia.pokemon-card.com/th/card-img/th00008143.png
Pokemon,หมอกสีชาด,SV5a,เอลิคิเทล,Helioptile,028/066,C,https://asia.pokemon-card.com/th/card-img/th00008144.png
Pokemon,หมอกสีชาด,SV5a,เอเลซาร์ด,Heliolisk,029/066,C,https://asia.pokemon-card.com/th/card-img/th00008145.png
Pokemon,หมอกสีชาด,SV5a,โมรุเปโกะ,Morpeko,030/066,U,https://asia.pokemon-card.com/th/card-img/th00008146.png
Pokemon,หมอกสีชาด,SV5a,ซุพีคา,Tadbulb,031/066,C,https://asia.pokemon-card.com/th/card-img/th00008147.png
Pokemon,หมอกสีชาด,SV5a,ฮาราบารี,Bellibolt,032/066,U,https://asia.pokemon-card.com/th/card-img/th00008148.png
Pokemon,หมอกสีชาด,SV5a,หนามเหล็ก ex,Iron Thorns ex,033/066,RR,https://asia.pokemon-card.com/th/card-img/th00008149.png
Pokemon,หมอกสีชาด,SV5a,คิรินริกิ,Girafarig,034/066,C,https://asia.pokemon-card.com/th/card-img/th00008150.png
Pokemon,หมอกสีชาด,SV5a,ริกิคิริน,Farigiraf,035/066,U,https://asia.pokemon-card.com/th/card-img/th00008151.png
Pokemon,หมอกสีชาด,SV5a,ฟลาเบเบ,FlabÃ©bÃ©,036/066,C,https://asia.pokemon-card.com/th/card-img/th00008152.png
Pokemon,หมอกสีชาด,SV5a,ฟลาเอตเต,Floette,037/066,C,https://asia.pokemon-card.com/th/card-img/th00008153.png
Pokemon,หมอกสีชาด,SV5a,ฟลาเจส,Florges,038/066,U,https://asia.pokemon-card.com/th/card-img/th00008154.png
Pokemon,หมอกสีชาด,SV5a,เลิฟโทลอส,Enamorus,039/066,R,https://asia.pokemon-card.com/th/card-img/th00008155.png
Pokemon,หมอกสีชาด,SV5a,หางตะเบ็ง ex,Scream Tail ex,040/066,RR,https://asia.pokemon-card.com/th/card-img/th00008156.png
Pokemon,หมอกสีชาด,SV5a,ฮิซุย การ์ดี,Hisuian Growlithe,041/066,C,https://asia.pokemon-card.com/th/card-img/th00008157.png
Pokemon,หมอกสีชาด,SV5a,ฮิซุย วินดี,Hisuian Arcanine,042/066,R,https://asia.pokemon-card.com/th/card-img/th00008158.png
Pokemon,หมอกสีชาด,SV5a,โนซพาส,Nosepass,043/066,C,https://asia.pokemon-card.com/th/card-img/th00008159.png
Pokemon,หมอกสีชาด,SV5a,ไดโนซ,Probopass,044/066,U,https://asia.pokemon-card.com/th/card-img/th00008160.png
Pokemon,หมอกสีชาด,SV5a,เก็คโคกะ ex,Greninja ex,045/066,RR,https://asia.pokemon-card.com/th/card-img/th00008161.png
Pokemon,หมอกสีชาด,SV5a,ลูจาบูล,Hawlucha,046/066,C,https://asia.pokemon-card.com/th/card-img/th00008162.png
Pokemon,หมอกสีชาด,SV5a,ติ่งลู่,Ting-Lu,047/066,R,https://asia.pokemon-card.com/th/card-img/th00008163.png
Pokemon,หมอกสีชาด,SV5a,คาจิชชู,Applin,048/066,C,https://asia.pokemon-card.com/th/card-img/th00008164.png
Pokemon,หมอกสีชาด,SV5a,คามิชชู,Dipplin,049/066,U,https://asia.pokemon-card.com/th/card-img/th00008165.png
Pokemon,หมอกสีชาด,SV5a,อีวุย,Eevee,050/066,C,https://asia.pokemon-card.com/th/card-img/th00008166.png
Pokemon,หมอกสีชาด,SV5a,คาบิกอน,Snorlax,051/066,U,https://asia.pokemon-card.com/th/card-img/th00008167.png
Pokemon,หมอกสีชาด,SV5a,กาจิกุมะ พระจันทร์สีเลือด ex,Bloodmoon Ursaluna ex,052/066,RR,https://asia.pokemon-card.com/th/card-img/th00008168.png
Pokemon,หมอกสีชาด,SV5a,อันแฟร์สแตมป์,Unfair Stamp,053/066,ACE,https://asia.pokemon-card.com/th/card-img/th00008169.png
Pokemon,หมอกสีชาด,SV5a,ค้อนสลายพลังงาน,Enhanced Hammer,054/066,U,https://asia.pokemon-card.com/th/card-img/th00008170.png
Pokemon,หมอกสีชาด,SV5a,ไฮเปอร์อโรมา,Hyper Aroma,055/066,ACE,https://asia.pokemon-card.com/th/card-img/th00008171.png
Pokemon,หมอกสีชาด,SV5a,สับเปลี่ยนโปเกมอน,Switch,056/066,U,https://asia.pokemon-card.com/th/card-img/th00008172.png
Pokemon,หมอกสีชาด,SV5a,โปเกมอนแคชเชอร์,PokÃ©mon Catcher,057/066,U,https://asia.pokemon-card.com/th/card-img/th00008173.png
Pokemon,หมอกสีชาด,SV5a,เลิฟเลิฟบอล,Love Ball,058/066,U,https://asia.pokemon-card.com/th/card-img/th00008174.png
Pokemon,หมอกสีชาด,SV5a,อุปกรณ์เพาะกายช่วยชีวิต,Survival Brace,059/066,ACE,https://asia.pokemon-card.com/th/card-img/th00008175.png
Pokemon,หมอกสีชาด,SV5a,หมวกนิรภัยนำโชค,Lucky Helmet,060/066,U,https://asia.pokemon-card.com/th/card-img/th00008176.png
Pokemon,หมอกสีชาด,SV5a,ผู้ดูแล,Caretaker,061/066,C,https://asia.pokemon-card.com/th/card-img/th00008177.png
Pokemon,หมอกสีชาด,SV5a,โกโย,Lucian,062/066,U,https://asia.pokemon-card.com/th/card-img/th00008178.png
Pokemon,หมอกสีชาด,SV5a,ซาซาเระ,Perrin,063/066,U,https://asia.pokemon-card.com/th/card-img/th00008179.png
Pokemon,หมอกสีชาด,SV5a,การปรนนิบัติของซุยเรน,Lana's Aid,064/066,U,https://asia.pokemon-card.com/th/card-img/th00008180.png
Pokemon,หมอกสีชาด,SV5a,ศาลาประชาคม,Community Center,065/066,U,https://asia.pokemon-card.com/th/card-img/th00008181.png
Pokemon,หมอกสีชาด,SV5a,บูมเมอแรงเอนเนอร์จี้,Boomerang Energy,066/066,U,https://asia.pokemon-card.com/th/card-img/th00008182.png
Pokemon,หมอกสีชาด,SV5a,ไคลอส,Pinsir,067/066,AR,https://asia.pokemon-card.com/th/card-img/th00008322.png
Pokemon,หมอกสีชาด,SV5a,ฉะเดธ,Poltchageist,068/066,AR,https://asia.pokemon-card.com/th/card-img/th00008323.png
Pokemon,หมอกสีชาด,SV5a,โคทอยซ์,Torkoal,069/066,AR,https://asia.pokemon-card.com/th/card-img/th00008324.png
Pokemon,หมอกสีชาด,SV5a,โกคาซารุ,Infernape,070/066,AR,https://asia.pokemon-card.com/th/card-img/th00008325.png
Pokemon,หมอกสีชาด,SV5a,ฟีโอเน,Phione,071/066,AR,https://asia.pokemon-card.com/th/card-img/th00008326.png
Pokemon,หมอกสีชาด,SV5a,อุ๊อุ,Cramorant,072/066,AR,https://asia.pokemon-card.com/th/card-img/th00008327.png
Pokemon,หมอกสีชาด,SV5a,เอเลซาร์ด,Heliolisk,073/066,AR,https://asia.pokemon-card.com/th/card-img/th00008328.png
Pokemon,หมอกสีชาด,SV5a,เลิฟโทลอส,Enamorus,074/066,AR,https://asia.pokemon-card.com/th/card-img/th00008329.png
Pokemon,หมอกสีชาด,SV5a,ฮิซุย การ์ดี,Hisuian Growlithe,075/066,AR,https://asia.pokemon-card.com/th/card-img/th00008330.png
Pokemon,หมอกสีชาด,SV5a,ไดโนซ,Probopass,076/066,AR,https://asia.pokemon-card.com/th/card-img/th00008331.png
Pokemon,หมอกสีชาด,SV5a,คาจิชชู,Applin,077/066,AR,https://asia.pokemon-card.com/th/card-img/th00008332.png
Pokemon,หมอกสีชาด,SV5a,อีวุย,Eevee,078/066,AR,https://asia.pokemon-card.com/th/card-img/th00008333.png
Pokemon,หมอกสีชาด,SV5a,ยาบาโซฉะ ex,Sinistcha ex,079/066,SR,https://asia.pokemon-card.com/th/card-img/th00008334.png
Pokemon,หมอกสีชาด,SV5a,มักคาร์โก ex,Magcargo ex,080/066,SR,https://asia.pokemon-card.com/th/card-img/th00008335.png
Pokemon,หมอกสีชาด,SV5a,หนามเหล็ก ex,Iron Thorns ex,081/066,SR,https://asia.pokemon-card.com/th/card-img/th00008336.png
Pokemon,หมอกสีชาด,SV5a,หางตะเบ็ง ex,Scream Tail ex,082/066,SR,https://asia.pokemon-card.com/th/card-img/th00008337.png
Pokemon,หมอกสีชาด,SV5a,เก็คโคกะ ex,Greninja ex,083/066,SR,https://asia.pokemon-card.com/th/card-img/th00008338.png
Pokemon,หมอกสีชาด,SV5a,กาจิกุมะ พระจันทร์สีเลือด ex,Bloodmoon Ursaluna ex,084/066,SR,https://asia.pokemon-card.com/th/card-img/th00008339.png
Pokemon,หมอกสีชาด,SV5a,ผู้ดูแล,Caretaker,085/066,SR,https://asia.pokemon-card.com/th/card-img/th00008340.png
Pokemon,หมอกสีชาด,SV5a,โกโย,Lucian,086/066,SR,https://asia.pokemon-card.com/th/card-img/th00008341.png
Pokemon,หมอกสีชาด,SV5a,ซาซาเระ,Perrin,087/066,SR,https://asia.pokemon-card.com/th/card-img/th00008342.png
Pokemon,หมอกสีชาด,SV5a,การปรนนิบัติของซุยเรน,Lana's Aid,088/066,SR,https://asia.pokemon-card.com/th/card-img/th00008343.png
Pokemon,หมอกสีชาด,SV5a,ยาบาโซฉะ ex,Sinistcha ex,089/066,SAR,https://asia.pokemon-card.com/th/card-img/th00008344.png
Pokemon,หมอกสีชาด,SV5a,เก็คโคกะ ex,Greninja ex,090/066,SAR,https://asia.pokemon-card.com/th/card-img/th00008345.png
Pokemon,หมอกสีชาด,SV5a,กาจิกุมะ พระจันทร์สีเลือด ex,Bloodmoon Ursaluna ex,091/066,SAR,https://asia.pokemon-card.com/th/card-img/th00008346.png
Pokemon,หมอกสีชาด,SV5a,ซาซาเระ,Perrin,092/066,SAR,https://asia.pokemon-card.com/th/card-img/th00008347.png
Pokemon,หมอกสีชาด,SV5a,การปรนนิบัติของซุยเรน,Lana's Aid,093/066,SAR,https://asia.pokemon-card.com/th/card-img/th00008348.png
Pokemon,หมอกสีชาด,SV5a,กาจิกุมะ พระจันทร์สีเลือด ex,Bloodmoon Ursaluna ex,094/066,UR,https://asia.pokemon-card.com/th/card-img/th00012794.png
Pokemon,หมอกสีชาด,SV5a,บอร์ดฉุกเฉิน,Rescue Board,095/066,UR,https://asia.pokemon-card.com/th/card-img/th00012795.png
Pokemon,หมอกสีชาด,SV5a,ลูมินัสเอนเนอร์จี้,Luminous Energy,096/066,UR,https://asia.pokemon-card.com/th/card-img/th00012796.png
Pokemon,อำนาจอนารยะ,SV5K,โรเซเลีย,Roselia,001/071,C,https://asia.pokemon-card.com/th/card-img/th00007826.png
Pokemon,อำนาจอนารยะ,SV5K,โรสเรด,Roserade,002/071,U,https://asia.pokemon-card.com/th/card-img/th00007827.png
Pokemon,อำนาจอนารยะ,SV5K,นาเอเติล,Turtwig,003/071,C,https://asia.pokemon-card.com/th/card-img/th00007828.png
Pokemon,อำนาจอนารยะ,SV5K,ฮายาชิกาเมะ,Grotle,004/071,C,https://asia.pokemon-card.com/th/card-img/th00007829.png
Pokemon,อำนาจอนารยะ,SV5K,โดไดโทส ex,Torterra ex,005/071,RR,https://asia.pokemon-card.com/th/card-img/th00007830.png
Pokemon,อำนาจอนารยะ,SV5K,เชมิน,Shaymin,006/071,U,https://asia.pokemon-card.com/th/card-img/th00007831.png
Pokemon,อำนาจอนารยะ,SV5K,โมนเมน,Cottonee,007/071,C,https://asia.pokemon-card.com/th/card-img/th00007832.png
Pokemon,อำนาจอนารยะ,SV5K,เอลฟูน,Whimsicott,008/071,R,https://asia.pokemon-card.com/th/card-img/th00007833.png
Pokemon,อำนาจอนารยะ,SV5K,คุยทาแรน,Heatmor,009/071,C,https://asia.pokemon-card.com/th/card-img/th00007834.png
Pokemon,อำนาจอนารยะ,SV5K,ยาคุเดะ,Sizzlipede,010/071,C,https://asia.pokemon-card.com/th/card-img/th00007835.png
Pokemon,อำนาจอนารยะ,SV5K,มารุยาคุเดะ,Centiskorch,011/071,U,https://asia.pokemon-card.com/th/card-img/th00007836.png
Pokemon,อำนาจอนารยะ,SV5K,เพลิงทะลวง ex,Gouging Fire ex,012/071,RR,https://asia.pokemon-card.com/th/card-img/th00007837.png
Pokemon,อำนาจอนารยะ,SV5K,วานิโนโกะ,Totodile,013/071,C,https://asia.pokemon-card.com/th/card-img/th00007838.png
Pokemon,อำนาจอนารยะ,SV5K,อัลลิเกต,Croconaw,014/071,C,https://asia.pokemon-card.com/th/card-img/th00007839.png
Pokemon,อำนาจอนารยะ,SV5K,ออไดล์,Feraligatr,015/071,R,https://asia.pokemon-card.com/th/card-img/th00007840.png
Pokemon,อำนาจอนารยะ,SV5K,คิบาเนีย,Carvanha,016/071,C,https://asia.pokemon-card.com/th/card-img/th00007841.png
Pokemon,อำนาจอนารยะ,SV5K,ซาเมฮาเดอร์,Sharpedo,017/071,U,https://asia.pokemon-card.com/th/card-img/th00007842.png
Pokemon,อำนาจอนารยะ,SV5K,เคลดิโอ,Keldeo,018/071,U,https://asia.pokemon-card.com/th/card-img/th00007843.png
Pokemon,อำนาจอนารยะ,SV5K,ยูกิฮามิ,Snom,019/071,C,https://asia.pokemon-card.com/th/card-img/th00007844.png
Pokemon,อำนาจอนารยะ,SV5K,มอสโนว์,Frosmoth,020/071,C,https://asia.pokemon-card.com/th/card-img/th00007845.png
Pokemon,อำนาจอนารยะ,SV5K,อุมิดิกดา,Wiglett,021/071,C,https://asia.pokemon-card.com/th/card-img/th00007846.png
Pokemon,อำนาจอนารยะ,SV5K,นามิอิรุกะ,Finizen,022/071,C,https://asia.pokemon-card.com/th/card-img/th00007847.png
Pokemon,อำนาจอนารยะ,SV5K,อิรุกะแมน,Palafin,023/071,U,https://asia.pokemon-card.com/th/card-img/th00007848.png
Pokemon,อำนาจอนารยะ,SV5K,คลื่นน้ำกระเพื่อม ex,Walking Wake ex,024/071,RR,https://asia.pokemon-card.com/th/card-img/th00007849.png
Pokemon,อำนาจอนารยะ,SV5K,อุมิทริโอ ex,Wugtrio ex,025/071,RR,https://asia.pokemon-card.com/th/card-img/th00007850.png
Pokemon,อำนาจอนารยะ,SV5K,มาริล,Marill,026/071,C,https://asia.pokemon-card.com/th/card-img/th00007851.png
Pokemon,อำนาจอนารยะ,SV5K,มาริลลิ,Azumarill,027/071,C,https://asia.pokemon-card.com/th/card-img/th00007852.png
Pokemon,อำนาจอนารยะ,SV5K,โดมิเรอร์,Bronzor,028/071,C,https://asia.pokemon-card.com/th/card-img/th00007853.png
Pokemon,อำนาจอนารยะ,SV5K,โดทาคุน,Bronzong,029/071,U,https://asia.pokemon-card.com/th/card-img/th00007854.png
Pokemon,อำนาจอนารยะ,SV5K,ยูนิรัน,Solosis,030/071,C,https://asia.pokemon-card.com/th/card-img/th00007855.png
Pokemon,อำนาจอนารยะ,SV5K,ดาบูลัน,Duosion,031/071,C,https://asia.pokemon-card.com/th/card-img/th00007856.png
Pokemon,อำนาจอนารยะ,SV5K,แลนคูลัส,Reuniclus,032/071,U,https://asia.pokemon-card.com/th/card-img/th00007857.png
Pokemon,อำนาจอนารยะ,SV5K,เกศากระพือ,Flutter Mane,033/071,R,https://asia.pokemon-card.com/th/card-img/th00007858.png
Pokemon,อำนาจอนารยะ,SV5K,จีแลนซ์,Relicanth,034/071,R,https://asia.pokemon-card.com/th/card-img/th00007859.png
Pokemon,อำนาจอนารยะ,SV5K,โกบิท,Golett,035/071,C,https://asia.pokemon-card.com/th/card-img/th00007860.png
Pokemon,อำนาจอนารยะ,SV5K,โกลูก,Golurk,036/071,U,https://asia.pokemon-card.com/th/card-img/th00007861.png
Pokemon,อำนาจอนารยะ,SV5K,โดโรบังโค,Mudbray,037/071,C,https://asia.pokemon-card.com/th/card-img/th00007862.png
Pokemon,อำนาจอนารยะ,SV5K,บัมบะโดโร,Mudsdale,038/071,U,https://asia.pokemon-card.com/th/card-img/th00007863.png
Pokemon,อำนาจอนารยะ,SV5K,ทันด้ง,Rolycoly,039/071,C,https://asia.pokemon-card.com/th/card-img/th00007864.png
Pokemon,อำนาจอนารยะ,SV5K,โทร็อกกอน,Carkol,040/071,C,https://asia.pokemon-card.com/th/card-img/th00007865.png
Pokemon,อำนาจอนารยะ,SV5K,เซคิทันซัง,Coalossal,041/071,U,https://asia.pokemon-card.com/th/card-img/th00007866.png
Pokemon,อำนาจอนารยะ,SV5K,งายักษ์,Great Tusk,042/071,U,https://asia.pokemon-card.com/th/card-img/th00007867.png
Pokemon,อำนาจอนารยะ,SV5K,อาร์โบ,Ekans,043/071,C,https://asia.pokemon-card.com/th/card-img/th00007868.png
Pokemon,อำนาจอนารยะ,SV5K,อาร์บ็อก,Arbok,044/071,C,https://asia.pokemon-card.com/th/card-img/th00007869.png
Pokemon,อำนาจอนารยะ,SV5K,โกส,Gastly,045/071,C,https://asia.pokemon-card.com/th/card-img/th00007870.png
Pokemon,อำนาจอนารยะ,SV5K,โกสท์,Haunter,046/071,C,https://asia.pokemon-card.com/th/card-img/th00007871.png
Pokemon,อำนาจอนารยะ,SV5K,เก็งกา ex,Gengar ex,047/071,RR,https://asia.pokemon-card.com/th/card-img/th00007872.png
Pokemon,อำนาจอนารยะ,SV5K,โปซิเอนา,Poochyena,048/071,C,https://asia.pokemon-card.com/th/card-img/th00007873.png
Pokemon,อำนาจอนารยะ,SV5K,กราเอนา,Mightyena,049/071,C,https://asia.pokemon-card.com/th/card-img/th00007874.png
Pokemon,อำนาจอนารยะ,SV5K,ยามิรามิ,Sableye,050/071,U,https://asia.pokemon-card.com/th/card-img/th00007875.png
Pokemon,อำนาจอนารยะ,SV5K,จันทร์คำรน,Roaring Moon,051/071,R,https://asia.pokemon-card.com/th/card-img/th00007876.png
Pokemon,อำนาจอนารยะ,SV5K,โคไรดอน,Koraidon,052/071,R,https://asia.pokemon-card.com/th/card-img/th00007877.png
Pokemon,อำนาจอนารยะ,SV5K,ฟ้าคะนองคลั่ง ex,Raging Bolt ex,053/071,RR,https://asia.pokemon-card.com/th/card-img/th00007878.png
Pokemon,อำนาจอนารยะ,SV5K,โฮโฮ,Hoothoot,054/071,C,https://asia.pokemon-card.com/th/card-img/th00007879.png
Pokemon,อำนาจอนารยะ,SV5K,โยรุโนะซึคุ,Noctowl,055/071,C,https://asia.pokemon-card.com/th/card-img/th00007880.png
Pokemon,อำนาจอนารยะ,SV5K,โนก็อจจิ,Dunsparce,056/071,C,https://asia.pokemon-card.com/th/card-img/th00007881.png
Pokemon,อำนาจอนารยะ,SV5K,โนโกก็อจจิ,Dudunsparce,057/071,R,https://asia.pokemon-card.com/th/card-img/th00007882.png
Pokemon,อำนาจอนารยะ,SV5K,เพแรป,Chatot,058/071,C,https://asia.pokemon-card.com/th/card-img/th00007883.png
Pokemon,อำนาจอนารยะ,SV5K,จิลามี,Minccino,059/071,C,https://asia.pokemon-card.com/th/card-img/th00007884.png
Pokemon,อำนาจอนารยะ,SV5K,จิลาจีโน,Cinccino,060/071,U,https://asia.pokemon-card.com/th/card-img/th00007885.png
Pokemon,อำนาจอนารยะ,SV5K,กล่องสั่งซื้อของ,Boxed Order,061/071,U,https://asia.pokemon-card.com/th/card-img/th00007886.png
Pokemon,อำนาจอนารยะ,SV5K,กลองปลุกพลัง,Awakening Drum,062/071,ACE,https://asia.pokemon-card.com/th/card-img/th00007887.png
Pokemon,อำนาจอนารยะ,SV5K,โปฟฟินมิตรภาพ,Buddy-Buddy Poffin,063/071,U,https://asia.pokemon-card.com/th/card-img/th00007888.png
Pokemon,อำนาจอนารยะ,SV5K,บอร์ดฉุกเฉิน,Rescue Board,064/071,U,https://asia.pokemon-card.com/th/card-img/th00007889.png
Pokemon,อำนาจอนารยะ,SV5K,บูสต์เอนเนอร์จี้ โบราณ,Ancient Booster Energy Capsule,065/071,U,https://asia.pokemon-card.com/th/card-img/th00007890.png
Pokemon,อำนาจอนารยะ,SV5K,เข็มขัดแมกซิมัม,Maximum Belt,066/071,ACE,https://asia.pokemon-card.com/th/card-img/th00007891.png
Pokemon,อำนาจอนารยะ,SV5K,การนำทางของนักสำรวจ,Explorer's Guidance,067/071,U,https://asia.pokemon-card.com/th/card-img/th00007892.png
Pokemon,อำนาจอนารยะ,SV5K,บิวะ,Eri,068/071,U,https://asia.pokemon-card.com/th/card-img/th00007893.png
Pokemon,อำนาจอนารยะ,SV5K,ความมั่นใจของมัตสึบะ,Morty's Conviction,069/071,U,https://asia.pokemon-card.com/th/card-img/th00007894.png
Pokemon,อำนาจอนารยะ,SV5K,ป่าชัฏมหันตภัย,Perilous Jungle,070/071,U,https://asia.pokemon-card.com/th/card-img/th00007895.png
Pokemon,อำนาจอนารยะ,SV5K,นีโออัปเปอร์เอนเนอร์จี้,Neo Upper Energy,071/071,ACE,https://asia.pokemon-card.com/th/card-img/th00007896.png
Pokemon,อำนาจอนารยะ,SV5K,ฮายาชิกาเมะ,Grotle,072/071,AR,https://asia.pokemon-card.com/th/card-img/th00008065.png
Pokemon,อำนาจอนารยะ,SV5K,ยูกิฮามิ,Snom,073/071,AR,https://asia.pokemon-card.com/th/card-img/th00008066.png
Pokemon,อำนาจอนารยะ,SV5K,โดมิเรอร์,Bronzor,074/071,AR,https://asia.pokemon-card.com/th/card-img/th00008067.png
Pokemon,อำนาจอนารยะ,SV5K,แลนคูลัส,Reuniclus,075/071,AR,https://asia.pokemon-card.com/th/card-img/th00008068.png
Pokemon,อำนาจอนารยะ,SV5K,เกศากระพือ,Flutter Mane,076/071,AR,https://asia.pokemon-card.com/th/card-img/th00008069.png
Pokemon,อำนาจอนารยะ,SV5K,จีแลนซ์,Relicanth,077/071,AR,https://asia.pokemon-card.com/th/card-img/th00008070.png
Pokemon,อำนาจอนารยะ,SV5K,บัมบะโดโร,Mudsdale,078/071,AR,https://asia.pokemon-card.com/th/card-img/th00008071.png
Pokemon,อำนาจอนารยะ,SV5K,อาร์บ็อก,Arbok,079/071,AR,https://asia.pokemon-card.com/th/card-img/th00008072.png
Pokemon,อำนาจอนารยะ,SV5K,โกส,Gastly,080/071,AR,https://asia.pokemon-card.com/th/card-img/th00008073.png
Pokemon,อำนาจอนารยะ,SV5K,เพแรป,Chatot,081/071,AR,https://asia.pokemon-card.com/th/card-img/th00008074.png
Pokemon,อำนาจอนารยะ,SV5K,จิลามี,Minccino,082/071,AR,https://asia.pokemon-card.com/th/card-img/th00008075.png
Pokemon,อำนาจอนารยะ,SV5K,จิลาจีโน,Cinccino,083/071,AR,https://asia.pokemon-card.com/th/card-img/th00008076.png
Pokemon,อำนาจอนารยะ,SV5K,โดไดโทส,Torterra,084/071,SR,https://asia.pokemon-card.com/th/card-img/th00008077.png
Pokemon,อำนาจอนารยะ,SV5K,เพลิงทะลวง ex,Gouging Fire ex,085/071,SR,https://asia.pokemon-card.com/th/card-img/th00008078.png
Pokemon,อำนาจอนารยะ,SV5K,คลื่นน้ำกระเพื่อม ex,Walking Wake ex,086/071,SR,https://asia.pokemon-card.com/th/card-img/th00008079.png
Pokemon,อำนาจอนารยะ,SV5K,อุมิทริโอ ex,Wugtrio ex,087/071,SR,https://asia.pokemon-card.com/th/card-img/th00008080.png
Pokemon,อำนาจอนารยะ,SV5K,เก็งกา ex,Gengar ex,088/071,SR,https://asia.pokemon-card.com/th/card-img/th00008081.png
Pokemon,อำนาจอนารยะ,SV5K,ฟ้าคะนองคลั่ง ex,Raging Bolt ex,089/071,SR,https://asia.pokemon-card.com/th/card-img/th00008082.png
Pokemon,อำนาจอนารยะ,SV5K,การนำทางของนักสำรวจ,Explorer's Guidance,090/071,SR,https://asia.pokemon-card.com/th/card-img/th00008083.png
Pokemon,อำนาจอนารยะ,SV5K,บิวะ,Eri,091/071,SR,https://asia.pokemon-card.com/th/card-img/th00008084.png
Pokemon,อำนาจอนารยะ,SV5K,ความมั่นใจของมัตสึบะ,Morty's Conviction,092/071,SR,https://asia.pokemon-card.com/th/card-img/th00008085.png
Pokemon,อำนาจอนารยะ,SV5K,เพลิงทะลวง ex,Gouging Fire ex,093/071,SAR,https://asia.pokemon-card.com/th/card-img/th00008086.png
Pokemon,อำนาจอนารยะ,SV5K,คลื่นน้ำกระเพื่อม ex,Walking Wake ex,094/071,SAR,https://asia.pokemon-card.com/th/card-img/th00008087.png
Pokemon,อำนาจอนารยะ,SV5K,ฟ้าคะนองคลั่ง ex,Raging Bolt ex,095/071,SAR,https://asia.pokemon-card.com/th/card-img/th00008088.png
Pokemon,อำนาจอนารยะ,SV5K,บิวะ,Eri,096/071,SAR,https://asia.pokemon-card.com/th/card-img/th00008089.png
Pokemon,อำนาจอนารยะ,SV5K,ความมั่นใจของมัตสึบะ,Morty's Conviction,097/071,SAR,https://asia.pokemon-card.com/th/card-img/th00008090.png
Pokemon,อำนาจอนารยะ,SV5K,เพลิงทะลวง ex,Gouging Fire ex,098/071,UR,https://asia.pokemon-card.com/th/card-img/th00012788.png
Pokemon,อำนาจอนารยะ,SV5K,คลื่นน้ำกระเพื่อม ex,Walking Wake ex,099/071,UR,https://asia.pokemon-card.com/th/card-img/th00012789.png
Pokemon,อำนาจอนารยะ,SV5K,ฟ้าคะนองคลั่ง ex,Raging Bolt ex,100/071,UR,https://asia.pokemon-card.com/th/card-img/th00012790.png
Pokemon,ตุลาการไซเบอร์,SV5M,สไตรค์,Scyther,001/071,C,https://asia.pokemon-card.com/th/card-img/th00007897.png
Pokemon,ตุลาการไซเบอร์,SV5M,คุนุกิดามะ,Pineco,002/071,C,https://asia.pokemon-card.com/th/card-img/th00007898.png
Pokemon,ตุลาการไซเบอร์,SV5M,ทาเนโบ,Seedot,003/071,C,https://asia.pokemon-card.com/th/card-img/th00007899.png
Pokemon,ตุลาการไซเบอร์,SV5M,โคโนฮานะ,Nuzleaf,004/071,C,https://asia.pokemon-card.com/th/card-img/th00007900.png
Pokemon,ตุลาการไซเบอร์,SV5M,ดาเทนกุ,Shiftry,005/071,U,https://asia.pokemon-card.com/th/card-img/th00007901.png
Pokemon,ตุลาการไซเบอร์,SV5M,คิโนโคโค,Shroomish,006/071,C,https://asia.pokemon-card.com/th/card-img/th00007902.png
Pokemon,ตุลาการไซเบอร์,SV5M,คิโนกัซซา,Breloom,007/071,C,https://asia.pokemon-card.com/th/card-img/th00007903.png
Pokemon,ตุลาการไซเบอร์,SV5M,ชิคิจิกะ,Deerling,008/071,C,https://asia.pokemon-card.com/th/card-img/th00007904.png
Pokemon,ตุลาการไซเบอร์,SV5M,เมบูคิจิกะ,Sawsbuck,009/071,U,https://asia.pokemon-card.com/th/card-img/th00007905.png
Pokemon,ตุลาการไซเบอร์,SV5M,อโกจิมูชิ,Grubbin,010/071,C,https://asia.pokemon-card.com/th/card-img/th00007906.png
Pokemon,ตุลาการไซเบอร์,SV5M,ดาดาริน,Dhelmise,011/071,U,https://asia.pokemon-card.com/th/card-img/th00007907.png
Pokemon,ตุลาการไซเบอร์,SV5M,อาโนะคุสะ,Bramblin,012/071,C,https://asia.pokemon-card.com/th/card-img/th00007908.png
Pokemon,ตุลาการไซเบอร์,SV5M,อาโนะโฮรากุสะ,Brambleghast,013/071,R,https://asia.pokemon-card.com/th/card-img/th00007909.png
Pokemon,ตุลาการไซเบอร์,SV5M,ชิกาโรโค,Rellor,014/071,C,https://asia.pokemon-card.com/th/card-img/th00007910.png
Pokemon,ตุลาการไซเบอร์,SV5M,เบราคาสุ,Rabsca,015/071,U,https://asia.pokemon-card.com/th/card-img/th00007911.png
Pokemon,ตุลาการไซเบอร์,SV5M,ใบด่างเหล็ก ex,Iron Leaves ex,016/071,RR,https://asia.pokemon-card.com/th/card-img/th00007912.png
Pokemon,ตุลาการไซเบอร์,SV5M,มักแม็ก,Slugma,017/071,C,https://asia.pokemon-card.com/th/card-img/th00007913.png
Pokemon,ตุลาการไซเบอร์,SV5M,มักคาร์โก,Magcargo,018/071,R,https://asia.pokemon-card.com/th/card-img/th00007914.png
Pokemon,ตุลาการไซเบอร์,SV5M,วิคทินี,Victini,019/071,C,https://asia.pokemon-card.com/th/card-img/th00007915.png
Pokemon,ตุลาการไซเบอร์,SV5M,เนียบี,Litten,020/071,C,https://asia.pokemon-card.com/th/card-img/th00007916.png
Pokemon,ตุลาการไซเบอร์,SV5M,เนียฮีท,Torracat,021/071,C,https://asia.pokemon-card.com/th/card-img/th00007917.png
Pokemon,ตุลาการไซเบอร์,SV5M,กาโอกาเอ็น ex,Incineroar ex,022/071,RR,https://asia.pokemon-card.com/th/card-img/th00007918.png
Pokemon,ตุลาการไซเบอร์,SV5M,พิคาชู,Pikachu,023/071,C,https://asia.pokemon-card.com/th/card-img/th00007919.png
Pokemon,ตุลาการไซเบอร์,SV5M,ไรชู,Raichu,024/071,C,https://asia.pokemon-card.com/th/card-img/th00007920.png
Pokemon,ตุลาการไซเบอร์,SV5M,เอเลบู,Electabuzz,025/071,C,https://asia.pokemon-card.com/th/card-img/th00007921.png
Pokemon,ตุลาการไซเบอร์,SV5M,เอเลคิเบิล,Electivire,026/071,U,https://asia.pokemon-card.com/th/card-img/th00007922.png
Pokemon,ตุลาการไซเบอร์,SV5M,เด็นจิมูชิ,Charjabug,027/071,C,https://asia.pokemon-card.com/th/card-img/th00007923.png
Pokemon,ตุลาการไซเบอร์,SV5M,คุวากานอน,Vikavolt,028/071,U,https://asia.pokemon-card.com/th/card-img/th00007924.png
Pokemon,ตุลาการไซเบอร์,SV5M,เซราโอรา,Zeraora,029/071,U,https://asia.pokemon-card.com/th/card-img/th00007925.png
Pokemon,ตุลาการไซเบอร์,SV5M,หนามเหล็ก,Iron Thorns,030/071,R,https://asia.pokemon-card.com/th/card-img/th00007926.png
Pokemon,ตุลาการไซเบอร์,SV5M,บาร์เรียด,Mr. Mime,031/071,C,https://asia.pokemon-card.com/th/card-img/th00007927.png
Pokemon,ตุลาการไซเบอร์,SV5M,คิรินริกิ,Girafarig,032/071,C,https://asia.pokemon-card.com/th/card-img/th00007928.png
Pokemon,ตุลาการไซเบอร์,SV5M,อบูรี,Cutiefly,033/071,C,https://asia.pokemon-card.com/th/card-img/th00007929.png
Pokemon,ตุลาการไซเบอร์,SV5M,อบูริบง,Ribombee,034/071,U,https://asia.pokemon-card.com/th/card-img/th00007930.png
Pokemon,ตุลาการไซเบอร์,SV5M,นักรบเหล็ก,Iron Valiant,035/071,R,https://asia.pokemon-card.com/th/card-img/th00007931.png
Pokemon,ตุลาการไซเบอร์,SV5M,หัวเหล็ก ex,Iron Crown ex,036/071,RR,https://asia.pokemon-card.com/th/card-img/th00007932.png
Pokemon,ตุลาการไซเบอร์,SV5M,อาซานัน,Meditite,037/071,C,https://asia.pokemon-card.com/th/card-img/th00007933.png
Pokemon,ตุลาการไซเบอร์,SV5M,ชาเรม,Medicham,038/071,C,https://asia.pokemon-card.com/th/card-img/th00007934.png
Pokemon,ตุลาการไซเบอร์,SV5M,โมกุริว,Drilbur,039/071,C,https://asia.pokemon-card.com/th/card-img/th00007935.png
Pokemon,ตุลาการไซเบอร์,SV5M,โดริวซึ,Excadrill,040/071,U,https://asia.pokemon-card.com/th/card-img/th00007936.png
Pokemon,ตุลาการไซเบอร์,SV5M,ศิลาเหล็ก ex,Iron Boulder ex,041/071,RR,https://asia.pokemon-card.com/th/card-img/th00007937.png
Pokemon,ตุลาการไซเบอร์,SV5M,ริกิคิริน ex,Farigiraf ex,042/071,RR,https://asia.pokemon-card.com/th/card-img/th00007938.png
Pokemon,ตุลาการไซเบอร์,SV5M,ฟอเรทอส,Forretress,043/071,U,https://asia.pokemon-card.com/th/card-img/th00007939.png
Pokemon,ตุลาการไซเบอร์,SV5M,ฮัซซัม ex,Scizor ex,044/071,RR,https://asia.pokemon-card.com/th/card-img/th00007940.png
Pokemon,ตุลาการไซเบอร์,SV5M,คูชีท,Mawile,045/071,C,https://asia.pokemon-card.com/th/card-img/th00007941.png
Pokemon,ตุลาการไซเบอร์,SV5M,ดันบัล,Beldum,046/071,C,https://asia.pokemon-card.com/th/card-img/th00007942.png
Pokemon,ตุลาการไซเบอร์,SV5M,เมแทงก์,Metang,047/071,C,https://asia.pokemon-card.com/th/card-img/th00007943.png
Pokemon,ตุลาการไซเบอร์,SV5M,เมทากรอส,Metagross,048/071,U,https://asia.pokemon-card.com/th/card-img/th00007944.png
Pokemon,ตุลาการไซเบอร์,SV5M,เมลตัน,Meltan,049/071,C,https://asia.pokemon-card.com/th/card-img/th00007945.png
Pokemon,ตุลาการไซเบอร์,SV5M,เมลเมทัล,Melmetal,050/071,R,https://asia.pokemon-card.com/th/card-img/th00007946.png
Pokemon,ตุลาการไซเบอร์,SV5M,รอยล้อเหล็ก ,Iron Treads,051/071,U,https://asia.pokemon-card.com/th/card-img/th00007947.png
Pokemon,ตุลาการไซเบอร์,SV5M,มิไรดอน,Miraidon,052/071,R,https://asia.pokemon-card.com/th/card-img/th00007948.png
Pokemon,ตุลาการไซเบอร์,SV5M,เบโรรินกา,Lickitung,053/071,C,https://asia.pokemon-card.com/th/card-img/th00007949.png
Pokemon,ตุลาการไซเบอร์,SV5M,เบโรเบลท์,Lickilicky,054/071,C,https://asia.pokemon-card.com/th/card-img/th00007950.png
Pokemon,ตุลาการไซเบอร์,SV5M,เอเนโค,Skitty,055/071,C,https://asia.pokemon-card.com/th/card-img/th00007951.png
Pokemon,ตุลาการไซเบอร์,SV5M,เอเนโคโรโระ,Delcatty,056/071,U,https://asia.pokemon-card.com/th/card-img/th00007952.png
Pokemon,ตุลาการไซเบอร์,SV5M,มาเมพาโตะ,Pidove,057/071,C,https://asia.pokemon-card.com/th/card-img/th00007953.png
Pokemon,ตุลาการไซเบอร์,SV5M,ฮาโทโบ,Tranquill,058/071,C,https://asia.pokemon-card.com/th/card-img/th00007954.png
Pokemon,ตุลาการไซเบอร์,SV5M,เคนโฮโล,Unfezant,059/071,U,https://asia.pokemon-card.com/th/card-img/th00007955.png
Pokemon,ตุลาการไซเบอร์,SV5M,จิจีลอน,Drampa,060/071,R,https://asia.pokemon-card.com/th/card-img/th00007956.png
Pokemon,ตุลาการไซเบอร์,SV5M,แฮนด์ทริมเมอร์,Hand Trimmer,061/071,U,https://asia.pokemon-card.com/th/card-img/th00007957.png
Pokemon,ตุลาการไซเบอร์,SV5M,ไพร์มแคชเชอร์,Prime Catcher,062/071,ACE,https://asia.pokemon-card.com/th/card-img/th00007958.png
Pokemon,ตุลาการไซเบอร์,SV5M,รีบูตพอด,Reboot Pod,063/071,ACE,https://asia.pokemon-card.com/th/card-img/th00007959.png
Pokemon,ตุลาการไซเบอร์,SV5M,ผ้าคลุมฮีโร่,Hero's Cape,064/071,ACE,https://asia.pokemon-card.com/th/card-img/th00007960.png
Pokemon,ตุลาการไซเบอร์,SV5M,บูสต์เอนเนอร์จี้ อนาคต,Future Booster Energy Capsule,065/071,U,https://asia.pokemon-card.com/th/card-img/th00007961.png
Pokemon,ตุลาการไซเบอร์,SV5M,คทาหนักอึ้ง,Heavy Baton,066/071,U,https://asia.pokemon-card.com/th/card-img/th00007962.png
Pokemon,ตุลาการไซเบอร์,SV5M,การถอดรหัสของผู้คลั่งไคล้รหัสลับ,Ciphermaniac's Codebreaking,067/071,U,https://asia.pokemon-card.com/th/card-img/th00007963.png
Pokemon,ตุลาการไซเบอร์,SV5M,เซจ,Salvatore,068/071,U,https://asia.pokemon-card.com/th/card-img/th00007964.png
Pokemon,ตุลาการไซเบอร์,SV5M,ความจริงใจของเบล,Bianca's Devotion,069/071,U,https://asia.pokemon-card.com/th/card-img/th00007965.png
Pokemon,ตุลาการไซเบอร์,SV5M,ฟูลเมทัลแล็บ,Full Metal Lab,070/071,U,https://asia.pokemon-card.com/th/card-img/th00007966.png
Pokemon,ตุลาการไซเบอร์,SV5M,มิสต์เอนเนอร์จี้,Mist Energy,071/071,U,https://asia.pokemon-card.com/th/card-img/th00007967.png
Pokemon,ตุลาการไซเบอร์,SV5M,ดาเทนกุ,Shiftry,072/071,AR,https://asia.pokemon-card.com/th/card-img/th00008091.png
Pokemon,ตุลาการไซเบอร์,SV5M,ชิคิจิกะ,Deerling,073/071,AR,https://asia.pokemon-card.com/th/card-img/th00008092.png
Pokemon,ตุลาการไซเบอร์,SV5M,เมบูคิจิกะ,Sawsbuck,074/071,AR,https://asia.pokemon-card.com/th/card-img/th00008093.png
Pokemon,ตุลาการไซเบอร์,SV5M,เนียบี,Litten,075/071,AR,https://asia.pokemon-card.com/th/card-img/th00008094.png
Pokemon,ตุลาการไซเบอร์,SV5M,เด็นจิมูชิ,Charjabug,076/071,AR,https://asia.pokemon-card.com/th/card-img/th00008095.png
Pokemon,ตุลาการไซเบอร์,SV5M,หนามเหล็ก,Iron Thorns,077/071,AR,https://asia.pokemon-card.com/th/card-img/th00008096.png
Pokemon,ตุลาการไซเบอร์,SV5M,อบูรี,Cutiefly,078/071,AR,https://asia.pokemon-card.com/th/card-img/th00008097.png
Pokemon,ตุลาการไซเบอร์,SV5M,โดริวซึ,Excadrill,079/071,AR,https://asia.pokemon-card.com/th/card-img/th00008098.png
Pokemon,ตุลาการไซเบอร์,SV5M,เมทากรอส,Metagross,080/071,AR,https://asia.pokemon-card.com/th/card-img/th00008099.png
Pokemon,ตุลาการไซเบอร์,SV5M,เมลตัน,Meltan,081/071,AR,https://asia.pokemon-card.com/th/card-img/th00008100.png
Pokemon,ตุลาการไซเบอร์,SV5M,เบโรรินกา,Lickitung,082/071,AR,https://asia.pokemon-card.com/th/card-img/th00008101.png
Pokemon,ตุลาการไซเบอร์,SV5M,จิจีลอน,Drampa,083/071,AR,https://asia.pokemon-card.com/th/card-img/th00008102.png
Pokemon,ตุลาการไซเบอร์,SV5M,ใบด่างเหล็ก ex,Iron Leaves ex,084/071,SR,https://asia.pokemon-card.com/th/card-img/th00008103.png
Pokemon,ตุลาการไซเบอร์,SV5M,กาโอกาเอ็น ex,Incineroar ex,085/071,SR,https://asia.pokemon-card.com/th/card-img/th00008104.png
Pokemon,ตุลาการไซเบอร์,SV5M,หัวเหล็ก ex,Iron Crown ex,086/071,SR,https://asia.pokemon-card.com/th/card-img/th00008105.png
Pokemon,ตุลาการไซเบอร์,SV5M,ศิลาเหล็ก ex,Iron Boulder ex,087/071,SR,https://asia.pokemon-card.com/th/card-img/th00008106.png
Pokemon,ตุลาการไซเบอร์,SV5M,ริกิคิริน ex,Farigiraf ex,088/071,SR,https://asia.pokemon-card.com/th/card-img/th00008107.png
Pokemon,ตุลาการไซเบอร์,SV5M,ฮัซซัม ex,Scizor ex,089/071,SR,https://asia.pokemon-card.com/th/card-img/th00008108.png
Pokemon,ตุลาการไซเบอร์,SV5M,การถอดรหัสของผู้คลั่งไคล้รหัสลับ,Ciphermaniac's Codebreaking,090/071,SR,https://asia.pokemon-card.com/th/card-img/th00008109.png
Pokemon,ตุลาการไซเบอร์,SV5M,เซจ,Salvatore,091/071,SR,https://asia.pokemon-card.com/th/card-img/th00008110.png
Pokemon,ตุลาการไซเบอร์,SV5M,ความจริงใจของเบล,Bianca's Devotion,092/071,SR,https://asia.pokemon-card.com/th/card-img/th00008111.png
Pokemon,ตุลาการไซเบอร์,SV5M,ใบด่างเหล็ก ex,Iron Leaves ex,093/071,SAR,https://asia.pokemon-card.com/th/card-img/th00008112.png
Pokemon,ตุลาการไซเบอร์,SV5M,หัวเหล็ก ex,Iron Crown ex,094/071,SAR,https://asia.pokemon-card.com/th/card-img/th00008113.png
Pokemon,ตุลาการไซเบอร์,SV5M,ศิลาเหล็ก ex,Iron Boulder ex,095/071,SAR,https://asia.pokemon-card.com/th/card-img/th00008114.png
Pokemon,ตุลาการไซเบอร์,SV5M,เซจ,Salvatore,096/071,SAR,https://asia.pokemon-card.com/th/card-img/th00008115.png
Pokemon,ตุลาการไซเบอร์,SV5M,ความจริงใจของเบล,Bianca's Devotion,097/071,SAR,https://asia.pokemon-card.com/th/card-img/th00008116.png
Pokemon,ตุลาการไซเบอร์,SV5M,ใบด่างเหล็ก ex,Iron Leaves EX,098/071,UR,https://asia.pokemon-card.com/th/card-img/th00012791.png
Pokemon,ตุลาการไซเบอร์,SV5M,หัวเหล็ก ex,Iron Crown EX,099/071,UR,https://asia.pokemon-card.com/th/card-img/th00012792.png
Pokemon,ตุลาการไซเบอร์,SV5M,ศิลาเหล็ก ex,Iron Boulder EX,100/071,UR,https://asia.pokemon-card.com/th/card-img/th00012793.png