game,Set,Set ID,name,English Name,card #,rarity,image_url
Pokemon,อัคคีสีคราม,MA2,นาโซโนะคุสะ,Oddish,001/103,C,https://asia.pokemon-card.com/th/card-img/th00012443.png
Pokemon,อัคคีสีคราม,MA2,คุไซฮานะ,Gloom,002/103,C,https://asia.pokemon-card.com/th/card-img/th00012444.png
Pokemon,อัคคีสีคราม,MA2,รัฟเฟรเซีย,Vileplume,003/103,U,https://asia.pokemon-card.com/th/card-img/th00012445.png
Pokemon,อัคคีสีคราม,MA2,เมก้าเฮราครอส ex,Mega Heracross ex,004/103,RR,https://asia.pokemon-card.com/th/card-img/th00012446.png
Pokemon,อัคคีสีคราม,MA2,ฮาซึโบ,Lotad,005/103,C,https://asia.pokemon-card.com/th/card-img/th00012447.png
Pokemon,อัคคีสีคราม,MA2,ฮาซึเบรโร,Lombre,006/103,C,https://asia.pokemon-card.com/th/card-img/th00012448.png
Pokemon,อัคคีสีคราม,MA2,รุนปัปปา,Ludicolo,007/103,U,https://asia.pokemon-card.com/th/card-img/th00012449.png
Pokemon,อัคคีสีคราม,MA2,เกโนเซ็กท์,Genesect,008/103,R,https://asia.pokemon-card.com/th/card-img/th00012450.png
Pokemon,อัคคีสีคราม,MA2,มาเมะบัตตะ,Nymble,009/103,C,https://asia.pokemon-card.com/th/card-img/th00012451.png
Pokemon,อัคคีสีคราม,MA2,เอ็กซ์เลก,Lokix,010/103,U,https://asia.pokemon-card.com/th/card-img/th00012452.png
Pokemon,อัคคีสีคราม,MA2,ฮิโตคาเงะ,Charmander,011/103,C,https://asia.pokemon-card.com/th/card-img/th00012453.png
Pokemon,อัคคีสีคราม,MA2,ลิซาร์โดะ,Charmeleon,012/103,C,https://asia.pokemon-card.com/th/card-img/th00012454.png
Pokemon,อัคคีสีคราม,MA2,เมก้าลิซาร์ดอน X ex,Mega Charizard X ex,013/103,RR,https://asia.pokemon-card.com/th/card-img/th00012455.png
Pokemon,อัคคีสีคราม,MA2,ไฟเยอร์,Moltres,014/103,U,https://asia.pokemon-card.com/th/card-img/th00012456.png
Pokemon,อัคคีสีคราม,MA2,ดารุมักกะ,Darumaka,015/103,C,https://asia.pokemon-card.com/th/card-img/th00012457.png
Pokemon,อัคคีสีคราม,MA2,ฮิฮิดารุมะ,Darmanitan,016/103,U,https://asia.pokemon-card.com/th/card-img/th00012458.png
Pokemon,อัคคีสีคราม,MA2,เรชิรัม,Reshiram,017/103,R,https://asia.pokemon-card.com/th/card-img/th00012459.png
Pokemon,อัคคีสีคราม,MA2,โอโดริโดริ ex,Oricorio ex,018/103,RR,https://asia.pokemon-card.com/th/card-img/th00012460.png
Pokemon,อัคคีสีคราม,MA2,คาร์โบ,Charcadet,019/103,C,https://asia.pokemon-card.com/th/card-img/th00012461.png
Pokemon,อัคคีสีคราม,MA2,โซเบลดส์,Ceruledge,020/103,U,https://asia.pokemon-card.com/th/card-img/th00012462.png
Pokemon,อัคคีสีคราม,MA2,เพาเวา,Seel,021/103,C,https://asia.pokemon-card.com/th/card-img/th00012463.png
Pokemon,อัคคีสีคราม,MA2,จูกอน,Dewgong,022/103,C,https://asia.pokemon-card.com/th/card-img/th00012464.png
Pokemon,อัคคีสีคราม,MA2,อุริมู,Swinub,023/103,C,https://asia.pokemon-card.com/th/card-img/th00012465.png
Pokemon,อัคคีสีคราม,MA2,อิโนมู,Piloswine,024/103,C,https://asia.pokemon-card.com/th/card-img/th00012466.png
Pokemon,อัคคีสีคราม,MA2,แมมมู,Mamoswine,025/103,U,https://asia.pokemon-card.com/th/card-img/th00012467.png
Pokemon,อัคคีสีคราม,MA2,ซุยคูน,Suicune,026/103,R,https://asia.pokemon-card.com/th/card-img/th00012468.png
Pokemon,อัคคีสีคราม,MA2,โพจจามะ,Piplup,027/103,C,https://asia.pokemon-card.com/th/card-img/th00012469.png
Pokemon,อัคคีสีคราม,MA2,โพจไทชิ,Prinplup,028/103,C,https://asia.pokemon-card.com/th/card-img/th00012470.png
Pokemon,อัคคีสีคราม,MA2,โรตอม ex,Rotom ex,029/103,RR,https://asia.pokemon-card.com/th/card-img/th00012471.png
Pokemon,อัคคีสีคราม,MA2,วันปาจิ,Yamper,030/103,C,https://asia.pokemon-card.com/th/card-img/th00012472.png
Pokemon,อัคคีสีคราม,MA2,พัลส์วัน,Boltund,031/103,C,https://asia.pokemon-card.com/th/card-img/th00012473.png
Pokemon,อัคคีสีคราม,MA2,พาโม,Pawmi,032/103,C,https://asia.pokemon-card.com/th/card-img/th00012474.png
Pokemon,อัคคีสีคราม,MA2,พาม็อต,Pawmo,033/103,C,https://asia.pokemon-card.com/th/card-img/th00012475.png
Pokemon,อัคคีสีคราม,MA2,เพอร์ม็อต,Pawmot,034/103,R,https://asia.pokemon-card.com/th/card-img/th00012476.png
Pokemon,อัคคีสีคราม,MA2,มูมา,Misdreavus,035/103,C,https://asia.pokemon-card.com/th/card-img/th00012477.png
Pokemon,อัคคีสีคราม,MA2,มูมาจิ ex,Mismagius ex,036/103,RR,https://asia.pokemon-card.com/th/card-img/th00012478.png
Pokemon,อัคคีสีคราม,MA2,บูล,Snubbull,037/103,C,https://asia.pokemon-card.com/th/card-img/th00012479.png
Pokemon,อัคคีสีคราม,MA2,แกรนบูล,Granbull,038/103,U,https://asia.pokemon-card.com/th/card-img/th00012480.png
Pokemon,อัคคีสีคราม,MA2,เครเซเลีย,Cresselia,039/103,U,https://asia.pokemon-card.com/th/card-img/th00012481.png
Pokemon,อัคคีสีคราม,MA2,โมนเมน,Cottonee,040/103,C,https://asia.pokemon-card.com/th/card-img/th00012482.png
Pokemon,อัคคีสีคราม,MA2,เอลฟูน,Whimsicott,041/103,U,https://asia.pokemon-card.com/th/card-img/th00012483.png
Pokemon,อัคคีสีคราม,MA2,เมโลเอตตา,Meloetta,042/103,U,https://asia.pokemon-card.com/th/card-img/th00012484.png
Pokemon,อัคคีสีคราม,MA2,เมก้าดีแอนซี ex,Mega Diancie ex,043/103,RR,https://asia.pokemon-card.com/th/card-img/th00012485.png
Pokemon,อัคคีสีคราม,MA2,มิมิคคิว,Mimikyu,044/103,C,https://asia.pokemon-card.com/th/card-img/th00012486.png
Pokemon,อัคคีสีคราม,MA2,มาโฮมิล,Milcery,045/103,C,https://asia.pokemon-card.com/th/card-img/th00012487.png
Pokemon,อัคคีสีคราม,MA2,มาวิป,Alcremie,046/103,C,https://asia.pokemon-card.com/th/card-img/th00012488.png
Pokemon,อัคคีสีคราม,MA2,ซาเชียน,Zacian,047/103,R,https://asia.pokemon-card.com/th/card-img/th00012489.png
Pokemon,อัคคีสีคราม,MA2,อาโนะคุสะ,Bramblin,048/103,C,https://asia.pokemon-card.com/th/card-img/th00012490.png
Pokemon,อัคคีสีคราม,MA2,อาโนะโฮรากุสะ,Brambleghast,049/103,U,https://asia.pokemon-card.com/th/card-img/th00012491.png
Pokemon,อัคคีสีคราม,MA2,พัลเดีย เคนเทารอส,Paldean Tauros,050/103,U,https://asia.pokemon-card.com/th/card-img/th00012492.png
Pokemon,อัคคีสีคราม,MA2,ไกลกา,Gligar,051/103,C,https://asia.pokemon-card.com/th/card-img/th00012493.png
Pokemon,อัคคีสีคราม,MA2,ไกลออน,Gliscor,052/103,U,https://asia.pokemon-card.com/th/card-img/th00012494.png
Pokemon,อัคคีสีคราม,MA2,นัคครา,Trapinch,053/103,C,https://asia.pokemon-card.com/th/card-img/th00012495.png
Pokemon,อัคคีสีคราม,MA2,วิบราวา,Vibrava,054/103,C,https://asia.pokemon-card.com/th/card-img/th00012496.png
Pokemon,อัคคีสีคราม,MA2,ฟลายกอน,Flygon,055/103,R,https://asia.pokemon-card.com/th/card-img/th00012497.png
Pokemon,อัคคีสีคราม,MA2,โกส,Gastly,056/103,C,https://asia.pokemon-card.com/th/card-img/th00012498.png
Pokemon,อัคคีสีคราม,MA2,โกสท์,Haunter,057/103,C,https://asia.pokemon-card.com/th/card-img/th00012499.png
Pokemon,อัคคีสีคราม,MA2,เมก้าเก็งกา ex,Mega Gengar ex,058/103,RR,https://asia.pokemon-card.com/th/card-img/th00012500.png
Pokemon,อัคคีสีคราม,MA2,ยามิคาราซึ,Murkrow,059/103,C,https://asia.pokemon-card.com/th/card-img/th00012501.png
Pokemon,อัคคีสีคราม,MA2,ดอนคาราซึ,Honchkrow,060/103,U,https://asia.pokemon-card.com/th/card-img/th00012502.png
Pokemon,อัคคีสีคราม,MA2,นิวลา,Sneasel,061/103,C,https://asia.pokemon-card.com/th/card-img/th00012503.png
Pokemon,อัคคีสีคราม,MA2,มานิวลา,Weavile,062/103,U,https://asia.pokemon-card.com/th/card-img/th00012504.png
Pokemon,อัคคีสีคราม,MA2,ยามิรามิ,Sableye,063/103,U,https://asia.pokemon-card.com/th/card-img/th00012505.png
Pokemon,อัคคีสีคราม,MA2,คิบาเนีย,Carvanha,064/103,C,https://asia.pokemon-card.com/th/card-img/th00012506.png
Pokemon,อัคคีสีคราม,MA2,เมก้าซาเมฮาเดอร์ ex,Mega Sharpedo ex,065/103,RR,https://asia.pokemon-card.com/th/card-img/th00012507.png
Pokemon,อัคคีสีคราม,MA2,ฮาบูเนค,Seviper,066/103,U,https://asia.pokemon-card.com/th/card-img/th00012508.png
Pokemon,อัคคีสีคราม,MA2,แอบโซล,Absol,067/103,C,https://asia.pokemon-card.com/th/card-img/th00012509.png
Pokemon,อัคคีสีคราม,MA2,เมะกุโรโกะ,Sandile,068/103,C,https://asia.pokemon-card.com/th/card-img/th00012510.png
Pokemon,อัคคีสีคราม,MA2,วารุวิล,Krokorok,069/103,C,https://asia.pokemon-card.com/th/card-img/th00012511.png
Pokemon,อัคคีสีคราม,MA2,วารุเวียล,Krookodile,070/103,U,https://asia.pokemon-card.com/th/card-img/th00012512.png
Pokemon,อัคคีสีคราม,MA2,เอเลซัน,Toxel,071/103,C,https://asia.pokemon-card.com/th/card-img/th00012513.png
Pokemon,อัคคีสีคราม,MA2,สตรินเดอร์,Toxtricity,072/103,R,https://asia.pokemon-card.com/th/card-img/th00012514.png
Pokemon,อัคคีสีคราม,MA2,มุเก็นไดนา,Eternatus,073/103,U,https://asia.pokemon-card.com/th/card-img/th00012515.png
Pokemon,อัคคีสีคราม,MA2,เอ็มเพลท์ ex,Empoleon ex,074/103,RR,https://asia.pokemon-card.com/th/card-img/th00012516.png
Pokemon,อัคคีสีคราม,MA2,โดมิเรอร์,Bronzor,075/103,C,https://asia.pokemon-card.com/th/card-img/th00012517.png
Pokemon,อัคคีสีคราม,MA2,โดทาคุน,Bronzong,076/103,U,https://asia.pokemon-card.com/th/card-img/th00012518.png
Pokemon,อัคคีสีคราม,MA2,โทเกะเดมารุ,Togedemaru,077/103,C,https://asia.pokemon-card.com/th/card-img/th00012519.png
Pokemon,อัคคีสีคราม,MA2,ดิวรัลดอน,Duraludon,078/103,C,https://asia.pokemon-card.com/th/card-img/th00012520.png
Pokemon,อัคคีสีคราม,MA2,บริดิวรัส,Archaludon,079/103,U,https://asia.pokemon-card.com/th/card-img/th00012521.png
Pokemon,อัคคีสีคราม,MA2,พูริน,Jigglypuff,080/103,C,https://asia.pokemon-card.com/th/card-img/th00012522.png
Pokemon,อัคคีสีคราม,MA2,พูคูริน,Wigglytuff,081/103,U,https://asia.pokemon-card.com/th/card-img/th00012523.png
Pokemon,อัคคีสีคราม,MA2,เอย์แพม,Aipom,082/103,C,https://asia.pokemon-card.com/th/card-img/th00012524.png
Pokemon,อัคคีสีคราม,MA2,เอเทโบธ,Ambipom,083/103,R,https://asia.pokemon-card.com/th/card-img/th00012525.png
Pokemon,อัคคีสีคราม,MA2,โดเบิล,Smeargle,084/103,C,https://asia.pokemon-card.com/th/card-img/th00012526.png
Pokemon,อัคคีสีคราม,MA2,จิกุซากุมะ,Zigzagoon,085/103,C,https://asia.pokemon-card.com/th/card-img/th00012527.png
Pokemon,อัคคีสีคราม,MA2,มัสสึกุมะ,Linoone,086/103,U,https://asia.pokemon-card.com/th/card-img/th00012528.png
Pokemon,อัคคีสีคราม,MA2,มิมิโรล,Buneary,087/103,C,https://asia.pokemon-card.com/th/card-img/th00012529.png
Pokemon,อัคคีสีคราม,MA2,เมก้ามิมิล็อป ex,Mega Lopunny ex,088/103,RR,https://asia.pokemon-card.com/th/card-img/th00012530.png
Pokemon,อัคคีสีคราม,MA2,สลับการ์ดพลังงาน,Energy Switch,089/103,U,https://asia.pokemon-card.com/th/card-img/th00012531.png
Pokemon,อัคคีสีคราม,MA2,ไอศกรีมจัมโบ้,Jumbo Ice Cream,090/103,U,https://asia.pokemon-card.com/th/card-img/th00012532.png
Pokemon,อัคคีสีคราม,MA2,ไฮเปอร์บอล,Ultra Ball,091/103,U,https://asia.pokemon-card.com/th/card-img/th00012533.png
Pokemon,อัคคีสีคราม,MA2,ฮีทเบิร์นเนอร์,Blowtorch,092/103,U,https://asia.pokemon-card.com/th/card-img/th00012534.png
Pokemon,อัคคีสีคราม,MA2,ลูกอมประหลาด,Rare Candy,093/103,U,https://asia.pokemon-card.com/th/card-img/th00012535.png
Pokemon,อัคคีสีคราม,MA2,สับเปลี่ยนโปเกมอน,Switch,094/103,U,https://asia.pokemon-card.com/th/card-img/th00012536.png
Pokemon,อัคคีสีคราม,MA2,วันเดอร์แพตช์,Wondrous Patch,095/103,U,https://asia.pokemon-card.com/th/card-img/th00012537.png
Pokemon,อัคคีสีคราม,MA2,เครื่องรางศักดิ์สิทธิ์,Sacred Charm,096/103,U,https://asia.pokemon-card.com/th/card-img/th00012538.png
Pokemon,อัคคีสีคราม,MA2,หมวกนิรภัยพังก์,Punk Helmet,097/103,U,https://asia.pokemon-card.com/th/card-img/th00012539.png
Pokemon,อัคคีสีคราม,MA2,การเดินหมากของกีมะ,Grimsley's Move,098/103,U,https://asia.pokemon-card.com/th/card-img/th00012540.png
Pokemon,อัคคีสีคราม,MA2,ฮิคาริ,Dawn,099/103,U,https://asia.pokemon-card.com/th/card-img/th00012541.png
Pokemon,อัคคีสีคราม,MA2,เจ้าหนุ่มพ่นไฟ,Firebreather,100/103,U,https://asia.pokemon-card.com/th/card-img/th00012542.png
Pokemon,อัคคีสีคราม,MA2,คำสั่งของบอส,Boss's Orders,101/103,R,https://asia.pokemon-card.com/th/card-img/th00012543.png
Pokemon,อัคคีสีคราม,MA2,แบตเทิลโคลอสเซียม,Battle Cage,102/103,U,https://asia.pokemon-card.com/th/card-img/th00012544.png
Pokemon,อัคคีสีคราม,MA2,หุบเขาตาลาย,Dizzying Valley,103/103,U,https://asia.pokemon-card.com/th/card-img/th00012545.png
Pokemon,อัคคีสีคราม,MA2,รุนปัปปา,Ludicolo,104/103,AR,https://asia.pokemon-card.com/th/card-img/th00012579.png
Pokemon,อัคคีสีคราม,MA2,มาเมะบัตตะ,Nymble,105/103,AR,https://asia.pokemon-card.com/th/card-img/th00012580.png
Pokemon,อัคคีสีคราม,MA2,คาร์โบ,Charcadet,106/103,AR,https://asia.pokemon-card.com/th/card-img/th00012581.png
Pokemon,อัคคีสีคราม,MA2,จูกอน,Dewgong,107/103,AR,https://asia.pokemon-card.com/th/card-img/th00012582.png
Pokemon,อัคคีสีคราม,MA2,โพจจามะ,Piplup,108/103,AR,https://asia.pokemon-card.com/th/card-img/th00012583.png
Pokemon,อัคคีสีคราม,MA2,วันปาจิ,Yamper,109/103,AR,https://asia.pokemon-card.com/th/card-img/th00012584.png
Pokemon,อัคคีสีคราม,MA2,เมโลเอตตา,Meloetta,110/103,AR,https://asia.pokemon-card.com/th/card-img/th00012585.png
Pokemon,อัคคีสีคราม,MA2,ซาเชียน,Zacian,111/103,AR,https://asia.pokemon-card.com/th/card-img/th00012586.png
Pokemon,อัคคีสีคราม,MA2,ฟลายกอน,Flygon,112/103,AR,https://asia.pokemon-card.com/th/card-img/th00012587.png
Pokemon,อัคคีสีคราม,MA2,โกสท์,Haunter,113/103,AR,https://asia.pokemon-card.com/th/card-img/th00012588.png
Pokemon,อัคคีสีคราม,MA2,พัลเดีย อูปา,Paldean Wooper,114/103,AR,https://asia.pokemon-card.com/th/card-img/th00012589.png
Pokemon,อัคคีสีคราม,MA2,สตรินเดอร์,Toxtricity,115/103,AR,https://asia.pokemon-card.com/th/card-img/th00012590.png
Pokemon,อัคคีสีคราม,MA2,โทเกะเดมารุ,Togedemaru,116/103,AR,https://asia.pokemon-card.com/th/card-img/th00012591.png
Pokemon,อัคคีสีคราม,MA2,พูคูริน,Wigglytuff,117/103,AR,https://asia.pokemon-card.com/th/card-img/th00012592.png
Pokemon,อัคคีสีคราม,MA2,เนียส,Meowth,118/103,AR,https://asia.pokemon-card.com/th/card-img/th00012593.png
Pokemon,อัคคีสีคราม,MA2,เอเทโบธ,Ambipom,119/103,AR,https://asia.pokemon-card.com/th/card-img/th00012594.png
Pokemon,อัคคีสีคราม,MA2,เมก้าเฮราครอส ex,Mega Heracross ex,120/103,SR,https://asia.pokemon-card.com/th/card-img/th00012595.png
Pokemon,อัคคีสีคราม,MA2,เมก้าลิซาร์ดอน X ex,Mega Charizard X ex,121/103,SR,https://asia.pokemon-card.com/th/card-img/th00012596.png
Pokemon,อัคคีสีคราม,MA2,โอโดริโดริ ex,Oricorio ex,122/103,SR,https://asia.pokemon-card.com/th/card-img/th00012597.png
Pokemon,อัคคีสีคราม,MA2,โรตอม ex,Rotom ex,123/103,SR,https://asia.pokemon-card.com/th/card-img/th00012598.png
Pokemon,อัคคีสีคราม,MA2,มูมาจิ ex,Mismagius ex,124/103,SR,https://asia.pokemon-card.com/th/card-img/th00012599.png
Pokemon,อัคคีสีคราม,MA2,เมก้าซาเมฮาเดอร์ ex,Mega Sharpedo ex,125/103,SR,https://asia.pokemon-card.com/th/card-img/th00012600.png
Pokemon,อัคคีสีคราม,MA2,เอ็มเพลท์ ex,Empoleon ex,126/103,SR,https://asia.pokemon-card.com/th/card-img/th00012601.png
Pokemon,อัคคีสีคราม,MA2,เมก้ามิมิล็อป ex,Mega Lopunny ex,127/103,SR,https://asia.pokemon-card.com/th/card-img/th00012602.png
Pokemon,อัคคีสีคราม,MA2,ฮีทเบิร์นเนอร์,Blowtorch,128/103,SR,https://asia.pokemon-card.com/th/card-img/th00012603.png
Pokemon,อัคคีสีคราม,MA2,สับเปลี่ยนโปเกมอน,Switch,129/103,SR,https://asia.pokemon-card.com/th/card-img/th00012604.png
Pokemon,อัคคีสีคราม,MA2,เครื่องรางศักดิ์สิทธิ์,Sacred Charm,130/103,SR,https://asia.pokemon-card.com/th/card-img/th00012605.png
Pokemon,อัคคีสีคราม,MA2,หมวกนิรภัยพังก์,Punk Helmet,131/103,SR,https://asia.pokemon-card.com/th/card-img/th00012606.png
Pokemon,อัคคีสีคราม,MA2,การเดินหมากของกีมะ,Grimsley's Move,132/103,SR,https://asia.pokemon-card.com/th/card-img/th00012607.png
Pokemon,อัคคีสีคราม,MA2,ฮิคาริ,Dawn,133/103,SR,https://asia.pokemon-card.com/th/card-img/th00012608.png
Pokemon,อัคคีสีคราม,MA2,เจ้าหนุ่มพ่นไฟ,Firebreather,134/103,SR,https://asia.pokemon-card.com/th/card-img/th00012609.png
Pokemon,อัคคีสีคราม,MA2,แบตเทิลโคลอสเซียม,Battle Cage,135/103,SR,https://asia.pokemon-card.com/th/card-img/th00012610.png
Pokemon,อัคคีสีคราม,MA2,พลังงานจุดระเบิด,Ignition Energy,136/103,SR,https://asia.pokemon-card.com/th/card-img/th00012611.png
Pokemon,อัคคีสีคราม,MA2,เมก้าลิซาร์ดอน X ex,Mega Charizard X ex,137/103,SAR,https://asia.pokemon-card.com/th/card-img/th00012612.png
Pokemon,อัคคีสีคราม,MA2,โฮโดริโดริ ex,Oricorio ex,138/103,SAR,https://asia.pokemon-card.com/th/card-img/th00012613.png
Pokemon,อัคคีสีคราม,MA2,โรตอม ex,Rotom ex,139/103,SAR,https://asia.pokemon-card.com/th/card-img/th00012614.png
Pokemon,อัคคีสีคราม,MA2,เมก้าซาเมฮาเดอร์ ex,Mega Sharpedo ex,140/103,SAR,https://asia.pokemon-card.com/th/card-img/th00012615.png
Pokemon,อัคคีสีคราม,MA2,เมก้ามิมิล็อป ex,Mega Lopunny ex,141/103,SAR,https://asia.pokemon-card.com/th/card-img/th00012616.png
Pokemon,อัคคีสีคราม,MA2,ฮิคาริ,Dawn,142/103,SAR,https://asia.pokemon-card.com/th/card-img/th00012617.png
Pokemon,อัคคีสีคราม,MA2,เมก้าลิซาร์ดอน X ex,Mega Charizard X ex,143/103,MUR,https://asia.pokemon-card.com/th/card-img/th00012618.png
Pokemon,วัฒนาการเมก้า,MA1,ฟุชิกิดาเนะ,Bulbasaur,001/126,C,https://asia.pokemon-card.com/th/card-img/th00012086.png
Pokemon,วัฒนาการเมก้า,MA1,ฟุชิกิโซ,Ivysaur,002/126,C,https://asia.pokemon-card.com/th/card-img/th00012087.png
Pokemon,วัฒนาการเมก้า,MA1,เมก้าฟุชิกิบานะ ex,Mega Venusaur ex,003/126,RR,https://asia.pokemon-card.com/th/card-img/th00012088.png
Pokemon,วัฒนาการเมก้า,MA1,ทามะทามะ,Exeggcute,004/126,C,https://asia.pokemon-card.com/th/card-img/th00012089.png
Pokemon,วัฒนาการเมก้า,MA1,นัชชี,Exeggutor,005/126,U,https://asia.pokemon-card.com/th/card-img/th00012090.png
Pokemon,วัฒนาการเมก้า,MA1,มอนจารา,Tangela,006/126,C,https://asia.pokemon-card.com/th/card-img/th00012091.png
Pokemon,วัฒนาการเมก้า,MA1,โมจัมโบ,Tangrowth,007/126,U,https://asia.pokemon-card.com/th/card-img/th00012092.png
Pokemon,วัฒนาการเมก้า,MA1,จิโคริตา,Chikorita,008/126,C,https://asia.pokemon-card.com/th/card-img/th00012093.png
Pokemon,วัฒนาการเมก้า,MA1,เบย์ลีฟ,Bayleef,009/126,C,https://asia.pokemon-card.com/th/card-img/th00012094.png
Pokemon,วัฒนาการเมก้า,MA1,เมกาเนียม,Meganium,010/126,R,https://asia.pokemon-card.com/th/card-img/th00012095.png
Pokemon,วัฒนาการเมก้า,MA1,สึโบสึโบะ,Shuckle,011/126,U,https://asia.pokemon-card.com/th/card-img/th00012096.png
Pokemon,วัฒนาการเมก้า,MA1,เซเลบี,Celebi,012/126,U,https://asia.pokemon-card.com/th/card-img/th00012097.png
Pokemon,วัฒนาการเมก้า,MA1,ทาเนโบ,Seedot,013/126,C,https://asia.pokemon-card.com/th/card-img/th00012098.png
Pokemon,วัฒนาการเมก้า,MA1,โคโนฮานะ,Nuzleaf,014/126,C,https://asia.pokemon-card.com/th/card-img/th00012099.png
Pokemon,วัฒนาการเมก้า,MA1,ดาเทนกุ,Shiftry,015/126,U,https://asia.pokemon-card.com/th/card-img/th00012100.png
Pokemon,วัฒนาการเมก้า,MA1,สึจินิน,Nincada,016/126,C,https://asia.pokemon-card.com/th/card-img/th00012101.png
Pokemon,วัฒนาการเมก้า,MA1,เท็คคานิน,Ninjask,017/126,U,https://asia.pokemon-card.com/th/card-img/th00012102.png
Pokemon,วัฒนาการเมก้า,MA1,ดาดาริน,Dhelmise,018/126,C,https://asia.pokemon-card.com/th/card-img/th00012103.png
Pokemon,วัฒนาการเมก้า,MA1,โรคอน,Vulpix,019/126,C,https://asia.pokemon-card.com/th/card-img/th00012104.png
Pokemon,วัฒนาการเมก้า,MA1,คิวคอน,Ninetales,020/126,U,https://asia.pokemon-card.com/th/card-img/th00012105.png
Pokemon,วัฒนาการเมก้า,MA1,ดอนเมล,Numel,021/126,C,https://asia.pokemon-card.com/th/card-img/th00012106.png
Pokemon,วัฒนาการเมก้า,MA1,เมก้าบาคูดา ex,Mega Camerupt ex,022/126,RR,https://asia.pokemon-card.com/th/card-img/th00012107.png
Pokemon,วัฒนาการเมก้า,MA1,ชิชิโกะ,Litleo,023/126,C,https://asia.pokemon-card.com/th/card-img/th00012108.png
Pokemon,วัฒนาการเมก้า,MA1,คาเอ็นจิชิ,Pyroar,024/126,U,https://asia.pokemon-card.com/th/card-img/th00012109.png
Pokemon,วัฒนาการเมก้า,MA1,โวลเคเนียน,Volcanion,025/126,U,https://asia.pokemon-card.com/th/card-img/th00012110.png
Pokemon,วัฒนาการเมก้า,MA1,ฮิบานี,Scorbunny,026/126,C,https://asia.pokemon-card.com/th/card-img/th00012111.png
Pokemon,วัฒนาการเมก้า,MA1,แรบบิฟุต,Raboot,027/126,C,https://asia.pokemon-card.com/th/card-img/th00012112.png
Pokemon,วัฒนาการเมก้า,MA1,เอสเบิร์น,Cinderace,028/126,R,https://asia.pokemon-card.com/th/card-img/th00012113.png
Pokemon,วัฒนาการเมก้า,MA1,ยาคุเดะ,Sizzlipede,029/126,C,https://asia.pokemon-card.com/th/card-img/th00012114.png
Pokemon,วัฒนาการเมก้า,MA1,มารุยาคุเดะ,Centiskorch,030/126,U,https://asia.pokemon-card.com/th/card-img/th00012115.png
Pokemon,วัฒนาการเมก้า,MA1,อวี้อวี๋,Chi-Yu,031/126,U,https://asia.pokemon-card.com/th/card-img/th00012116.png
Pokemon,วัฒนาการเมก้า,MA1,แมนไทน์,Mantine,032/126,C,https://asia.pokemon-card.com/th/card-img/th00012117.png
Pokemon,วัฒนาการเมก้า,MA1,เฮกานิ,Corphish,033/126,C,https://asia.pokemon-card.com/th/card-img/th00012118.png
Pokemon,วัฒนาการเมก้า,MA1,ไคออกา,Kyogre,034/126,R,https://asia.pokemon-card.com/th/card-img/th00012119.png
Pokemon,วัฒนาการเมก้า,MA1,ยูกิคาบูริ,Snover,035/126,C,https://asia.pokemon-card.com/th/card-img/th00012120.png
Pokemon,วัฒนาการเมก้า,MA1,เมก้ายูกิโนะโอ ex,Mega Abomasnow ex,036/126,RR,https://asia.pokemon-card.com/th/card-img/th00012121.png
Pokemon,วัฒนาการเมก้า,MA1,อุเด็ปโป,Clauncher,037/126,C,https://asia.pokemon-card.com/th/card-img/th00012122.png
Pokemon,วัฒนาการเมก้า,MA1,บลอสเตอร์,Clawitzer,038/126,R,https://asia.pokemon-card.com/th/card-img/th00012123.png
Pokemon,วัฒนาการเมก้า,MA1,เมซซอน,Sobble,039/126,C,https://asia.pokemon-card.com/th/card-img/th00012124.png
Pokemon,วัฒนาการเมก้า,MA1,จิเมเลียน,Drizzile,040/126,C,https://asia.pokemon-card.com/th/card-img/th00012125.png
Pokemon,วัฒนาการเมก้า,MA1,อินเทเลียน,Inteleon,041/126,U,https://asia.pokemon-card.com/th/card-img/th00012126.png
Pokemon,วัฒนาการเมก้า,MA1,ยูกิฮามิ,Snom,042/126,C,https://asia.pokemon-card.com/th/card-img/th00012127.png
Pokemon,วัฒนาการเมก้า,MA1,มอสโนว์,Frosmoth,043/126,U,https://asia.pokemon-card.com/th/card-img/th00012128.png
Pokemon,วัฒนาการเมก้า,MA1,โคโอริปโปะ,Eiscue,044/126,C,https://asia.pokemon-card.com/th/card-img/th00012129.png
Pokemon,วัฒนาการเมก้า,MA1,คอยล์,Magnemite,045/126,C,https://asia.pokemon-card.com/th/card-img/th00012130.png
Pokemon,วัฒนาการเมก้า,MA1,แรคอยล์,Magneton,046/126,C,https://asia.pokemon-card.com/th/card-img/th00012131.png
Pokemon,วัฒนาการเมก้า,MA1,จิบะคอยล์,Magnezone,047/126,U,https://asia.pokemon-card.com/th/card-img/th00012132.png
Pokemon,วัฒนาการเมก้า,MA1,ไรโค,Raikou,048/126,R,https://asia.pokemon-card.com/th/card-img/th00012133.png
Pokemon,วัฒนาการเมก้า,MA1,ราคุไร,Electrike,049/126,C,https://asia.pokemon-card.com/th/card-img/th00012134.png
Pokemon,วัฒนาการเมก้า,MA1,เมก้าไลโวลต์ ex,Mega Manectric ex,050/126,RR,https://asia.pokemon-card.com/th/card-img/th00012135.png
Pokemon,วัฒนาการเมก้า,MA1,พาจิริซึ,Pachirisu,051/126,C,https://asia.pokemon-card.com/th/card-img/th00012136.png
Pokemon,วัฒนาการเมก้า,MA1,เอลิคิเทล,Helioptile,052/126,C,https://asia.pokemon-card.com/th/card-img/th00012137.png
Pokemon,วัฒนาการเมก้า,MA1,เอเลซาร์ด,Heliolisk,053/126,C,https://asia.pokemon-card.com/th/card-img/th00012138.png
Pokemon,วัฒนาการเมก้า,MA1,เคซี,Abra,054/126,C,https://asia.pokemon-card.com/th/card-img/th00012139.png
Pokemon,วัฒนาการเมก้า,MA1,ยุนเกเรอร์,Kadabra,055/126,U,https://asia.pokemon-card.com/th/card-img/th00012140.png
Pokemon,วัฒนาการเมก้า,MA1,ฟูดิน,Alakazam,056/126,R,https://asia.pokemon-card.com/th/card-img/th00012141.png
Pokemon,วัฒนาการเมก้า,MA1,รูจูลา,Jynx,057/126,C,https://asia.pokemon-card.com/th/card-img/th00012142.png
Pokemon,วัฒนาการเมก้า,MA1,ราลทซ์,Ralts,058/126,C,https://asia.pokemon-card.com/th/card-img/th00012143.png
Pokemon,วัฒนาการเมก้า,MA1,เคอเรีย,Kirlia,059/126,C,https://asia.pokemon-card.com/th/card-img/th00012144.png
Pokemon,วัฒนาการเมก้า,MA1,เมก้าเซอไนท์ ex,Mega Gardevoir ex,060/126,RR,https://asia.pokemon-card.com/th/card-img/th00012145.png
Pokemon,วัฒนาการเมก้า,MA1,นูเคนิน,Shedinja,061/126,U,https://asia.pokemon-card.com/th/card-img/th00012146.png
Pokemon,วัฒนาการเมก้า,MA1,บาเนบู,Spoink,062/126,C,https://asia.pokemon-card.com/th/card-img/th00012147.png
Pokemon,วัฒนาการเมก้า,MA1,บูพิก,Grumpig,063/126,U,https://asia.pokemon-card.com/th/card-img/th00012148.png
Pokemon,วัฒนาการเมก้า,MA1,เซอเนียส,Xerneas,064/126,R,https://asia.pokemon-card.com/th/card-img/th00012149.png
Pokemon,วัฒนาการเมก้า,MA1,โบจิ,Greavard,065/126,C,https://asia.pokemon-card.com/th/card-img/th00012150.png
Pokemon,วัฒนาการเมก้า,MA1,ฮากาด็อก,Houndstone,066/126,U,https://asia.pokemon-card.com/th/card-img/th00012151.png
Pokemon,วัฒนาการเมก้า,MA1,คอลเลคเรย์,Gimmighoul,067/126,C,https://asia.pokemon-card.com/th/card-img/th00012152.png
Pokemon,วัฒนาการเมก้า,MA1,แซนด์,Sandshrew,068/126,C,https://asia.pokemon-card.com/th/card-img/th00012153.png
Pokemon,วัฒนาการเมก้า,MA1,แซนด์แพน,Sandslash,069/126,C,https://asia.pokemon-card.com/th/card-img/th00012154.png
Pokemon,วัฒนาการเมก้า,MA1,อิวาร์ค,Onix,070/126,C,https://asia.pokemon-card.com/th/card-img/th00012155.png
Pokemon,วัฒนาการเมก้า,MA1,บัลกี,Tyrogue,071/126,C,https://asia.pokemon-card.com/th/card-img/th00012156.png
Pokemon,วัฒนาการเมก้า,MA1,มาคุโนชิตะ,Makuhita,072/126,C,https://asia.pokemon-card.com/th/card-img/th00012157.png
Pokemon,วัฒนาการเมก้า,MA1,ฮาริเทยามะ,Hariyama,073/126,R,https://asia.pokemon-card.com/th/card-img/th00012158.png
Pokemon,วัฒนาการเมก้า,MA1,ลูนาโทน,Lunatone,074/126,R,https://asia.pokemon-card.com/th/card-img/th00012159.png
Pokemon,วัฒนาการเมก้า,MA1,โซลร็อก,Solrock,075/126,U,https://asia.pokemon-card.com/th/card-img/th00012160.png
Pokemon,วัฒนาการเมก้า,MA1,ริโอลุ,Riolu,076/126,C,https://asia.pokemon-card.com/th/card-img/th00012161.png
Pokemon,วัฒนาการเมก้า,MA1,เมก้าลูคาริโอ ex,Mega Lucario ex,077/126,RR,https://asia.pokemon-card.com/th/card-img/th00012162.png
Pokemon,วัฒนาการเมก้า,MA1,กูเรกกรู,Croagunk,078/126,C,https://asia.pokemon-card.com/th/card-img/th00012163.png
Pokemon,วัฒนาการเมก้า,MA1,โดคูร็อก,Toxicroak,079/126,C,https://asia.pokemon-card.com/th/card-img/th00012164.png
Pokemon,วัฒนาการเมก้า,MA1,มาร์ชาโดว์,Marshadow,080/126,U,https://asia.pokemon-card.com/th/card-img/th00012165.png
Pokemon,วัฒนาการเมก้า,MA1,อิชิเฮนจิน,Stonjourner,081/126,U,https://asia.pokemon-card.com/th/card-img/th00012166.png
Pokemon,วัฒนาการเมก้า,MA1,โคจีโอ,Nacli,082/126,C,https://asia.pokemon-card.com/th/card-img/th00012167.png
Pokemon,วัฒนาการเมก้า,MA1,จีโอซึมู,Naclstack,083/126,C,https://asia.pokemon-card.com/th/card-img/th00012168.png
Pokemon,วัฒนาการเมก้า,MA1,เคียวจีโอน,Garganacl,084/126,U,https://asia.pokemon-card.com/th/card-img/th00012169.png
Pokemon,วัฒนาการเมก้า,MA1,ชิซาริเกอร์,Crawdaunt,085/126,U,https://asia.pokemon-card.com/th/card-img/th00012170.png
Pokemon,วัฒนาการเมก้า,MA1,เมก้าแอบโซล ex,Mega Absol ex,086/126,RR,https://asia.pokemon-card.com/th/card-img/th00012171.png
Pokemon,วัฒนาการเมก้า,MA1,มิคารูเกะ,Spiritomb,087/126,U,https://asia.pokemon-card.com/th/card-img/th00012172.png
Pokemon,วัฒนาการเมก้า,MA1,อีเวลทอล,Yveltal,088/126,R,https://asia.pokemon-card.com/th/card-img/th00012173.png
Pokemon,วัฒนาการเมก้า,MA1,คุสุเนะ,Nickit,089/126,C,https://asia.pokemon-card.com/th/card-img/th00012174.png
Pokemon,วัฒนาการเมก้า,MA1,ฟ็อกสไล,Thievul,090/126,C,https://asia.pokemon-card.com/th/card-img/th00012175.png
Pokemon,วัฒนาการเมก้า,MA1,ชิรุชูลู,Shroodle,091/126,C,https://asia.pokemon-card.com/th/card-img/th00012176.png
Pokemon,วัฒนาการเมก้า,MA1,ทากิงกูลู,Grafaiai,092/126,C,https://asia.pokemon-card.com/th/card-img/th00012177.png
Pokemon,วัฒนาการเมก้า,MA1,ฮากาเนล,Steelix,093/126,R,https://asia.pokemon-card.com/th/card-img/th00012178.png
Pokemon,วัฒนาการเมก้า,MA1,เมก้าคูชีท ex,Mega Mawile ex,094/126,RR,https://asia.pokemon-card.com/th/card-img/th00012179.png
Pokemon,วัฒนาการเมก้า,MA1,ดีอัลกา,Dialga,095/126,R,https://asia.pokemon-card.com/th/card-img/th00012180.png
Pokemon,วัฒนาการเมก้า,MA1,คานุจัง,Tinkatink,096/126,C,https://asia.pokemon-card.com/th/card-img/th00012181.png
Pokemon,วัฒนาการเมก้า,MA1,นาคานุจัง,Tinkatuff,097/126,C,https://asia.pokemon-card.com/th/card-img/th00012182.png
Pokemon,วัฒนาการเมก้า,MA1,เดคานุจัง,Tinkaton,098/126,U,https://asia.pokemon-card.com/th/card-img/th00012183.png
Pokemon,วัฒนาการเมก้า,MA1,ซาร์ฟโก,Gholdengo,099/126,U,https://asia.pokemon-card.com/th/card-img/th00012184.png
Pokemon,วัฒนาการเมก้า,MA1,เมก้าลาทิอาส ex,Mega Latias ex,100/126,RR,https://asia.pokemon-card.com/th/card-img/th00012185.png
Pokemon,วัฒนาการเมก้า,MA1,ลาทิโอส,Latios,101/126,U,https://asia.pokemon-card.com/th/card-img/th00012186.png
Pokemon,วัฒนาการเมก้า,MA1,โอนิสึซึเมะ,Spearow,102/126,C,https://asia.pokemon-card.com/th/card-img/th00012187.png
Pokemon,วัฒนาการเมก้า,MA1,โอนิดริล,Fearow,103/126,C,https://asia.pokemon-card.com/th/card-img/th00012188.png
Pokemon,วัฒนาการเมก้า,MA1,เมก้าการูรา ex,Mega Kangaskhan ex,104/126,RR,https://asia.pokemon-card.com/th/card-img/th00012189.png
Pokemon,วัฒนาการเมก้า,MA1,เดลิเบิร์ด,Delibird,105/126,C,https://asia.pokemon-card.com/th/card-img/th00012190.png
Pokemon,วัฒนาการเมก้า,MA1,มิลแทงค์,Miltank,106/126,C,https://asia.pokemon-card.com/th/card-img/th00012191.png
Pokemon,วัฒนาการเมก้า,MA1,มิมิโรล,Buneary,107/126,C,https://asia.pokemon-card.com/th/card-img/th00012192.png
Pokemon,วัฒนาการเมก้า,MA1,มิมิล็อป,Lopunny,108/126,C,https://asia.pokemon-card.com/th/card-img/th00012193.png
Pokemon,วัฒนาการเมก้า,MA1,ยังกูส,Yungoos,109/126,C,https://asia.pokemon-card.com/th/card-img/th00012194.png
Pokemon,วัฒนาการเมก้า,MA1,เดคากูส,Gumshoos,110/126,U,https://asia.pokemon-card.com/th/card-img/th00012195.png
Pokemon,วัฒนาการเมก้า,MA1,นุยโคกุมะ,Stufful,111/126,C,https://asia.pokemon-card.com/th/card-img/th00012196.png
Pokemon,วัฒนาการเมก้า,MA1,คิเทรุกุมะ,Bewear,112/126,C,https://asia.pokemon-card.com/th/card-img/th00012197.png
Pokemon,วัฒนาการเมก้า,MA1,ไอออนเพิ่มพลังป้องกัน,Iron Defender,113/126,U,https://asia.pokemon-card.com/th/card-img/th00012198.png
Pokemon,วัฒนาการเมก้า,MA1,นาฬิกาประหลาด,Strange Timepiece,114/126,U,https://asia.pokemon-card.com/th/card-img/th00012199.png
Pokemon,วัฒนาการเมก้า,MA1,พาวเวอร์โปรตีน,Premium Power Pro,115/126,U,https://asia.pokemon-card.com/th/card-img/th00012200.png
Pokemon,วัฒนาการเมก้า,MA1,ฆ้องต่อสู้,Fighting Gong,116/126,U,https://asia.pokemon-card.com/th/card-img/th00012201.png
Pokemon,วัฒนาการเมก้า,MA1,สเปรย์กันแมลง,Repel,117/126,U,https://asia.pokemon-card.com/th/card-img/th00012202.png
Pokemon,วัฒนาการเมก้า,MA1,เมก้าซิกแนล,Mega Signal,118/126,U,https://asia.pokemon-card.com/th/card-img/th00012203.png
Pokemon,วัฒนาการเมก้า,MA1,ความซุกซนของอเซโรลา,Acerola's Mischief,119/126,U,https://asia.pokemon-card.com/th/card-img/th00012204.png
Pokemon,วัฒนาการเมก้า,MA1,การแลกเปลี่ยนของแมททิส,Lt. Surge's Bargain,120/126,U,https://asia.pokemon-card.com/th/card-img/th00012205.png
Pokemon,วัฒนาการเมก้า,MA1,ความอาทรของมิตสึรุ,Wally's Compassion,121/126,U,https://asia.pokemon-card.com/th/card-img/th00012206.png
Pokemon,วัฒนาการเมก้า,MA1,ปณิธานของลิเลีย,Lillie's Determination,122/126,U,https://asia.pokemon-card.com/th/card-img/th00012207.png
Pokemon,วัฒนาการเมก้า,MA1,ซากปรักอันตราย,Risky Ruins,123/126,U,https://asia.pokemon-card.com/th/card-img/th00012208.png
Pokemon,วัฒนาการเมก้า,MA1,ป่าเปี่ยมพลัง,Forest of Vitality,124/126,U,https://asia.pokemon-card.com/th/card-img/th00012209.png
Pokemon,วัฒนาการเมก้า,MA1,ชายหาดโต้คลื่น,Surfing Beach,125/126,U,https://asia.pokemon-card.com/th/card-img/th00012210.png
Pokemon,วัฒนาการเมก้า,MA1,มิสเทรีการ์เด้น,Mystery Garden,126/126,U,https://asia.pokemon-card.com/th/card-img/th00012211.png
Pokemon,วัฒนาการเมก้า,MA1,ฟุชิกิดาเนะ,Bulbasaur,127/126,AR,https://asia.pokemon-card.com/th/card-img/th00012341.png
Pokemon,วัฒนาการเมก้า,MA1,ฟุชิกิโซ,Ivysaur,128/126,AR,https://asia.pokemon-card.com/th/card-img/th00012342.png
Pokemon,วัฒนาการเมก้า,MA1,นัชชี,Exeggutor,129/126,AR,https://asia.pokemon-card.com/th/card-img/th00012343.png
Pokemon,วัฒนาการเมก้า,MA1,สึโบสึโบะ,Shuckle,130/126,AR,https://asia.pokemon-card.com/th/card-img/th00012344.png
Pokemon,วัฒนาการเมก้า,MA1,เท็คคานิน,Ninjask,131/126,AR,https://asia.pokemon-card.com/th/card-img/th00012345.png
Pokemon,วัฒนาการเมก้า,MA1,โรคอน,Vulpix,132/126,AR,https://asia.pokemon-card.com/th/card-img/th00012346.png
Pokemon,วัฒนาการเมก้า,MA1,ชิชิโกะ,Litleo,133/126,AR,https://asia.pokemon-card.com/th/card-img/th00012347.png
Pokemon,วัฒนาการเมก้า,MA1,ยูกิคาบูริ,Snover,134/126,AR,https://asia.pokemon-card.com/th/card-img/th00012348.png
Pokemon,วัฒนาการเมก้า,MA1,บลอสเตอร์,Clawitzer,135/126,AR,https://asia.pokemon-card.com/th/card-img/th00012349.png
Pokemon,วัฒนาการเมก้า,MA1,อินเทเลียน,Inteleon,136/126,AR,https://asia.pokemon-card.com/th/card-img/th00012350.png
Pokemon,วัฒนาการเมก้า,MA1,เอลิคิเทล,Helioptile,137/126,AR,https://asia.pokemon-card.com/th/card-img/th00012351.png
Pokemon,วัฒนาการเมก้า,MA1,ฟูดิน,Alakazam,138/126,AR,https://asia.pokemon-card.com/th/card-img/th00012352.png
Pokemon,วัฒนาการเมก้า,MA1,นูเคนิน,Shedinja,139/126,AR,https://asia.pokemon-card.com/th/card-img/th00012353.png
Pokemon,วัฒนาการเมก้า,MA1,ฮากาด็อก,Houndstone,140/126,AR,https://asia.pokemon-card.com/th/card-img/th00012354.png
Pokemon,วัฒนาการเมก้า,MA1,ริโอลุ,Riolu,141/126,AR,https://asia.pokemon-card.com/th/card-img/th00012355.png
Pokemon,วัฒนาการเมก้า,MA1,มาร์ชาโดว์,Marshadow,142/126,AR,https://asia.pokemon-card.com/th/card-img/th00012356.png
Pokemon,วัฒนาการเมก้า,MA1,เคียวจีโอน,Garganacl,143/126,AR,https://asia.pokemon-card.com/th/card-img/th00012357.png
Pokemon,วัฒนาการเมก้า,MA1,มิคารูเกะ,Spiritomb,144/126,AR,https://asia.pokemon-card.com/th/card-img/th00012358.png
Pokemon,วัฒนาการเมก้า,MA1,ชิรุชูลู,Shroodle,145/126,AR,https://asia.pokemon-card.com/th/card-img/th00012359.png
Pokemon,วัฒนาการเมก้า,MA1,ฮากาเนล,Steelix,146/126,AR,https://asia.pokemon-card.com/th/card-img/th00012360.png
Pokemon,วัฒนาการเมก้า,MA1,โอนิสึซึเมะ,Spearow,147/126,AR,https://asia.pokemon-card.com/th/card-img/th00012361.png
Pokemon,วัฒนาการเมก้า,MA1,เดลิเบิร์ด,Delibird,148/126,AR,https://asia.pokemon-card.com/th/card-img/th00012362.png
Pokemon,วัฒนาการเมก้า,MA1,เดคากูส,Gumshoos,149/126,AR,https://asia.pokemon-card.com/th/card-img/th00012363.png
Pokemon,วัฒนาการเมก้า,MA1,นุยโคกุมะ,Stufful,150/126,AR,https://asia.pokemon-card.com/th/card-img/th00012364.png
Pokemon,วัฒนาการเมก้า,MA1,เมก้าฟุชิกิบานะ ex,Mega Venusaur ex,151/126,SR,https://asia.pokemon-card.com/th/card-img/th00012365.png
Pokemon,วัฒนาการเมก้า,MA1,เมก้าบาคูดา ex,Mega Camerupt ex,152/126,SR,https://asia.pokemon-card.com/th/card-img/th00012366.png
Pokemon,วัฒนาการเมก้า,MA1,เมก้ายูกิโนะโอ ex,Mega Abomasnow ex,153/126,SR,https://asia.pokemon-card.com/th/card-img/th00012367.png
Pokemon,วัฒนาการเมก้า,MA1,เมก้าไลโวลต์ ex,Mega Manectric ex,154/126,SR,https://asia.pokemon-card.com/th/card-img/th00012368.png
Pokemon,วัฒนาการเมก้า,MA1,เมก้าเซอไนท์ ex,Mega Gardevoir ex,155/126,SR,https://asia.pokemon-card.com/th/card-img/th00012369.png
Pokemon,วัฒนาการเมก้า,MA1,เมก้าลูคาริโอ ex,Mega Lucario ex,156/126,SR,https://asia.pokemon-card.com/th/card-img/th00012370.png
Pokemon,วัฒนาการเมก้า,MA1,เมก้าแอบโซล ex,Mega Absol ex,157/126,SR,https://asia.pokemon-card.com/th/card-img/th00012371.png
Pokemon,วัฒนาการเมก้า,MA1,เมก้าคูชีท ex,Mega Mawile ex,158/126,SR,https://asia.pokemon-card.com/th/card-img/th00012372.png
Pokemon,วัฒนาการเมก้า,MA1,เมก้าลาทิอาส ex,Mega Latias ex,159/126,SR,https://asia.pokemon-card.com/th/card-img/th00012373.png
Pokemon,วัฒนาการเมก้า,MA1,เมก้าการูรา ex,Mega Kangaskhan ex,160/126,SR,https://asia.pokemon-card.com/th/card-img/th00012374.png
Pokemon,วัฒนาการเมก้า,MA1,โปฟฟินมิตรภาพ,Buddy-Buddy Poffin,161/126,SR,https://asia.pokemon-card.com/th/card-img/th00012375.png
Pokemon,วัฒนาการเมก้า,MA1,พาวเวอร์โปรตีน,Premium Power Pro,162/126,SR,https://asia.pokemon-card.com/th/card-img/th00012376.png
Pokemon,วัฒนาการเมก้า,MA1,ฆ้องต่อสู้,Fighting Gong,163/126,SR,https://asia.pokemon-card.com/th/card-img/th00012377.png
Pokemon,วัฒนาการเมก้า,MA1,ลูกอมประหลาด,Rare Candy,164/126,SR,https://asia.pokemon-card.com/th/card-img/th00012378.png
Pokemon,วัฒนาการเมก้า,MA1,เมก้าซิกแนล,Mega Signal,165/126,SR,https://asia.pokemon-card.com/th/card-img/th00012379.png
Pokemon,วัฒนาการเมก้า,MA1,เปลหามยามราตรี,Night Stretcher,166/126,SR,https://asia.pokemon-card.com/th/card-img/th00012380.png
Pokemon,วัฒนาการเมก้า,MA1,ลูกโป่ง,Air Balloon,167/126,SR,https://asia.pokemon-card.com/th/card-img/th00012381.png
Pokemon,วัฒนาการเมก้า,MA1,ความซุกซนของอเซโรลา,Acerola's Mischief,168/126,SR,https://asia.pokemon-card.com/th/card-img/th00012382.png
Pokemon,วัฒนาการเมก้า,MA1,การแลกเปลี่ยนของแมททิส,Lt. Surge's Bargain,169/126,SR,https://asia.pokemon-card.com/th/card-img/th00012383.png
Pokemon,วัฒนาการเมก้า,MA1,ความอาทรของมิตสึรุ,Wally's Compassion,170/126,SR,https://asia.pokemon-card.com/th/card-img/th00012384.png
Pokemon,วัฒนาการเมก้า,MA1,ปณิธานของลิเลีย,Lillie's Determination,171/126,SR,https://asia.pokemon-card.com/th/card-img/th00012385.png
Pokemon,วัฒนาการเมก้า,MA1,มิสเทรีการ์เด้น,Mystery Garden,172/126,SR,https://asia.pokemon-card.com/th/card-img/th00012386.png
Pokemon,วัฒนาการเมก้า,MA1,เมก้าฟุชิกิบานะ ex,Mega Venusaur ex,173/126,SAR,https://asia.pokemon-card.com/th/card-img/th00012387.png
Pokemon,วัฒนาการเมก้า,MA1,เมก้าเซอไนท์ ex,Mega Gardevoir ex,174/126,SAR,https://asia.pokemon-card.com/th/card-img/th00012388.png
Pokemon,วัฒนาการเมก้า,MA1,เมก้าลูคาริโอ ex,Mega Lucario ex,175/126,SAR,https://asia.pokemon-card.com/th/card-img/th00012389.png
Pokemon,วัฒนาการเมก้า,MA1,เมก้าแอบโซล ex,Mega Absol ex,176/126,SAR,https://asia.pokemon-card.com/th/card-img/th00012390.png
Pokemon,วัฒนาการเมก้า,MA1,เมก้าลาทิอาส ex,Mega Latias ex,177/126,SAR,https://asia.pokemon-card.com/th/card-img/th00012391.png
Pokemon,วัฒนาการเมก้า,MA1,เมก้าการูรา ex,Mega Kangaskhan ex,178/126,SAR,https://asia.pokemon-card.com/th/card-img/th00012392.png
Pokemon,วัฒนาการเมก้า,MA1,ความซุกซนของอเซโรลา,Acerola's Mischief,179/126,SAR,https://asia.pokemon-card.com/th/card-img/th00012393.png
Pokemon,วัฒนาการเมก้า,MA1,การแลกเปลี่ยนของแมททิส,Lt. Surge's Bargain,180/126,SAR,https://asia.pokemon-card.com/th/card-img/th00012394.png
Pokemon,วัฒนาการเมก้า,MA1,ความอาทรของมิตสึรุ,Wally's Compassion,181/126,SAR,https://asia.pokemon-card.com/th/card-img/th00012395.png
Pokemon,วัฒนาการเมก้า,MA1,ปณิธานของลิเลีย,Lillie's Determination,182/126,SAR,https://asia.pokemon-card.com/th/card-img/th00012396.png
Pokemon,วัฒนาการเมก้า,MA1,เมก้าเซอไนท์ ex,Mega Gardevoir ex,183/126,MUR,https://asia.pokemon-card.com/th/card-img/th00012399.png
Pokemon,วัฒนาการเมก้า,MA1,เมก้าลูคาริโอ ex,Mega Lucario ex,184/126,MUR,https://asia.pokemon-card.com/th/card-img/th00012400.png
Pokemon,แบล็ก & ไวท์,SV11s,สึทาจะ,Snivy,001/172,C,https://asia.pokemon-card.com/th/card-img/th00011435.png
Pokemon,แบล็ก & ไวท์,SV11s,จาโนวี,Servine,002/172,C,https://asia.pokemon-card.com/th/card-img/th00011436.png
Pokemon,แบล็ก & ไวท์,SV11s,จาโลดา ex,Serperior ex,003/172,RR,https://asia.pokemon-card.com/th/card-img/th00011437.png
Pokemon,แบล็ก & ไวท์,SV11s,ยานัปปุ,Pansage,004/172,C,https://asia.pokemon-card.com/th/card-img/th00011438.png
Pokemon,แบล็ก & ไวท์,SV11s,ยานักกี,Simisage,005/172,U,https://asia.pokemon-card.com/th/card-img/th00011439.png
Pokemon,แบล็ก & ไวท์,SV11s,คูรูมีรุ,Sewaddle,006/172,C,https://asia.pokemon-card.com/th/card-img/th00011440.png
Pokemon,แบล็ก & ไวท์,SV11s,คูรูมายุ,Swadloon,007/172,C,https://asia.pokemon-card.com/th/card-img/th00011441.png
Pokemon,แบล็ก & ไวท์,SV11s,ฮาฮาโคโมริ,Leavanny,008/172,U,https://asia.pokemon-card.com/th/card-img/th00011442.png
Pokemon,แบล็ก & ไวท์,SV11s,โมนเมน,Cottonee,009/172,C,https://asia.pokemon-card.com/th/card-img/th00011443.png
Pokemon,แบล็ก & ไวท์,SV11s,เอลฟูน ex,Whimsicott ex,010/172,RR,https://asia.pokemon-card.com/th/card-img/th00011444.png
Pokemon,แบล็ก & ไวท์,SV11s,จูริเน,Petilil,011/172,C,https://asia.pokemon-card.com/th/card-img/th00011445.png
Pokemon,แบล็ก & ไวท์,SV11s,เดรเดีย,Lilligant,012/172,U,https://asia.pokemon-card.com/th/card-img/th00011446.png
Pokemon,แบล็ก & ไวท์,SV11s,มาราคัจจิ,Maractus,013/172,C,https://asia.pokemon-card.com/th/card-img/th00011447.png
Pokemon,แบล็ก & ไวท์,SV11s,ชิคิจิกะ,Deerling,014/172,C,https://asia.pokemon-card.com/th/card-img/th00011448.png
Pokemon,แบล็ก & ไวท์,SV11s,เมบูคิจิกะ,Sawsbuck,015/172,U,https://asia.pokemon-card.com/th/card-img/th00011449.png
Pokemon,แบล็ก & ไวท์,SV11s,คาบูรูโมะ,Karrablast,016/172,C,https://asia.pokemon-card.com/th/card-img/th00011450.png
Pokemon,แบล็ก & ไวท์,SV11s,ทามาเกะทาเคะ,Foongus,017/172,C,https://asia.pokemon-card.com/th/card-img/th00011451.png
Pokemon,แบล็ก & ไวท์,SV11s,โมโรบาเรรุ,Amoonguss,018/172,U,https://asia.pokemon-card.com/th/card-img/th00011452.png
Pokemon,แบล็ก & ไวท์,SV11s,โชโบมากิ,Shelmet,019/172,C,https://asia.pokemon-card.com/th/card-img/th00011453.png
Pokemon,แบล็ก & ไวท์,SV11s,อกิลดา,Accelgor,020/172,U,https://asia.pokemon-card.com/th/card-img/th00011454.png
Pokemon,แบล็ก & ไวท์,SV11s,วิริซิออน,Virizion,021/172,R,https://asia.pokemon-card.com/th/card-img/th00011455.png
Pokemon,แบล็ก & ไวท์,SV11s,วิคทินี,Victini,022/172,R,https://asia.pokemon-card.com/th/card-img/th00011456.png
Pokemon,แบล็ก & ไวท์,SV11s,โพคาบู,Tepig,023/172,C,https://asia.pokemon-card.com/th/card-img/th00011457.png
Pokemon,แบล็ก & ไวท์,SV11s,จาโอบู,Pignite,024/172,C,https://asia.pokemon-card.com/th/card-img/th00011458.png
Pokemon,แบล็ก & ไวท์,SV11s,เอ็นบูโอ,Emboar,025/172,R,https://asia.pokemon-card.com/th/card-img/th00011459.png
Pokemon,แบล็ก & ไวท์,SV11s,บาอปปุ,Pansear,026/172,C,https://asia.pokemon-card.com/th/card-img/th00011460.png
Pokemon,แบล็ก & ไวท์,SV11s,บาอกกี,Simisear,027/172,U,https://asia.pokemon-card.com/th/card-img/th00011461.png
Pokemon,แบล็ก & ไวท์,SV11s,ดารุมักกะ,Darumaka,028/172,C,https://asia.pokemon-card.com/th/card-img/th00011462.png
Pokemon,แบล็ก & ไวท์,SV11s,ฮิฮิดารุมะ,Darmanitan,029/172,U,https://asia.pokemon-card.com/th/card-img/th00011463.png
Pokemon,แบล็ก & ไวท์,SV11s,ฮิโตโมชิ,Litwick,030/172,C,https://asia.pokemon-card.com/th/card-img/th00011464.png
Pokemon,แบล็ก & ไวท์,SV11s,แลมพูลา,Lampent,031/172,C,https://asia.pokemon-card.com/th/card-img/th00011465.png
Pokemon,แบล็ก & ไวท์,SV11s,แชนเดลา,Chandelure,032/172,R,https://asia.pokemon-card.com/th/card-img/th00011466.png
Pokemon,แบล็ก & ไวท์,SV11s,คุยทาแรน,Heatmor,033/172,U,https://asia.pokemon-card.com/th/card-img/th00011467.png
Pokemon,แบล็ก & ไวท์,SV11s,เมลาร์วา,Larvesta,034/172,C,https://asia.pokemon-card.com/th/card-img/th00011468.png
Pokemon,แบล็ก & ไวท์,SV11s,อุลกามอธ,Volcarona,035/172,R,https://asia.pokemon-card.com/th/card-img/th00011469.png
Pokemon,แบล็ก & ไวท์,SV11s,เรชิรัม ex,Reshiram ex,036/172,RR,https://asia.pokemon-card.com/th/card-img/th00011470.png
Pokemon,แบล็ก & ไวท์,SV11s,มิจูมารุ,Oshawott,037/172,C,https://asia.pokemon-card.com/th/card-img/th00011471.png
Pokemon,แบล็ก & ไวท์,SV11s,ฟุตาจิมารุ,Dewott,038/172,C,https://asia.pokemon-card.com/th/card-img/th00011472.png
Pokemon,แบล็ก & ไวท์,SV11s,ไดเคนคิ,Samurott,039/172,R,https://asia.pokemon-card.com/th/card-img/th00011473.png
Pokemon,แบล็ก & ไวท์,SV11s,ฮิยัปปุ,Panpour,040/172,C,https://asia.pokemon-card.com/th/card-img/th00011474.png
Pokemon,แบล็ก & ไวท์,SV11s,ฮิยักกี,Simipour,041/172,U,https://asia.pokemon-card.com/th/card-img/th00011475.png
Pokemon,แบล็ก & ไวท์,SV11s,โอทามาโร,Tympole,042/172,C,https://asia.pokemon-card.com/th/card-img/th00011476.png
Pokemon,แบล็ก & ไวท์,SV11s,กามาการุ,Palpitoad,043/172,C,https://asia.pokemon-card.com/th/card-img/th00011477.png
Pokemon,แบล็ก & ไวท์,SV11s,กามาเกโรเกะ,Seismitoad,044/172,U,https://asia.pokemon-card.com/th/card-img/th00011478.png
Pokemon,แบล็ก & ไวท์,SV11s,บาสราโอ,Basculin,045/172,C,https://asia.pokemon-card.com/th/card-img/th00011479.png
Pokemon,แบล็ก & ไวท์,SV11s,โปรโตกา,Tirtouga,046/172,U,https://asia.pokemon-card.com/th/card-img/th00011480.png
Pokemon,แบล็ก & ไวท์,SV11s,อบาโกรา,Carracosta,047/172,R,https://asia.pokemon-card.com/th/card-img/th00011481.png
Pokemon,แบล็ก & ไวท์,SV11s,โคอารูฮี,Ducklett,048/172,C,https://asia.pokemon-card.com/th/card-img/th00011482.png
Pokemon,แบล็ก & ไวท์,SV11s,สวอนนา,Swanna,049/172,U,https://asia.pokemon-card.com/th/card-img/th00011483.png
Pokemon,แบล็ก & ไวท์,SV11s,วานิเพ็ตติ,Vanillite,050/172,C,https://asia.pokemon-card.com/th/card-img/th00011484.png
Pokemon,แบล็ก & ไวท์,SV11s,วานิริช,Vanillish,051/172,C,https://asia.pokemon-card.com/th/card-img/th00011485.png
Pokemon,แบล็ก & ไวท์,SV11s,ไบวานิลลา,Vanilluxe,052/172,U,https://asia.pokemon-card.com/th/card-img/th00011486.png
Pokemon,แบล็ก & ไวท์,SV11s,มามันโบ,Alomomola,053/172,U,https://asia.pokemon-card.com/th/card-img/th00011487.png
Pokemon,แบล็ก & ไวท์,SV11s,คูมะชุน,Cubchoo,054/172,C,https://asia.pokemon-card.com/th/card-img/th00011488.png
Pokemon,แบล็ก & ไวท์,SV11s,ทันแบร์,Beartic,055/172,R,https://asia.pokemon-card.com/th/card-img/th00011489.png
Pokemon,แบล็ก & ไวท์,SV11s,ฟรีจิโอ,Cryogonal,056/172,U,https://asia.pokemon-card.com/th/card-img/th00011490.png
Pokemon,แบล็ก & ไวท์,SV11s,คิวเรม ex,Kyurem ex,057/172,RR,https://asia.pokemon-card.com/th/card-img/th00011491.png
Pokemon,แบล็ก & ไวท์,SV11s,เคลดิโอ ex,Keldeo ex,058/172,RR,https://asia.pokemon-card.com/th/card-img/th00011492.png
Pokemon,แบล็ก & ไวท์,SV11s,ชิมามา,Blitzle,059/172,C,https://asia.pokemon-card.com/th/card-img/th00011493.png
Pokemon,แบล็ก & ไวท์,SV11s,ซีบรายกา,Zebstrika,060/172,U,https://asia.pokemon-card.com/th/card-img/th00011494.png
Pokemon,แบล็ก & ไวท์,SV11s,เอมอนกา,Emolga,061/172,C,https://asia.pokemon-card.com/th/card-img/th00011495.png
Pokemon,แบล็ก & ไวท์,SV11s,บาชูรุ,Joltik,062/172,C,https://asia.pokemon-card.com/th/card-img/th00011496.png
Pokemon,แบล็ก & ไวท์,SV11s,เดนทูลา,Galvantula,063/172,U,https://asia.pokemon-card.com/th/card-img/th00011497.png
Pokemon,แบล็ก & ไวท์,SV11s,ชิบิชิราซึ,Tynamo,064/172,C,https://asia.pokemon-card.com/th/card-img/th00011498.png
Pokemon,แบล็ก & ไวท์,SV11s,ชิบิบีล,Eelektrik,065/172,U,https://asia.pokemon-card.com/th/card-img/th00011499.png
Pokemon,แบล็ก & ไวท์,SV11s,ชิบิรูดอน,Eelektross,066/172,U,https://asia.pokemon-card.com/th/card-img/th00011500.png
Pokemon,แบล็ก & ไวท์,SV11s,มักเกียว,Stunfisk,067/172,U,https://asia.pokemon-card.com/th/card-img/th00011501.png
Pokemon,แบล็ก & ไวท์,SV11s,โวลโทลอส,Thundurus,068/172,R,https://asia.pokemon-card.com/th/card-img/th00011502.png
Pokemon,แบล็ก & ไวท์,SV11s,เซครอม ex,Zekrom ex,069/172,RR,https://asia.pokemon-card.com/th/card-img/th00011503.png
Pokemon,แบล็ก & ไวท์,SV11s,มุนนะ,Munna,070/172,C,https://asia.pokemon-card.com/th/card-img/th00011504.png
Pokemon,แบล็ก & ไวท์,SV11s,มุชานา,Musharna,071/172,U,https://asia.pokemon-card.com/th/card-img/th00011505.png
Pokemon,แบล็ก & ไวท์,SV11s,โคโรโมริ,Woobat,072/172,C,https://asia.pokemon-card.com/th/card-img/th00011506.png
Pokemon,แบล็ก & ไวท์,SV11s,โคโคโรโมริ,Swoobat,073/172,U,https://asia.pokemon-card.com/th/card-img/th00011507.png
Pokemon,แบล็ก & ไวท์,SV11s,ซิมโบลา,Sigilyph,074/172,U,https://asia.pokemon-card.com/th/card-img/th00011508.png
Pokemon,แบล็ก & ไวท์,SV11s,เดธมาส,Yamask,075/172,C,https://asia.pokemon-card.com/th/card-img/th00011509.png
Pokemon,แบล็ก & ไวท์,SV11s,เดธคาน,Cofagrigus,076/172,R,https://asia.pokemon-card.com/th/card-img/th00011510.png
Pokemon,แบล็ก & ไวท์,SV11s,โกธิมู,Gothita,077/172,C,https://asia.pokemon-card.com/th/card-img/th00011511.png
Pokemon,แบล็ก & ไวท์,SV11s,โกธิมิรุ,Gothorita,078/172,C,https://asia.pokemon-card.com/th/card-img/th00011512.png
Pokemon,แบล็ก & ไวท์,SV11s,โกธิรูเซล,Gothitelle,079/172,R,https://asia.pokemon-card.com/th/card-img/th00011513.png
Pokemon,แบล็ก & ไวท์,SV11s,ยูนิรัน,Solosis,080/172,C,https://asia.pokemon-card.com/th/card-img/th00011514.png
Pokemon,แบล็ก & ไวท์,SV11s,ดาบูลัน,Duosion,081/172,C,https://asia.pokemon-card.com/th/card-img/th00011515.png
Pokemon,แบล็ก & ไวท์,SV11s,แลนคูลัส,Reuniclus,082/172,U,https://asia.pokemon-card.com/th/card-img/th00011516.png
Pokemon,แบล็ก & ไวท์,SV11s,พูรูริล,Frillish,083/172,C,https://asia.pokemon-card.com/th/card-img/th00011517.png
Pokemon,แบล็ก & ไวท์,SV11s,บูรุนเจล ex,Jellicent ex,084/172,RR,https://asia.pokemon-card.com/th/card-img/th00011518.png
Pokemon,แบล็ก & ไวท์,SV11s,ลีเกรย์,Elgyem,085/172,C,https://asia.pokemon-card.com/th/card-img/th00011519.png
Pokemon,แบล็ก & ไวท์,SV11s,โอเบ็ม,Beheeyem,086/172,U,https://asia.pokemon-card.com/th/card-img/th00011520.png
Pokemon,แบล็ก & ไวท์,SV11s,โกบิท,Golett,087/172,C,https://asia.pokemon-card.com/th/card-img/th00011521.png
Pokemon,แบล็ก & ไวท์,SV11s,โกลูก,Golurk,088/172,U,https://asia.pokemon-card.com/th/card-img/th00011522.png
Pokemon,แบล็ก & ไวท์,SV11s,เมโลเอตตา ex,Meloetta ex,089/172,RR,https://asia.pokemon-card.com/th/card-img/th00011523.png
Pokemon,แบล็ก & ไวท์,SV11s,ดันโกโร,Roggenrola,090/172,C,https://asia.pokemon-card.com/th/card-img/th00011524.png
Pokemon,แบล็ก & ไวท์,SV11s,กันเทิล,Boldore,091/172,C,https://asia.pokemon-card.com/th/card-img/th00011525.png
Pokemon,แบล็ก & ไวท์,SV11s,กิไกอาซ,Gigalith,092/172,U,https://asia.pokemon-card.com/th/card-img/th00011526.png
Pokemon,แบล็ก & ไวท์,SV11s,โมกุริว,Drilbur,093/172,C,https://asia.pokemon-card.com/th/card-img/th00011527.png
Pokemon,แบล็ก & ไวท์,SV11s,โดริวซึ ex,Excadrill ex,094/172,RR,https://asia.pokemon-card.com/th/card-img/th00011528.png
Pokemon,แบล็ก & ไวท์,SV11s,ด็อคโคเรอร์,Timburr,095/172,C,https://asia.pokemon-card.com/th/card-img/th00011529.png
Pokemon,แบล็ก & ไวท์,SV11s,โดเท็คคทซึ,Gurdurr,096/172,C,https://asia.pokemon-card.com/th/card-img/th00011530.png
Pokemon,แบล็ก & ไวท์,SV11s,โรบูชิน,Conkeldurr,097/172,R,https://asia.pokemon-card.com/th/card-img/th00011531.png
Pokemon,แบล็ก & ไวท์,SV11s,นาเกคิ,Throh,098/172,U,https://asia.pokemon-card.com/th/card-img/th00011532.png
Pokemon,แบล็ก & ไวท์,SV11s,ดาเกคิ,Sawk,099/172,U,https://asia.pokemon-card.com/th/card-img/th00011533.png
Pokemon,แบล็ก & ไวท์,SV11s,อิชิซึไม,Dwebble,100/172,C,https://asia.pokemon-card.com/th/card-img/th00011534.png
Pokemon,แบล็ก & ไวท์,SV11s,อิวาพาเลซ,Crustle,101/172,U,https://asia.pokemon-card.com/th/card-img/th00011535.png
Pokemon,แบล็ก & ไวท์,SV11s,อาเคน,Archen,102/172,U,https://asia.pokemon-card.com/th/card-img/th00011536.png
Pokemon,แบล็ก & ไวท์,SV11s,อาเคโอส,Archeops,103/172,R,https://asia.pokemon-card.com/th/card-img/th00011537.png
Pokemon,แบล็ก & ไวท์,SV11s,โคโจฟู,Mienfoo,104/172,C,https://asia.pokemon-card.com/th/card-img/th00011538.png
Pokemon,แบล็ก & ไวท์,SV11s,โคโจนโดะ,Mienshao,105/172,U,https://asia.pokemon-card.com/th/card-img/th00011539.png
Pokemon,แบล็ก & ไวท์,SV11s,เทราคิออน,Terrakion,106/172,R,https://asia.pokemon-card.com/th/card-img/th00011540.png
Pokemon,แบล็ก & ไวท์,SV11s,แลนโดลอส,Landorus,107/172,R,https://asia.pokemon-card.com/th/card-img/th00011541.png
Pokemon,แบล็ก & ไวท์,SV11s,โจโรเนโกะ,Purrloin,108/172,C,https://asia.pokemon-card.com/th/card-img/th00011542.png
Pokemon,แบล็ก & ไวท์,SV11s,เลพัลดัส,Liepard,109/172,U,https://asia.pokemon-card.com/th/card-img/th00011543.png
Pokemon,แบล็ก & ไวท์,SV11s,ฟูชิเดะ,Venipede,110/172,C,https://asia.pokemon-card.com/th/card-img/th00011544.png
Pokemon,แบล็ก & ไวท์,SV11s,วีกา,Whirlipede,111/172,C,https://asia.pokemon-card.com/th/card-img/th00011545.png
Pokemon,แบล็ก & ไวท์,SV11s,เพนโดรา,Scolipede,112/172,U,https://asia.pokemon-card.com/th/card-img/th00011546.png
Pokemon,แบล็ก & ไวท์,SV11s,เมะกุโรโกะ,Sandile,113/172,C,https://asia.pokemon-card.com/th/card-img/th00011547.png
Pokemon,แบล็ก & ไวท์,SV11s,วารุวิล,Krokorok,114/172,C,https://asia.pokemon-card.com/th/card-img/th00011548.png
Pokemon,แบล็ก & ไวท์,SV11s,วารุเวียล,Krookodile,115/172,U,https://asia.pokemon-card.com/th/card-img/th00011549.png
Pokemon,แบล็ก & ไวท์,SV11s,ซึรุกกุ,Scraggy,116/172,C,https://asia.pokemon-card.com/th/card-img/th00011550.png
Pokemon,แบล็ก & ไวท์,SV11s,ซึรุซึคิน,Scrafty,117/172,U,https://asia.pokemon-card.com/th/card-img/th00011551.png
Pokemon,แบล็ก & ไวท์,SV11s,ยาบุคุรอน,Trubbish,118/172,C,https://asia.pokemon-card.com/th/card-img/th00011552.png
Pokemon,แบล็ก & ไวท์,SV11s,ดัสต์ดาส,Garbodor,119/172,U,https://asia.pokemon-card.com/th/card-img/th00011553.png
Pokemon,แบล็ก & ไวท์,SV11s,โซรัว,Zorua,120/172,C,https://asia.pokemon-card.com/th/card-img/th00011554.png
Pokemon,แบล็ก & ไวท์,SV11s,โซโรอาร์ค,Zoroark,121/172,R,https://asia.pokemon-card.com/th/card-img/th00011555.png
Pokemon,แบล็ก & ไวท์,SV11s,วัลไจ,Vullaby,122/172,C,https://asia.pokemon-card.com/th/card-img/th00011556.png
Pokemon,แบล็ก & ไวท์,SV11s,วัลจีนา,Mandibuzz,123/172,U,https://asia.pokemon-card.com/th/card-img/th00011557.png
Pokemon,แบล็ก & ไวท์,SV11s,โมโนซึ,Deino,124/172,C,https://asia.pokemon-card.com/th/card-img/th00011558.png
Pokemon,แบล็ก & ไวท์,SV11s,จิเฮด,Zweilous,125/172,C,https://asia.pokemon-card.com/th/card-img/th00011559.png
Pokemon,แบล็ก & ไวท์,SV11s,ซาซันดรา ex,Hydreigon ex,126/172,RR,https://asia.pokemon-card.com/th/card-img/th00011560.png
Pokemon,แบล็ก & ไวท์,SV11s,ชูวัลโก,Escavalier,127/172,U,https://asia.pokemon-card.com/th/card-img/th00011561.png
Pokemon,แบล็ก & ไวท์,SV11s,เทสซีด,Ferroseed,128/172,C,https://asia.pokemon-card.com/th/card-img/th00011562.png
Pokemon,แบล็ก & ไวท์,SV11s,นัทเทรย์,Ferrothorn,129/172,U,https://asia.pokemon-card.com/th/card-img/th00011563.png
Pokemon,แบล็ก & ไวท์,SV11s,เกียร์,Klink,130/172,C,https://asia.pokemon-card.com/th/card-img/th00011564.png
Pokemon,แบล็ก & ไวท์,SV11s,กิเกียร์,Klang,131/172,C,https://asia.pokemon-card.com/th/card-img/th00011565.png
Pokemon,แบล็ก & ไวท์,SV11s,กิกิเกียร์,Klinklang,132/172,R,https://asia.pokemon-card.com/th/card-img/th00011566.png
Pokemon,แบล็ก & ไวท์,SV11s,โคมาทานา,Pawniard,133/172,C,https://asia.pokemon-card.com/th/card-img/th00011567.png
Pokemon,แบล็ก & ไวท์,SV11s,คิริคิซัน,Bisharp,134/172,U,https://asia.pokemon-card.com/th/card-img/th00011568.png
Pokemon,แบล็ก & ไวท์,SV11s,ไอแอนท์,Durant,135/172,U,https://asia.pokemon-card.com/th/card-img/th00011569.png
Pokemon,แบล็ก & ไวท์,SV11s,โคบัลออน,Cobalion,136/172,R,https://asia.pokemon-card.com/th/card-img/th00011570.png
Pokemon,แบล็ก & ไวท์,SV11s,เกโนเซ็กท์ ex,Genesect ex,137/172,RR,https://asia.pokemon-card.com/th/card-img/th00011571.png
Pokemon,แบล็ก & ไวท์,SV11s,คิบาโกะ,Axew,138/172,C,https://asia.pokemon-card.com/th/card-img/th00011572.png
Pokemon,แบล็ก & ไวท์,SV11s,โอโนนโดะ,Fraxure,139/172,C,https://asia.pokemon-card.com/th/card-img/th00011573.png
Pokemon,แบล็ก & ไวท์,SV11s,โอโนโนคุส,Haxorus,140/172,R,https://asia.pokemon-card.com/th/card-img/th00011574.png
Pokemon,แบล็ก & ไวท์,SV11s,คริมแกน,Druddigon,141/172,U,https://asia.pokemon-card.com/th/card-img/th00011575.png
Pokemon,แบล็ก & ไวท์,SV11s,มิเนซูมิ,Patrat,142/172,C,https://asia.pokemon-card.com/th/card-img/th00011576.png
Pokemon,แบล็ก & ไวท์,SV11s,มิรูฮอก,Watchog,143/172,U,https://asia.pokemon-card.com/th/card-img/th00011577.png
Pokemon,แบล็ก & ไวท์,SV11s,โยเทอรี,Lillipup,144/172,C,https://asia.pokemon-card.com/th/card-img/th00011578.png
Pokemon,แบล็ก & ไวท์,SV11s,เฮอเดอเรีย,Herdier,145/172,C,https://asia.pokemon-card.com/th/card-img/th00011579.png
Pokemon,แบล็ก & ไวท์,SV11s,มูแลนด์,Stoutland,146/172,U,https://asia.pokemon-card.com/th/card-img/th00011580.png
Pokemon,แบล็ก & ไวท์,SV11s,มาเมพาโตะ,Pidove,147/172,C,https://asia.pokemon-card.com/th/card-img/th00011581.png
Pokemon,แบล็ก & ไวท์,SV11s,ฮาโทโบ,Tranquill,148/172,C,https://asia.pokemon-card.com/th/card-img/th00011582.png
Pokemon,แบล็ก & ไวท์,SV11s,เคนโฮโล,Unfezant,149/172,U,https://asia.pokemon-card.com/th/card-img/th00011583.png
Pokemon,แบล็ก & ไวท์,SV11s,ทาบุนเนะ,Audino,150/172,C,https://asia.pokemon-card.com/th/card-img/th00011584.png
Pokemon,แบล็ก & ไวท์,SV11s,จิลามี,Minccino,151/172,C,https://asia.pokemon-card.com/th/card-img/th00011585.png
Pokemon,แบล็ก & ไวท์,SV11s,จิลาจีโน,Cinccino,152/172,U,https://asia.pokemon-card.com/th/card-img/th00011586.png
Pokemon,แบล็ก & ไวท์,SV11s,บัฟฟรอน ex,Bouffalant ex,153/172,RR,https://asia.pokemon-card.com/th/card-img/th00011587.png
Pokemon,แบล็ก & ไวท์,SV11s,วาชิบอน,Rufflet,154/172,C,https://asia.pokemon-card.com/th/card-img/th00011588.png
Pokemon,แบล็ก & ไวท์,SV11s,วอร์เกิล,Braviary,155/172,U,https://asia.pokemon-card.com/th/card-img/th00011589.png
Pokemon,แบล็ก & ไวท์,SV11s,ทอร์เนลอส,Tornadus,156/172,R,https://asia.pokemon-card.com/th/card-img/th00011590.png
Pokemon,แบล็ก & ไวท์,SV11s,กู้คืนพลังงาน,Energy Retrieval,157/172,U,https://asia.pokemon-card.com/th/card-img/th00011591.png
Pokemon,แบล็ก & ไวท์,SV11s,เหรียญพลังงาน,Energy Coin,158/172,U,https://asia.pokemon-card.com/th/card-img/th00011592.png
Pokemon,แบล็ก & ไวท์,SV11s,ทูลสแครปเปอร์,Tool Scrapper,159/172,U,https://asia.pokemon-card.com/th/card-img/th00011593.png
Pokemon,แบล็ก & ไวท์,SV11s,ฟอสซิลขนนก,Antique Plume Fossil,160/172,C,https://asia.pokemon-card.com/th/card-img/th00011594.png
Pokemon,แบล็ก & ไวท์,SV11s,ฟอสซิลเปลือก เก่าแก่,Antique Cover Fossil,161/172,C,https://asia.pokemon-card.com/th/card-img/th00011595.png
Pokemon,แบล็ก & ไวท์,SV11s,โปเกเกีย 3.0,Pokegear 3.0,162/172,U,https://asia.pokemon-card.com/th/card-img/th00011596.png
Pokemon,แบล็ก & ไวท์,SV11s,ลูกโป่ง,Air Balloon,163/172,U,https://asia.pokemon-card.com/th/card-img/th00011597.png
Pokemon,แบล็ก & ไวท์,SV11s,กำไลแห่งความกล้า,Brave Bangle,164/172,U,https://asia.pokemon-card.com/th/card-img/th00011598.png
Pokemon,แบล็ก & ไวท์,SV11s,การวางพล็อตของ N,N's Plan,165/172,U,https://asia.pokemon-card.com/th/card-img/th00011599.png
Pokemon,แบล็ก & ไวท์,SV11s,ตัวตลก,Harlequin,166/172,U,https://asia.pokemon-card.com/th/card-img/th00011600.png
Pokemon,แบล็ก & ไวท์,SV11s,เชเรน,Cheren,167/172,U,https://asia.pokemon-card.com/th/card-img/th00011601.png
Pokemon,แบล็ก & ไวท์,SV11s,โทโกะ,Hilda,168/172,U,https://asia.pokemon-card.com/th/card-img/th00011602.png
Pokemon,แบล็ก & ไวท์,SV11s,งานวิจัยของศาสตราจารย์ อารารากิ,Professor's Research,169/172,U,https://asia.pokemon-card.com/th/card-img/th00011603.png
Pokemon,แบล็ก & ไวท์,SV11s,มาโกโมะ,Fennel,170/172,U,https://asia.pokemon-card.com/th/card-img/th00011604.png
Pokemon,แบล็ก & ไวท์,SV11s,พลังงานจุดระเบิด,Ignition Energy,171/172,U,https://asia.pokemon-card.com/th/card-img/th00011605.png
Pokemon,แบล็ก & ไวท์,SV11s,ปริซึมเอนเนอร์จี้,Prism Energy,172/172,U,https://asia.pokemon-card.com/th/card-img/th00011606.png
Pokemon,แบล็ก & ไวท์,SV11s,สึทาจะ,Snivy,173/172,AR,https://asia.pokemon-card.com/th/card-img/th00011658.png
Pokemon,แบล็ก & ไวท์,SV11s,จาโนวี,Servine,174/172,AR,https://asia.pokemon-card.com/th/card-img/th00011659.png
Pokemon,แบล็ก & ไวท์,SV11s,ยานัปปุ,Pansage,175/172,AR,https://asia.pokemon-card.com/th/card-img/th00011660.png
Pokemon,แบล็ก & ไวท์,SV11s,ยานักกี,Simisage,176/172,AR,https://asia.pokemon-card.com/th/card-img/th00011661.png
Pokemon,แบล็ก & ไวท์,SV11s,คูรูมีรุ,Sewaddle,177/172,AR,https://asia.pokemon-card.com/th/card-img/th00011662.png
Pokemon,แบล็ก & ไวท์,SV11s,คูรูมายุ,Swadloon,178/172,AR,https://asia.pokemon-card.com/th/card-img/th00011663.png
Pokemon,แบล็ก & ไวท์,SV11s,ฮาฮาโคโมริ,Leavanny,179/172,AR,https://asia.pokemon-card.com/th/card-img/th00011664.png
Pokemon,แบล็ก & ไวท์,SV11s,โมนเมน,Cottonee,180/172,AR,https://asia.pokemon-card.com/th/card-img/th00011665.png
Pokemon,แบล็ก & ไวท์,SV11s,จูริเน,Petilil,181/172,AR,https://asia.pokemon-card.com/th/card-img/th00011666.png
Pokemon,แบล็ก & ไวท์,SV11s,เดรเดีย,Lilligant,182/172,AR,https://asia.pokemon-card.com/th/card-img/th00011667.png
Pokemon,แบล็ก & ไวท์,SV11s,มาราคัจจิ,Maractus,183/172,AR,https://asia.pokemon-card.com/th/card-img/th00011668.png
Pokemon,แบล็ก & ไวท์,SV11s,ชิคิจิกะ,Deerling,184/172,AR,https://asia.pokemon-card.com/th/card-img/th00011669.png
Pokemon,แบล็ก & ไวท์,SV11s,เมบูคิจิกะ,Sawsbuck,185/172,AR,https://asia.pokemon-card.com/th/card-img/th00011670.png
Pokemon,แบล็ก & ไวท์,SV11s,คาบูรูโมะ,Karrablast,186/172,AR,https://asia.pokemon-card.com/th/card-img/th00011671.png
Pokemon,แบล็ก & ไวท์,SV11s,ทามาเกะทาเคะ,Foongus,187/172,AR,https://asia.pokemon-card.com/th/card-img/th00011672.png
Pokemon,แบล็ก & ไวท์,SV11s,โมโรบาเรรุ,Amoonguss,188/172,AR,https://asia.pokemon-card.com/th/card-img/th00011673.png
Pokemon,แบล็ก & ไวท์,SV11s,โชโบมากิ,Shelmet,189/172,AR,https://asia.pokemon-card.com/th/card-img/th00011674.png
Pokemon,แบล็ก & ไวท์,SV11s,อกิลดา,Accelgor,190/172,AR,https://asia.pokemon-card.com/th/card-img/th00011675.png
Pokemon,แบล็ก & ไวท์,SV11s,วิริซิออน,Virizion,191/172,AR,https://asia.pokemon-card.com/th/card-img/th00011676.png
Pokemon,แบล็ก & ไวท์,SV11s,วิคทินี,Victini,192/172,AR,https://asia.pokemon-card.com/th/card-img/th00011677.png
Pokemon,แบล็ก & ไวท์,SV11s,โพคาบู,Tepig,193/172,AR,https://asia.pokemon-card.com/th/card-img/th00011678.png
Pokemon,แบล็ก & ไวท์,SV11s,จาโอบู,Pignite,194/172,AR,https://asia.pokemon-card.com/th/card-img/th00011679.png
Pokemon,แบล็ก & ไวท์,SV11s,เอ็นบูโอ,Emboar,195/172,AR,https://asia.pokemon-card.com/th/card-img/th00011680.png
Pokemon,แบล็ก & ไวท์,SV11s,บาอปปุ,Pansear,196/172,AR,https://asia.pokemon-card.com/th/card-img/th00011681.png
Pokemon,แบล็ก & ไวท์,SV11s,บาอกกี,Simisear,197/172,AR,https://asia.pokemon-card.com/th/card-img/th00011682.png
Pokemon,แบล็ก & ไวท์,SV11s,ดารุมักกะ,Darumaka,198/172,AR,https://asia.pokemon-card.com/th/card-img/th00011683.png
Pokemon,แบล็ก & ไวท์,SV11s,ฮิฮิดารุมะ,Darmanitan,199/172,AR,https://asia.pokemon-card.com/th/card-img/th00011684.png
Pokemon,แบล็ก & ไวท์,SV11s,ฮิโตโมชิ,Litwick,200/172,AR,https://asia.pokemon-card.com/th/card-img/th00011685.png
Pokemon,แบล็ก & ไวท์,SV11s,แลมพูลา,Lampent,201/172,AR,https://asia.pokemon-card.com/th/card-img/th00011686.png
Pokemon,แบล็ก & ไวท์,SV11s,แชนเดลา,Chandelure,202/172,AR,https://asia.pokemon-card.com/th/card-img/th00011687.png
Pokemon,แบล็ก & ไวท์,SV11s,คุยทาแรน,Heatmor,203/172,AR,https://asia.pokemon-card.com/th/card-img/th00011688.png
Pokemon,แบล็ก & ไวท์,SV11s,เมลาร์วา,Larvesta,204/172,AR,https://asia.pokemon-card.com/th/card-img/th00011689.png
Pokemon,แบล็ก & ไวท์,SV11s,อุลกามอธ,Volcarona,205/172,AR,https://asia.pokemon-card.com/th/card-img/th00011690.png
Pokemon,แบล็ก & ไวท์,SV11s,มิจูมารุ,Oshawott,206/172,AR,https://asia.pokemon-card.com/th/card-img/th00011691.png
Pokemon,แบล็ก & ไวท์,SV11s,ฟุตาจิมารุ,Dewott,207/172,AR,https://asia.pokemon-card.com/th/card-img/th00011692.png
Pokemon,แบล็ก & ไวท์,SV11s,ไดเคนคิ,Samurott,208/172,AR,https://asia.pokemon-card.com/th/card-img/th00011693.png
Pokemon,แบล็ก & ไวท์,SV11s,ฮิยัปปุ,Panpour,209/172,AR,https://asia.pokemon-card.com/th/card-img/th00011694.png
Pokemon,แบล็ก & ไวท์,SV11s,ฮิยักกี,Simipour,210/172,AR,https://asia.pokemon-card.com/th/card-img/th00011695.png
Pokemon,แบล็ก & ไวท์,SV11s,โอทามาโร,Tympole,211/172,AR,https://asia.pokemon-card.com/th/card-img/th00011696.png
Pokemon,แบล็ก & ไวท์,SV11s,กามาการุ,Palpitoad,212/172,AR,https://asia.pokemon-card.com/th/card-img/th00011697.png
Pokemon,แบล็ก & ไวท์,SV11s,กามาเกโรเกะ,Seismitoad,213/172,AR,https://asia.pokemon-card.com/th/card-img/th00011698.png
Pokemon,แบล็ก & ไวท์,SV11s,บาสราโอ,Basculin,214/172,AR,https://asia.pokemon-card.com/th/card-img/th00011699.png
Pokemon,แบล็ก & ไวท์,SV11s,โปรโตกา,Tirtouga,215/172,AR,https://asia.pokemon-card.com/th/card-img/th00011700.png
Pokemon,แบล็ก & ไวท์,SV11s,อบาโกรา,Carracosta,216/172,AR,https://asia.pokemon-card.com/th/card-img/th00011701.png
Pokemon,แบล็ก & ไวท์,SV11s,โคอารูฮี,Ducklett,217/172,AR,https://asia.pokemon-card.com/th/card-img/th00011702.png
Pokemon,แบล็ก & ไวท์,SV11s,สวอนนา,Swanna,218/172,AR,https://asia.pokemon-card.com/th/card-img/th00011703.png
Pokemon,แบล็ก & ไวท์,SV11s,วานิเพ็ตติ,Vanillite,219/172,AR,https://asia.pokemon-card.com/th/card-img/th00011704.png
Pokemon,แบล็ก & ไวท์,SV11s,วานิริช,Vanillish,220/172,AR,https://asia.pokemon-card.com/th/card-img/th00011705.png
Pokemon,แบล็ก & ไวท์,SV11s,ไบวานิลลา,Vanilluxe,221/172,AR,https://asia.pokemon-card.com/th/card-img/th00011706.png
Pokemon,แบล็ก & ไวท์,SV11s,มามันโบ,Alomomola,222/172,AR,https://asia.pokemon-card.com/th/card-img/th00011707.png
Pokemon,แบล็ก & ไวท์,SV11s,คูมะชุน,Cubchoo,223/172,AR,https://asia.pokemon-card.com/th/card-img/th00011708.png
Pokemon,แบล็ก & ไวท์,SV11s,ทันแบร์,Beartic,224/172,AR,https://asia.pokemon-card.com/th/card-img/th00011709.png
Pokemon,แบล็ก & ไวท์,SV11s,ฟรีจิโอ,Cryogonal,225/172,AR,https://asia.pokemon-card.com/th/card-img/th00011710.png
Pokemon,แบล็ก & ไวท์,SV11s,ชิมามา,Blitzle,226/172,AR,https://asia.pokemon-card.com/th/card-img/th00011711.png
Pokemon,แบล็ก & ไวท์,SV11s,ซีบรายกา,Zebstrika,227/172,AR,https://asia.pokemon-card.com/th/card-img/th00011712.png
Pokemon,แบล็ก & ไวท์,SV11s,เอมอนกา,Emolga,228/172,AR,https://asia.pokemon-card.com/th/card-img/th00011713.png
Pokemon,แบล็ก & ไวท์,SV11s,จู่โจมกะทันหัน,Joltik,229/172,AR,https://asia.pokemon-card.com/th/card-img/th00011714.png
Pokemon,แบล็ก & ไวท์,SV11s,เดนทูลา,Galvantula,230/172,AR,https://asia.pokemon-card.com/th/card-img/th00011715.png
Pokemon,แบล็ก & ไวท์,SV11s,ชิบิชิราซึ,Tynamo,231/172,AR,https://asia.pokemon-card.com/th/card-img/th00011716.png
Pokemon,แบล็ก & ไวท์,SV11s,ชิบิบีล,Eelektrik,232/172,AR,https://asia.pokemon-card.com/th/card-img/th00011717.png
Pokemon,แบล็ก & ไวท์,SV11s,ชิบิรูดอน,Eelektross,233/172,AR,https://asia.pokemon-card.com/th/card-img/th00011718.png
Pokemon,แบล็ก & ไวท์,SV11s,มักเกียว,Stunfisk,234/172,AR,https://asia.pokemon-card.com/th/card-img/th00011719.png
Pokemon,แบล็ก & ไวท์,SV11s,โวลโทลอส,Thundurus,235/172,AR,https://asia.pokemon-card.com/th/card-img/th00011720.png
Pokemon,แบล็ก & ไวท์,SV11s,มุนนะ,Munna,236/172,AR,https://asia.pokemon-card.com/th/card-img/th00011721.png
Pokemon,แบล็ก & ไวท์,SV11s,มุชานา,Musharna,237/172,AR,https://asia.pokemon-card.com/th/card-img/th00011722.png
Pokemon,แบล็ก & ไวท์,SV11s,โคโรโมริ,Woobat,238/172,AR,https://asia.pokemon-card.com/th/card-img/th00011723.png
Pokemon,แบล็ก & ไวท์,SV11s,โคโคโรโมริ,Swoobat,239/172,AR,https://asia.pokemon-card.com/th/card-img/th00011724.png
Pokemon,แบล็ก & ไวท์,SV11s,ซิมโบลา,Sigilyph,240/172,AR,https://asia.pokemon-card.com/th/card-img/th00011725.png
Pokemon,แบล็ก & ไวท์,SV11s,เดธมาส,Yamask,241/172,AR,https://asia.pokemon-card.com/th/card-img/th00011726.png
Pokemon,แบล็ก & ไวท์,SV11s,เดธคาน,Cofagrigus,242/172,AR,https://asia.pokemon-card.com/th/card-img/th00011727.png
Pokemon,แบล็ก & ไวท์,SV11s,โกธิมู,Gothita,243/172,AR,https://asia.pokemon-card.com/th/card-img/th00011728.png
Pokemon,แบล็ก & ไวท์,SV11s,โกธิมิรุ,Gothorita,244/172,AR,https://asia.pokemon-card.com/th/card-img/th00011729.png
Pokemon,แบล็ก & ไวท์,SV11s,โกธิรูเซล,Gothitelle,245/172,AR,https://asia.pokemon-card.com/th/card-img/th00011730.png
Pokemon,แบล็ก & ไวท์,SV11s,ยูนิรัน,Solosis,246/172,AR,https://asia.pokemon-card.com/th/card-img/th00011731.png
Pokemon,แบล็ก & ไวท์,SV11s,ดาบูลัน,Duosion,247/172,AR,https://asia.pokemon-card.com/th/card-img/th00011732.png
Pokemon,แบล็ก & ไวท์,SV11s,แลนคูลัส,Reuniclus,248/172,AR,https://asia.pokemon-card.com/th/card-img/th00011733.png
Pokemon,แบล็ก & ไวท์,SV11s,พูรูริล,Frillish,249/172,AR,https://asia.pokemon-card.com/th/card-img/th00011734.png
Pokemon,แบล็ก & ไวท์,SV11s,ลีเกรย์,Elgyem,250/172,AR,https://asia.pokemon-card.com/th/card-img/th00011735.png
Pokemon,แบล็ก & ไวท์,SV11s,โอเบ็ม,Beheeyem,251/172,AR,https://asia.pokemon-card.com/th/card-img/th00011736.png
Pokemon,แบล็ก & ไวท์,SV11s,โกบิท,Golett,252/172,AR,https://asia.pokemon-card.com/th/card-img/th00011737.png
Pokemon,แบล็ก & ไวท์,SV11s,โกลูก,Golurk,253/172,AR,https://asia.pokemon-card.com/th/card-img/th00011738.png
Pokemon,แบล็ก & ไวท์,SV11s,ดันโกโร,Roggenrola,254/172,AR,https://asia.pokemon-card.com/th/card-img/th00011739.png
Pokemon,แบล็ก & ไวท์,SV11s,กันเทิล,Boldore,255/172,AR,https://asia.pokemon-card.com/th/card-img/th00011740.png
Pokemon,แบล็ก & ไวท์,SV11s,กิไกอาซ,Gigalith,256/172,AR,https://asia.pokemon-card.com/th/card-img/th00011741.png
Pokemon,แบล็ก & ไวท์,SV11s,โมกุริว,Drilbur,257/172,AR,https://asia.pokemon-card.com/th/card-img/th00011742.png
Pokemon,แบล็ก & ไวท์,SV11s,ด็อคโคเรอร์,Timburr,258/172,AR,https://asia.pokemon-card.com/th/card-img/th00011743.png
Pokemon,แบล็ก & ไวท์,SV11s,โดเท็คคทซึ,Gurdurr,259/172,AR,https://asia.pokemon-card.com/th/card-img/th00011744.png
Pokemon,แบล็ก & ไวท์,SV11s,โรบูชิน,Conkeldurr,260/172,AR,https://asia.pokemon-card.com/th/card-img/th00011745.png
Pokemon,แบล็ก & ไวท์,SV11s,นาเกคิ,Throh,261/172,AR,https://asia.pokemon-card.com/th/card-img/th00011746.png
Pokemon,แบล็ก & ไวท์,SV11s,ดาเกคิ,Sawk,262/172,AR,https://asia.pokemon-card.com/th/card-img/th00011747.png
Pokemon,แบล็ก & ไวท์,SV11s,อิชิซึไม,Dwebble,263/172,AR,https://asia.pokemon-card.com/th/card-img/th00011748.png
Pokemon,แบล็ก & ไวท์,SV11s,อิวาพาเลซ,Crustle,264/172,AR,https://asia.pokemon-card.com/th/card-img/th00011749.png
Pokemon,แบล็ก & ไวท์,SV11s,อาเคน,Archen,265/172,AR,https://asia.pokemon-card.com/th/card-img/th00011750.png
Pokemon,แบล็ก & ไวท์,SV11s,อาเคโอส,Archeops,266/172,AR,https://asia.pokemon-card.com/th/card-img/th00011751.png
Pokemon,แบล็ก & ไวท์,SV11s,โคโจฟู,Mienfoo,267/172,AR,https://asia.pokemon-card.com/th/card-img/th00011752.png
Pokemon,แบล็ก & ไวท์,SV11s,โคโจนโดะ,Mienshao,268/172,AR,https://asia.pokemon-card.com/th/card-img/th00011753.png
Pokemon,แบล็ก & ไวท์,SV11s,เทราคิออน,Terrakion,269/172,AR,https://asia.pokemon-card.com/th/card-img/th00011754.png
Pokemon,แบล็ก & ไวท์,SV11s,แลนโดลอส,Landorus,270/172,AR,https://asia.pokemon-card.com/th/card-img/th00011755.png
Pokemon,แบล็ก & ไวท์,SV11s,โจโรเนโกะ,Purrloin,271/172,AR,https://asia.pokemon-card.com/th/card-img/th00011756.png
Pokemon,แบล็ก & ไวท์,SV11s,เลพัสดัส,Liepard,272/172,AR,https://asia.pokemon-card.com/th/card-img/th00011757.png
Pokemon,แบล็ก & ไวท์,SV11s,ฟูชิเดะ,Venipede,273/172,AR,https://asia.pokemon-card.com/th/card-img/th00011758.png
Pokemon,แบล็ก & ไวท์,SV11s,วีกา,Whirlipede,274/172,AR,https://asia.pokemon-card.com/th/card-img/th00011759.png
Pokemon,แบล็ก & ไวท์,SV11s,เพนโดรา,Scolipede,275/172,AR,https://asia.pokemon-card.com/th/card-img/th00011760.png
Pokemon,แบล็ก & ไวท์,SV11s,เมะกุโรโกะ,Sandile,276/172,AR,https://asia.pokemon-card.com/th/card-img/th00011761.png
Pokemon,แบล็ก & ไวท์,SV11s,วารุวิล,Krokorok,277/172,AR,https://asia.pokemon-card.com/th/card-img/th00011762.png
Pokemon,แบล็ก & ไวท์,SV11s,วารุเวียล,Krookodile,278/172,AR,https://asia.pokemon-card.com/th/card-img/th00011763.png
Pokemon,แบล็ก & ไวท์,SV11s,ซึรุกกุ,Scraggy,279/172,AR,https://asia.pokemon-card.com/th/card-img/th00011764.png
Pokemon,แบล็ก & ไวท์,SV11s,ซึรุซึคิน,Scrafty,280/172,AR,https://asia.pokemon-card.com/th/card-img/th00011765.png
Pokemon,แบล็ก & ไวท์,SV11s,ยาบุคุรอน,Trubbish,281/172,AR,https://asia.pokemon-card.com/th/card-img/th00011766.png
Pokemon,แบล็ก & ไวท์,SV11s,ดัสต์ดาส,Garbodor,282/172,AR,https://asia.pokemon-card.com/th/card-img/th00011767.png
Pokemon,แบล็ก & ไวท์,SV11s,โซรัว,Zorua,283/172,AR,https://asia.pokemon-card.com/th/card-img/th00011768.png
Pokemon,แบล็ก & ไวท์,SV11s,โซโรอาร์ค,Zoroark,284/172,AR,https://asia.pokemon-card.com/th/card-img/th00011769.png
Pokemon,แบล็ก & ไวท์,SV11s,วัลไจ,Vullaby,285/172,AR,https://asia.pokemon-card.com/th/card-img/th00011770.png
Pokemon,แบล็ก & ไวท์,SV11s,วัลจีนา,Mandibuzz,286/172,AR,https://asia.pokemon-card.com/th/card-img/th00011771.png
Pokemon,แบล็ก & ไวท์,SV11s,ดมโนซึ,Deino,287/172,AR,https://asia.pokemon-card.com/th/card-img/th00011772.png
Pokemon,แบล็ก & ไวท์,SV11s,จิเฮด,Zweilous,288/172,AR,https://asia.pokemon-card.com/th/card-img/th00011773.png
Pokemon,แบล็ก & ไวท์,SV11s,ชูวัลโก,Escavalier,289/172,AR,https://asia.pokemon-card.com/th/card-img/th00011774.png
Pokemon,แบล็ก & ไวท์,SV11s,เทสซีด,Ferroseed,290/172,AR,https://asia.pokemon-card.com/th/card-img/th00011775.png
Pokemon,แบล็ก & ไวท์,SV11s,นัทเทรย์,Ferrothorn,291/172,AR,https://asia.pokemon-card.com/th/card-img/th00011776.png
Pokemon,แบล็ก & ไวท์,SV11s,เกียร์,Klink,292/172,AR,https://asia.pokemon-card.com/th/card-img/th00011777.png
Pokemon,แบล็ก & ไวท์,SV11s,กิเกียร์,Klang,293/172,AR,https://asia.pokemon-card.com/th/card-img/th00011778.png
Pokemon,แบล็ก & ไวท์,SV11s,กิกิเกียร์,Klinklang,294/172,AR,https://asia.pokemon-card.com/th/card-img/th00011779.png
Pokemon,แบล็ก & ไวท์,SV11s,โคมาทานา,Pawniard,295/172,AR,https://asia.pokemon-card.com/th/card-img/th00011780.png
Pokemon,แบล็ก & ไวท์,SV11s,คิริคิซัน,Bisharp,296/172,AR,https://asia.pokemon-card.com/th/card-img/th00011781.png
Pokemon,แบล็ก & ไวท์,SV11s,ไอแอนท์,Durant,297/172,AR,https://asia.pokemon-card.com/th/card-img/th00011782.png
Pokemon,แบล็ก & ไวท์,SV11s,โคบัลออน,Cobalion,298/172,AR,https://asia.pokemon-card.com/th/card-img/th00011783.png
Pokemon,แบล็ก & ไวท์,SV11s,คิบาโกะ,Axew,299/172,AR,https://asia.pokemon-card.com/th/card-img/th00011784.png
Pokemon,แบล็ก & ไวท์,SV11s,โอโนนโดะ,Fraxure,300/172,AR,https://asia.pokemon-card.com/th/card-img/th00011785.png
Pokemon,แบล็ก & ไวท์,SV11s,โอโนโนคุส,Haxorus,301/172,AR,https://asia.pokemon-card.com/th/card-img/th00011786.png
Pokemon,แบล็ก & ไวท์,SV11s,คริมแกน,Druddigon,302/172,AR,https://asia.pokemon-card.com/th/card-img/th00011787.png
Pokemon,แบล็ก & ไวท์,SV11s,มิเนซูมิ,Patrat,303/172,AR,https://asia.pokemon-card.com/th/card-img/th00011788.png
Pokemon,แบล็ก & ไวท์,SV11s,มิรูฮอก,Watchog,304/172,AR,https://asia.pokemon-card.com/th/card-img/th00011789.png
Pokemon,แบล็ก & ไวท์,SV11s,โยเทอรี,Lillipup,305/172,AR,https://asia.pokemon-card.com/th/card-img/th00011790.png
Pokemon,แบล็ก & ไวท์,SV11s,เฮอเดอเรีย,Herdier,306/172,AR,https://asia.pokemon-card.com/th/card-img/th00011791.png
Pokemon,แบล็ก & ไวท์,SV11s,มูแลนด์,Stoutland,307/172,AR,https://asia.pokemon-card.com/th/card-img/th00011792.png
Pokemon,แบล็ก & ไวท์,SV11s,มาเมพาโตะ,Pidove,308/172,AR,https://asia.pokemon-card.com/th/card-img/th00011793.png
Pokemon,แบล็ก & ไวท์,SV11s,ฮาโทโบ,Tranquill,309/172,AR,https://asia.pokemon-card.com/th/card-img/th00011794.png
Pokemon,แบล็ก & ไวท์,SV11s,เคนโฮโล,Unfezant,310/172,AR,https://asia.pokemon-card.com/th/card-img/th00011795.png
Pokemon,แบล็ก & ไวท์,SV11s,ทาบุนเนะ,Audino,311/172,AR,https://asia.pokemon-card.com/th/card-img/th00011796.png
Pokemon,แบล็ก & ไวท์,SV11s,จิลามี,Minccino,312/172,AR,https://asia.pokemon-card.com/th/card-img/th00011797.png
Pokemon,แบล็ก & ไวท์,SV11s,จิลาจีโน,Cinccino,313/172,AR,https://asia.pokemon-card.com/th/card-img/th00011798.png
Pokemon,แบล็ก & ไวท์,SV11s,วาชิบอน,Rufflet,314/172,AR,https://asia.pokemon-card.com/th/card-img/th00011799.png
Pokemon,แบล็ก & ไวท์,SV11s,วอร์เกิล,Braviary,315/172,AR,https://asia.pokemon-card.com/th/card-img/th00011800.png
Pokemon,แบล็ก & ไวท์,SV11s,ทอร์เนลอส,Tornadus,316/172,AR,https://asia.pokemon-card.com/th/card-img/th00011801.png
Pokemon,แบล็ก & ไวท์,SV11s,จาโลดา ex,Serperior ex,317/172,SR,https://asia.pokemon-card.com/th/card-img/th00011802.png
Pokemon,แบล็ก & ไวท์,SV11s,เอลฟูน ex,Whimsicott ex,318/172,SR,https://asia.pokemon-card.com/th/card-img/th00011803.png
Pokemon,แบล็ก & ไวท์,SV11s,เรชิรัม ex,Reshiram ex,319/172,SR,https://asia.pokemon-card.com/th/card-img/th00011804.png
Pokemon,แบล็ก & ไวท์,SV11s,คิวเรม ex,Kyurem ex,320/172,SR,https://asia.pokemon-card.com/th/card-img/th00011805.png
Pokemon,แบล็ก & ไวท์,SV11s,เคลดิโอ ex,Keldeo ex,321/172,SR,https://asia.pokemon-card.com/th/card-img/th00011806.png
Pokemon,แบล็ก & ไวท์,SV11s,เซครอม ex,Zekrom ex,322/172,SR,https://asia.pokemon-card.com/th/card-img/th00011807.png
Pokemon,แบล็ก & ไวท์,SV11s,บูรุนเจล ex,Jellicent ex,323/172,SR,https://asia.pokemon-card.com/th/card-img/th00011808.png
Pokemon,แบล็ก & ไวท์,SV11s,เมโลเอตตา ex,Meloetta ex,324/172,SR,https://asia.pokemon-card.com/th/card-img/th00011809.png
Pokemon,แบล็ก & ไวท์,SV11s,โดริวซึ ex,Excadrill ex,325/172,SR,https://asia.pokemon-card.com/th/card-img/th00011810.png
Pokemon,แบล็ก & ไวท์,SV11s,ซาซันดรา ex,Hydreigon ex,326/172,SR,https://asia.pokemon-card.com/th/card-img/th00011811.png
Pokemon,แบล็ก & ไวท์,SV11s,เกโนเซ็กท์ ex,Genesect ex,327/172,SR,https://asia.pokemon-card.com/th/card-img/th00011812.png
Pokemon,แบล็ก & ไวท์,SV11s,บัฟฟรอน ex,Bouffalant ex,328/172,SR,https://asia.pokemon-card.com/th/card-img/th00011813.png
Pokemon,แบล็ก & ไวท์,SV11s,การวางพล็อตของ N,N's Plan,329/172,SR,https://asia.pokemon-card.com/th/card-img/th00011814.png
Pokemon,แบล็ก & ไวท์,SV11s,ตัวตลก,Harlequin,330/172,SR,https://asia.pokemon-card.com/th/card-img/th00011815.png
Pokemon,แบล็ก & ไวท์,SV11s,โทโกะ,Hilda,331/172,SR,https://asia.pokemon-card.com/th/card-img/th00011816.png
Pokemon,แบล็ก & ไวท์,SV11s,มาโกโมะ,Fennel,332/172,SR,https://asia.pokemon-card.com/th/card-img/th00011817.png
Pokemon,แบล็ก & ไวท์,SV11s,จาโลดา ex,Serperior ex,333/172,SAR,https://asia.pokemon-card.com/th/card-img/th00011818.png
Pokemon,แบล็ก & ไวท์,SV11s,เอลฟูน ex,Whimsicott ex,334/172,SAR,https://asia.pokemon-card.com/th/card-img/th00011819.png
Pokemon,แบล็ก & ไวท์,SV11s,เรชิรัม ex,Reshiram ex,335/172,SAR,https://asia.pokemon-card.com/th/card-img/th00011820.png
Pokemon,แบล็ก & ไวท์,SV11s,คิวเรม ex,Kyurem ex,336/172,SAR,https://asia.pokemon-card.com/th/card-img/th00011821.png
Pokemon,แบล็ก & ไวท์,SV11s,เคลดิโอ ex,Keldeo ex,337/172,SAR,https://asia.pokemon-card.com/th/card-img/th00011822.png
Pokemon,แบล็ก & ไวท์,SV11s,เซครอม ex,Zekrom ex,338/172,SAR,https://asia.pokemon-card.com/th/card-img/th00011823.png
Pokemon,แบล็ก & ไวท์,SV11s,บูรุนเจล ex,Jellicent ex,339/172,SAR,https://asia.pokemon-card.com/th/card-img/th00011824.png
Pokemon,แบล็ก & ไวท์,SV11s,เมโลเอตตา ex,Meloetta ex,340/172,SAR,https://asia.pokemon-card.com/th/card-img/th00011825.png
Pokemon,แบล็ก & ไวท์,SV11s,โดริวซึ ex,Excadrill ex,341/172,SAR,https://asia.pokemon-card.com/th/card-img/th00011826.png
Pokemon,แบล็ก & ไวท์,SV11s,ซาซันดรา ex,Hydreigon ex,342/172,SAR,https://asia.pokemon-card.com/th/card-img/th00011827.png
Pokemon,แบล็ก & ไวท์,SV11s,เกโนเซ็กท์ ex,Genesect ex,343/172,SAR,https://asia.pokemon-card.com/th/card-img/th00011828.png
Pokemon,แบล็ก & ไวท์,SV11s,บัฟฟรอน ex,Bouffalant ex,344/172,SAR,https://asia.pokemon-card.com/th/card-img/th00011829.png
Pokemon,แบล็ก & ไวท์,SV11s,การวางพล็อตของ N,N's Plan,345/172,SAR,https://asia.pokemon-card.com/th/card-img/th00011830.png
Pokemon,แบล็ก & ไวท์,SV11s,โทโกะ,Hilda,346/172,SAR,https://asia.pokemon-card.com/th/card-img/th00011831.png
Pokemon,แบล็ก & ไวท์,SV11s,เรชิรัม ex,Reshiram ex,347/172,BWR,https://asia.pokemon-card.com/th/card-img/th00011832.png
Pokemon,แบล็ก & ไวท์,SV11s,เซครอม ex,Zekrom ex,348/172,BWR,https://asia.pokemon-card.com/th/card-img/th00011833.png
Pokemon,การผงาดของผู้ไร้พ่าย,SV10s,ไคลอส ของฮิบิกิ,Ethan's Pinsir,001/138,C,https://asia.pokemon-card.com/th/card-img/th00011297.png
Pokemon,การผงาดของผู้ไร้พ่าย,SV10s,คุนุกิดามะ,Pineco,002/138,C,https://asia.pokemon-card.com/th/card-img/th00011298.png
Pokemon,การผงาดของผู้ไร้พ่าย,SV10s,คิโนโคโค,Shroomish,003/138,C,https://asia.pokemon-card.com/th/card-img/th00011299.png
Pokemon,การผงาดของผู้ไร้พ่าย,SV10s,คิโนกัซซา,Breloom,004/138,C,https://asia.pokemon-card.com/th/card-img/th00011300.png
Pokemon,การผงาดของผู้ไร้พ่าย,SV10s,โรเซเลีย ของชิโรนะ,Cynthia's Roselia,005/138,C,https://asia.pokemon-card.com/th/card-img/th00011301.png
Pokemon,การผงาดของผู้ไร้พ่าย,SV10s,โรสเรด ของชิโรนะ,Cynthia's Roserade,006/138,R,https://asia.pokemon-card.com/th/card-img/th00011302.png
Pokemon,การผงาดของผู้ไร้พ่าย,SV10s,คัตโรตอม,Mow Rotom,007/138,C,https://asia.pokemon-card.com/th/card-img/th00011303.png
Pokemon,การผงาดของผู้ไร้พ่าย,SV10s,คาริคิริ,Fomantis,008/138,C,https://asia.pokemon-card.com/th/card-img/th00011304.png
Pokemon,การผงาดของผู้ไร้พ่าย,SV10s,รารันเทส,Lurantis,009/138,U,https://asia.pokemon-card.com/th/card-img/th00011305.png
Pokemon,การผงาดของผู้ไร้พ่าย,SV10s,ซัจจิมุชิ ของแก๊งร็อกเกต,Team Rocket's Blipbug,010/138,C,https://asia.pokemon-card.com/th/card-img/th00011306.png
Pokemon,การผงาดของผู้ไร้พ่าย,SV10s,ทามันทูล่า ของแก๊งร็อกเกต,Team Rocket's Tarountula,011/138,C,https://asia.pokemon-card.com/th/card-img/th00011307.png
Pokemon,การผงาดของผู้ไร้พ่าย,SV10s,วาไนเดอร์ ของแก๊งร็อกเกต,Team Rocket's Spidops,012/138,R,https://asia.pokemon-card.com/th/card-img/th00011308.png
Pokemon,การผงาดของผู้ไร้พ่าย,SV10s,มินีฟ,Smoliv,013/138,C,https://asia.pokemon-card.com/th/card-img/th00011309.png
Pokemon,การผงาดของผู้ไร้พ่าย,SV10s,โอลีเนียว,Dolliv,014/138,C,https://asia.pokemon-card.com/th/card-img/th00011310.png
Pokemon,การผงาดของผู้ไร้พ่าย,SV10s,โอลีวา ex,Arboliva ex,015/138,RR,https://asia.pokemon-card.com/th/card-img/th00011311.png
Pokemon,การผงาดของผู้ไร้พ่าย,SV10s,การ์ดี,Growlithe,016/138,C,https://asia.pokemon-card.com/th/card-img/th00011312.png
Pokemon,การผงาดของผู้ไร้พ่าย,SV10s,วินดี,Arcanine,017/138,U,https://asia.pokemon-card.com/th/card-img/th00011313.png
Pokemon,การผงาดของผู้ไร้พ่าย,SV10s,ไฟเยอร์ ex ของแก๊งร็อกเกต,Team Rocket's Moltres ex,018/138,RR,https://asia.pokemon-card.com/th/card-img/th00011314.png
Pokemon,การผงาดของผู้ไร้พ่าย,SV10s,ฮิโนอาราชิ ของฮิบิกิ,Ethan's Cyndaquil,019/138,C,https://asia.pokemon-card.com/th/card-img/th00011315.png
Pokemon,การผงาดของผู้ไร้พ่าย,SV10s,แม็กมาราชิ ของฮิบิกิ,Ethan's Quilava,020/138,C,https://asia.pokemon-card.com/th/card-img/th00011316.png
Pokemon,การผงาดของผู้ไร้พ่าย,SV10s,บาคุฟูน ของฮิบิกิ,Ethan's Typhlosion,021/138,R,https://asia.pokemon-card.com/th/card-img/th00011317.png
Pokemon,การผงาดของผู้ไร้พ่าย,SV10s,มักแม็ก ของฮิบิกิ,Ethan's Slugma,022/138,C,https://asia.pokemon-card.com/th/card-img/th00011318.png
Pokemon,การผงาดของผู้ไร้พ่าย,SV10s,มักคาร์โก ของฮิบิกิ,Ethan's Magcargo,023/138,R,https://asia.pokemon-card.com/th/card-img/th00011319.png
Pokemon,การผงาดของผู้ไร้พ่าย,SV10s,เดลวิล ของแก๊งร็อกเกต,Team Rocket's Houndour,024/138,C,https://asia.pokemon-card.com/th/card-img/th00011320.png
Pokemon,การผงาดของผู้ไร้พ่าย,SV10s,เฮลการ์ ของแก๊งร็อกเกต,Team Rocket's Houndoom,025/138,U,https://asia.pokemon-card.com/th/card-img/th00011321.png
Pokemon,การผงาดของผู้ไร้พ่าย,SV10s,โฮโอ ex ของฮิบิกิ,Ethan's Ho-Oh ex,026/138,RR,https://asia.pokemon-card.com/th/card-img/th00011322.png
Pokemon,การผงาดของผู้ไร้พ่าย,SV10s,อาชาโม,Torchic,027/138,C,https://asia.pokemon-card.com/th/card-img/th00011323.png
Pokemon,การผงาดของผู้ไร้พ่าย,SV10s,วาคาชาโม,Combusken,028/138,C,https://asia.pokemon-card.com/th/card-img/th00011324.png
Pokemon,การผงาดของผู้ไร้พ่าย,SV10s,บาชาโม,Blaziken,029/138,R,https://asia.pokemon-card.com/th/card-img/th00011325.png
Pokemon,การผงาดของผู้ไร้พ่าย,SV10s,ฮีทโรตอม,Heat Rotom,030/138,C,https://asia.pokemon-card.com/th/card-img/th00011326.png
Pokemon,การผงาดของผู้ไร้พ่าย,SV10s,โคดัก ของคาซุมิ,Misty's Psyduck,031/138,U,https://asia.pokemon-card.com/th/card-img/th00011327.png
Pokemon,การผงาดของผู้ไร้พ่าย,SV10s,ฮิโตเดมัน ของคาซุมิ,Misty's Staryu,032/138,C,https://asia.pokemon-card.com/th/card-img/th00011328.png
Pokemon,การผงาดของผู้ไร้พ่าย,SV10s,สตาร์มี ของคาซุมิ,Misty's Starmie,033/138,U,https://asia.pokemon-card.com/th/card-img/th00011329.png
Pokemon,การผงาดของผู้ไร้พ่าย,SV10s,คอยคิง ของคาซุมิ,Misty's Magikarp,034/138,C,https://asia.pokemon-card.com/th/card-img/th00011330.png
Pokemon,การผงาดของผู้ไร้พ่าย,SV10s,เกียราดอส ของคาซุมิ,Misty's Gyarados,035/138,R,https://asia.pokemon-card.com/th/card-img/th00011331.png
Pokemon,การผงาดของผู้ไร้พ่าย,SV10s,ลาพลาซ ของคาซุมิ,Misty's Lapras,036/138,C,https://asia.pokemon-card.com/th/card-img/th00011332.png
Pokemon,การผงาดของผู้ไร้พ่าย,SV10s,ฟรีเซอร์ ของแก๊งร็อกเกต,Team Rocket's Articuno,037/138,R,https://asia.pokemon-card.com/th/card-img/th00011333.png
Pokemon,การผงาดของผู้ไร้พ่าย,SV10s,ฮินบาส ของชิโรนะ,Cynthia's Feebas,038/138,C,https://asia.pokemon-card.com/th/card-img/th00011334.png
Pokemon,การผงาดของผู้ไร้พ่าย,SV10s,มิโลคารอส ของชิโรนะ,Cynthia's Milotic,039/138,U,https://asia.pokemon-card.com/th/card-img/th00011335.png
Pokemon,การผงาดของผู้ไร้พ่าย,SV10s,ปาลูลุ,Clamperl,040/138,C,https://asia.pokemon-card.com/th/card-img/th00011336.png
Pokemon,การผงาดของผู้ไร้พ่าย,SV10s,ฮันเทล,Huntail,041/138,U,https://asia.pokemon-card.com/th/card-img/th00011337.png
Pokemon,การผงาดของผู้ไร้พ่าย,SV10s,ซาคุราบิส,Gorebyss,042/138,R,https://asia.pokemon-card.com/th/card-img/th00011338.png
Pokemon,การผงาดของผู้ไร้พ่าย,SV10s,บุยเซล,Buizel,043/138,C,https://asia.pokemon-card.com/th/card-img/th00011339.png
Pokemon,การผงาดของผู้ไร้พ่าย,SV10s,โฟลเซล,Floatzel,044/138,U,https://asia.pokemon-card.com/th/card-img/th00011340.png
Pokemon,การผงาดของผู้ไร้พ่าย,SV10s,ยูกิคาบูริ,Snover,045/138,C,https://asia.pokemon-card.com/th/card-img/th00011341.png
Pokemon,การผงาดของผู้ไร้พ่าย,SV10s,ยูกิโนะโอ,Abomasnow,046/138,U,https://asia.pokemon-card.com/th/card-img/th00011342.png
Pokemon,การผงาดของผู้ไร้พ่าย,SV10s,วอชโรตอม,Wash Rotom,047/138,C,https://asia.pokemon-card.com/th/card-img/th00011343.png
Pokemon,การผงาดของผู้ไร้พ่าย,SV10s,ซาชิคามาสึ,Arrokuda,048/138,C,https://asia.pokemon-card.com/th/card-img/th00011344.png
Pokemon,การผงาดของผู้ไร้พ่าย,SV10s,คามาสึโจ,Barraskewda,049/138,U,https://asia.pokemon-card.com/th/card-img/th00011345.png
Pokemon,การผงาดของผู้ไร้พ่าย,SV10s,อารุคุจิระ,Cetoddle,050/138,C,https://asia.pokemon-card.com/th/card-img/th00011346.png
Pokemon,การผงาดของผู้ไร้พ่าย,SV10s,ฮัลค์จิระ ex,Cetitan ex,051/138,RR,https://asia.pokemon-card.com/th/card-img/th00011347.png
Pokemon,การผงาดของผู้ไร้พ่าย,SV10s,เอเลบู,Electabuzz,052/138,C,https://asia.pokemon-card.com/th/card-img/th00011348.png
Pokemon,การผงาดของผู้ไร้พ่าย,SV10s,เอเลคิเบิล ex,Electivire ex,053/138,RR,https://asia.pokemon-card.com/th/card-img/th00011349.png
Pokemon,การผงาดของผู้ไร้พ่าย,SV10s,ธันเดอร์ ของแก๊งร็อกเกต,Team Rocket's Zapdos,054/138,R,https://asia.pokemon-card.com/th/card-img/th00011350.png
Pokemon,การผงาดของผู้ไร้พ่าย,SV10s,พิชู ของฮิบิกิ,Ethan's Pichu,055/138,C,https://asia.pokemon-card.com/th/card-img/th00011351.png
Pokemon,การผงาดของผู้ไร้พ่าย,SV10s,เมรีป ของแก๊งร็อกเกต,Team Rocket's Mareep,056/138,C,https://asia.pokemon-card.com/th/card-img/th00011352.png
Pokemon,การผงาดของผู้ไร้พ่าย,SV10s,โมโคโค ของแก๊งร็อกเกต,Team Rocket's Flaaffy,057/138,C,https://asia.pokemon-card.com/th/card-img/th00011353.png
Pokemon,การผงาดของผู้ไร้พ่าย,SV10s,เด็นริว ของแก๊งร็อกเกต,Team Rocket's Ampharos,058/138,U,https://asia.pokemon-card.com/th/card-img/th00011354.png
Pokemon,การผงาดของผู้ไร้พ่าย,SV10s,โรตอม,Rotom,059/138,C,https://asia.pokemon-card.com/th/card-img/th00011355.png
Pokemon,การผงาดของผู้ไร้พ่าย,SV10s,เซราโอรา,Zeraora,060/138,R,https://asia.pokemon-card.com/th/card-img/th00011356.png
Pokemon,การผงาดของผู้ไร้พ่าย,SV10s,สลีป ของแก๊งร็อกเกต,Team Rocket's Drowzee,061/138,C,https://asia.pokemon-card.com/th/card-img/th00011357.png
Pokemon,การผงาดของผู้ไร้พ่าย,SV10s,สลีปเปอร์ ของแก๊งร็อกเกต,Team Rocket's Hypno,062/138,U,https://asia.pokemon-card.com/th/card-img/th00011358.png
Pokemon,การผงาดของผู้ไร้พ่าย,SV10s,มิวทู ex ของแก๊งร็อกเกต,Team Rocket's Mewtwo ex,063/138,RR,https://asia.pokemon-card.com/th/card-img/th00011359.png
Pokemon,การผงาดของผู้ไร้พ่าย,SV10s,โซนานส์ ของแก๊งร็อกเกต,Team Rocket's Wobbuffet,064/138,R,https://asia.pokemon-card.com/th/card-img/th00011360.png
Pokemon,การผงาดของผู้ไร้พ่าย,SV10s,ลีชาน ของแก๊งร็อกเกต,Team Rocket's Chingling,065/138,C,https://asia.pokemon-card.com/th/card-img/th00011361.png
Pokemon,การผงาดของผู้ไร้พ่าย,SV10s,มิมิคคิว ของแก๊งร็อกเกต,Team Rocket's Mimikyu,066/138,U,https://asia.pokemon-card.com/th/card-img/th00011362.png
Pokemon,การผงาดของผู้ไร้พ่าย,SV10s,เรโดมุชิ ของแก๊งร็อกเกต,Team Rocket's Dottler,067/138,C,https://asia.pokemon-card.com/th/card-img/th00011363.png
Pokemon,การผงาดของผู้ไร้พ่าย,SV10s,อิออร์บ ของแก๊งร็อกเกต,Team Rocket's Orbeetle,068/138,U,https://asia.pokemon-card.com/th/card-img/th00011364.png
Pokemon,การผงาดของผู้ไร้พ่าย,SV10s,แมนคี,Mankey,069/138,C,https://asia.pokemon-card.com/th/card-img/th00011365.png
Pokemon,การผงาดของผู้ไร้พ่าย,SV10s,โอโคริซารุ,Primeape,070/138,C,https://asia.pokemon-card.com/th/card-img/th00011366.png
Pokemon,การผงาดของผู้ไร้พ่าย,SV10s,โคโนะโยซารุ,Annihilape,071/138,R,https://asia.pokemon-card.com/th/card-img/th00011367.png
Pokemon,การผงาดของผู้ไร้พ่าย,SV10s,อุซกกี ของฮิบิกิ,Ethan's Sudowoodo,072/138,C,https://asia.pokemon-card.com/th/card-img/th00011368.png
Pokemon,การผงาดของผู้ไร้พ่าย,SV10s,โยกิราส ของแก๊งร็อกเกต,Team Rocket's Larvitar,073/138,C,https://asia.pokemon-card.com/th/card-img/th00011369.png
Pokemon,การผงาดของผู้ไร้พ่าย,SV10s,ซานากิราส ของแก๊งร็อกเกต,Team Rocket's Pupitar,074/138,U,https://asia.pokemon-card.com/th/card-img/th00011370.png
Pokemon,การผงาดของผู้ไร้พ่าย,SV10s,บันกิราส ของแก๊งร็อกเกต,Team Rocket's Tyranitar,075/138,R,https://asia.pokemon-card.com/th/card-img/th00011371.png
Pokemon,การผงาดของผู้ไร้พ่าย,SV10s,โนซพาส,Nosepass,076/138,C,https://asia.pokemon-card.com/th/card-img/th00011372.png
Pokemon,การผงาดของผู้ไร้พ่าย,SV10s,ไดโนซ,Probopass,077/138,U,https://asia.pokemon-card.com/th/card-img/th00011373.png
Pokemon,การผงาดของผู้ไร้พ่าย,SV10s,อาซานัน,Meditite,078/138,C,https://asia.pokemon-card.com/th/card-img/th00011374.png
Pokemon,การผงาดของผู้ไร้พ่าย,SV10s,ชาเรม,Medicham,079/138,U,https://asia.pokemon-card.com/th/card-img/th00011375.png
Pokemon,การผงาดของผู้ไร้พ่าย,SV10s,เรจิร็อก ex,Regirock ex,080/138,RR,https://asia.pokemon-card.com/th/card-img/th00011376.png
Pokemon,การผงาดของผู้ไร้พ่าย,SV10s,ฟุคามารุ ของชิโรนะ,Cynthia's Gible,081/138,C,https://asia.pokemon-card.com/th/card-img/th00011377.png
Pokemon,การผงาดของผู้ไร้พ่าย,SV10s,กาไบต์ ของชิโรนะ,Cynthia's Gabite,082/138,C,https://asia.pokemon-card.com/th/card-img/th00011378.png
Pokemon,การผงาดของผู้ไร้พ่าย,SV10s,กาเบรียส ex ของชิโรนะ,Cynthia's Garchomp ex,083/138,RR,https://asia.pokemon-card.com/th/card-img/th00011379.png
Pokemon,การผงาดของผู้ไร้พ่าย,SV10s,โนโนะคุราเกะ ของเปปเปอร์,Arven's Toedscool,084/138,C,https://asia.pokemon-card.com/th/card-img/th00011380.png
Pokemon,การผงาดของผู้ไร้พ่าย,SV10s,ริคุคุราเกะ ของเปปเปอร์,Arven's Toedscruel,085/138,U,https://asia.pokemon-card.com/th/card-img/th00011381.png
Pokemon,การผงาดของผู้ไร้พ่าย,SV10s,อาร์โบ ของแก๊งร็อกเกต,Team Rocket's Ekans,086/138,C,https://asia.pokemon-card.com/th/card-img/th00011382.png
Pokemon,การผงาดของผู้ไร้พ่าย,SV10s,อาร์บ็อก ของแก๊งร็อกเกต,Team Rocket's Arbok,087/138,U,https://asia.pokemon-card.com/th/card-img/th00011383.png
Pokemon,การผงาดของผู้ไร้พ่าย,SV10s,นิโดรัน♀ ของแก๊งร็อกเกต,Team Rocket's Nidoranâ™€,088/138,C,https://asia.pokemon-card.com/th/card-img/th00011384.png
Pokemon,การผงาดของผู้ไร้พ่าย,SV10s,นิโดรินา ของแก๊งร็อกเกต,Team Rocket's Nidorina,089/138,C,https://asia.pokemon-card.com/th/card-img/th00011385.png
Pokemon,การผงาดของผู้ไร้พ่าย,SV10s,นิโดควีน ของแก๊งร็อกเกต,Team Rocket's Nidoqueen,090/138,U,https://asia.pokemon-card.com/th/card-img/th00011386.png
Pokemon,การผงาดของผู้ไร้พ่าย,SV10s,นิโดรัน♂ ของแก๊งร็อกเกต,Team Rocket's Nidoranâ™‚,091/138,C,https://asia.pokemon-card.com/th/card-img/th00011387.png
Pokemon,การผงาดของผู้ไร้พ่าย,SV10s,นิโดริโน ของแก๊งร็อกเกต,Team Rocket's Nidorino,092/138,C,https://asia.pokemon-card.com/th/card-img/th00011388.png
Pokemon,การผงาดของผู้ไร้พ่าย,SV10s,นิโดคิง ex ของแก๊งร็อกเกต,Team Rocket's Nidoking ex,093/138,RR,https://asia.pokemon-card.com/th/card-img/th00011389.png
Pokemon,การผงาดของผู้ไร้พ่าย,SV10s,ซูแบท ของแก๊งร็อกเกต,Team Rocket's Zubat,094/138,C,https://asia.pokemon-card.com/th/card-img/th00011390.png
Pokemon,การผงาดของผู้ไร้พ่าย,SV10s,โกลแบท ของแก๊งร็อกเกต,Team Rocket's Golbat,095/138,U,https://asia.pokemon-card.com/th/card-img/th00011391.png
Pokemon,การผงาดของผู้ไร้พ่าย,SV10s,โครแบท ex ของแก๊งร็อกเกต,Team Rocket's Crobat ex,096/138,RR,https://asia.pokemon-card.com/th/card-img/th00011392.png
Pokemon,การผงาดของผู้ไร้พ่าย,SV10s,เบโตเบตา ของแก๊งร็อกเกต,Team Rocket's Grimer,097/138,C,https://asia.pokemon-card.com/th/card-img/th00011393.png
Pokemon,การผงาดของผู้ไร้พ่าย,SV10s,เบโตเบตัน ของแก๊งร็อกเกต,Team Rocket's Muk,098/138,U,https://asia.pokemon-card.com/th/card-img/th00011394.png
Pokemon,การผงาดของผู้ไร้พ่าย,SV10s,โดกาซ ของแก๊งร็อกเกต,Team Rocket's Koffing,099/138,C,https://asia.pokemon-card.com/th/card-img/th00011395.png
Pokemon,การผงาดของผู้ไร้พ่าย,SV10s,มาตาโดกัซ ของแก๊งร็อกเก,Team Rocket's Weezing,100/138,U,https://asia.pokemon-card.com/th/card-img/th00011396.png
Pokemon,การผงาดของผู้ไร้พ่าย,SV10s,ยามิคาราซึ ของแก๊งร็อกเกต,Team Rocket's Murkrow,101/138,U,https://asia.pokemon-card.com/th/card-img/th00011397.png
Pokemon,การผงาดของผู้ไร้พ่าย,SV10s,นิวลา ของแก๊งร็อกเกต,Team Rocket's Sneasel,102/138,R,https://asia.pokemon-card.com/th/card-img/th00011398.png
Pokemon,การผงาดของผู้ไร้พ่าย,SV10s,มิคารูเกะ ของชิโรนะ,Cynthia's Spiritomb,103/138,U,https://asia.pokemon-card.com/th/card-img/th00011399.png
Pokemon,การผงาดของผู้ไร้พ่าย,SV10s,โอราทิฟ ของเปปเปอร์,Arven's Maschiff,104/138,C,https://asia.pokemon-card.com/th/card-img/th00011400.png
Pokemon,การผงาดของผู้ไร้พ่าย,SV10s,มาฟีทิฟ ex ของเปปเปอร์,Arven's Mabosstiff ex,105/138,RR,https://asia.pokemon-card.com/th/card-img/th00011401.png
Pokemon,การผงาดของผู้ไร้พ่าย,SV10s,ฟอเรทอส,Forretress,106/138,U,https://asia.pokemon-card.com/th/card-img/th00011402.png
Pokemon,การผงาดของผู้ไร้พ่าย,SV10s,แอร์มุโด,Skarmory,107/138,C,https://asia.pokemon-card.com/th/card-img/th00011403.png
Pokemon,การผงาดของผู้ไร้พ่าย,SV10s,ซามาเซนตา,Zamazenta,108/138,R,https://asia.pokemon-card.com/th/card-img/th00011404.png
Pokemon,การผงาดของผู้ไร้พ่าย,SV10s,โครัตตา ของแก๊งร็อกเกต,Team Rocket's Rattata,109/138,C,https://asia.pokemon-card.com/th/card-img/th00011405.png
Pokemon,การผงาดของผู้ไร้พ่าย,SV10s,รัตตา ของแก๊งร็อกเกต,Team Rocket's Raticate,110/138,C,https://asia.pokemon-card.com/th/card-img/th00011406.png
Pokemon,การผงาดของผู้ไร้พ่าย,SV10s,เนียส ของแก๊งร็อกเกต,Team Rocket's Meowth,111/138,C,https://asia.pokemon-card.com/th/card-img/th00011407.png
Pokemon,การผงาดของผู้ไร้พ่าย,SV10s,เปอร์เซียน ex ของแก๊งร็อกเกต,Team Rocket's Persian ex,112/138,RR,https://asia.pokemon-card.com/th/card-img/th00011408.png
Pokemon,การผงาดของผู้ไร้พ่าย,SV10s,การูรา,Kangaskhan,113/138,C,https://asia.pokemon-card.com/th/card-img/th00011409.png
Pokemon,การผงาดของผู้ไร้พ่าย,SV10s,เคนเทารอส,Tauros,114/138,C,https://asia.pokemon-card.com/th/card-img/th00011410.png
Pokemon,การผงาดของผู้ไร้พ่าย,SV10s,โพรีกอน ของแก๊งร็อกเกต,Team Rocket's Porygon,115/138,C,https://asia.pokemon-card.com/th/card-img/th00011411.png
Pokemon,การผงาดของผู้ไร้พ่าย,SV10s,โพรีกอน2 ของแก๊งร็อกเกต,Team Rocket's Porygon2,116/138,C,https://asia.pokemon-card.com/th/card-img/th00011412.png
Pokemon,การผงาดของผู้ไร้พ่าย,SV10s,โพรีกอน-แซด ของแก๊งร็อกเกต,Team Rocket's Porygon-Z,117/138,U,https://asia.pokemon-card.com/th/card-img/th00011413.png
Pokemon,การผงาดของผู้ไร้พ่าย,SV10s,สึบาเมะ,Taillow,118/138,C,https://asia.pokemon-card.com/th/card-img/th00011414.png
Pokemon,การผงาดของผู้ไร้พ่าย,SV10s,โอโอสึบาเมะ,Swellow,119/138,C,https://asia.pokemon-card.com/th/card-img/th00011415.png
Pokemon,การผงาดของผู้ไร้พ่าย,SV10s,โฮชิกะริสึ ของเปปเปอร์,Arven's Skwovet,120/138,C,https://asia.pokemon-card.com/th/card-img/th00011416.png
Pokemon,การผงาดของผู้ไร้พ่าย,SV10s,โยคุบะริสึ ของเปปเปอร์,Arven's Greedent,121/138,R,https://asia.pokemon-card.com/th/card-img/th00011417.png
Pokemon,การผงาดของผู้ไร้พ่าย,SV10s,อิคิริงโกะ,Squawkabilly,122/138,C,https://asia.pokemon-card.com/th/card-img/th00011418.png
Pokemon,การผงาดของผู้ไร้พ่าย,SV10s,ขี้เถ้าศักดิ์สิทธิ์,Sacred Ash,123/138,U,https://asia.pokemon-card.com/th/card-img/th00011419.png
Pokemon,การผงาดของผู้ไร้พ่าย,SV10s,แซนด์วิชของเปปเปอร์,Arven's Sandwich,124/138,U,https://asia.pokemon-card.com/th/card-img/th00011420.png
Pokemon,การผงาดของผู้ไร้พ่าย,SV10s,บอเธอร์-บ็อต ของแก๊งร็อกเกต,Team Rocket's Bother-Bot,125/138,U,https://asia.pokemon-card.com/th/card-img/th00011421.png
Pokemon,การผงาดของผู้ไร้พ่าย,SV10s,ซูเปอร์บอลของแก๊งร็อกเกต>,Team Rocket's Great Ball,126/138,U,https://asia.pokemon-card.com/th/card-img/th00011422.png
Pokemon,การผงาดของผู้ไร้พ่าย,SV10s,เวนเจอร์บอมบ์ของแก๊งร็อกเกต,Team Rocket's Venture Bomb,127/138,U,https://asia.pokemon-card.com/th/card-img/th00011423.png
Pokemon,การผงาดของผู้ไร้พ่าย,SV10s,ทรานซีฟเวอร์ของแก๊งร็อกเกต,Team Rocket's Transceiver,128/138,U,https://asia.pokemon-card.com/th/card-img/th00011424.png
Pokemon,การผงาดของผู้ไร้พ่าย,SV10s,พาวเวอร์เวท ของชิโรนะ,Cynthia's Power Weight,129/138,U,https://asia.pokemon-card.com/th/card-img/th00011425.png
Pokemon,การผงาดของผู้ไร้พ่าย,SV10s,การผจญภัยของฮิบิกิ,Ethan's Adventure,130/138,U,https://asia.pokemon-card.com/th/card-img/th00011426.png
Pokemon,การผงาดของผู้ไร้พ่าย,SV10s,อาเธนาแห่งแก๊งร็อกเกต,Team Rocket's Ariana,131/138,U,https://asia.pokemon-card.com/th/card-img/th00011427.png
Pokemon,การผงาดของผู้ไร้พ่าย,SV10s,อะพอลโลแห่งแก๊งร็อกเกต,Team Rocket's Archer,132/138,U,https://asia.pokemon-card.com/th/card-img/th00011428.png
Pokemon,การผงาดของผู้ไร้พ่าย,SV10s,ซาคากิแห่งแก๊งร็อกเกต,Team Rocket's Giovanni,133/138,U,https://asia.pokemon-card.com/th/card-img/th00011429.png
Pokemon,การผงาดของผู้ไร้พ่าย,SV10s,แลมด้าแห่งแก๊งร็อกเกต,Team Rocket's Petrel,134/138,U,https://asia.pokemon-card.com/th/card-img/th00011430.png
Pokemon,การผงาดของผู้ไร้พ่าย,SV10s,แลนซ์แห่งแก๊งร็อกเกต,Team Rocket's Proton,135/138,U,https://asia.pokemon-card.com/th/card-img/th00011431.png
Pokemon,การผงาดของผู้ไร้พ่าย,SV10s,หอเฝ้าระวังของแก๊งร็อกเกต,Team Rocket's Watchtower,136/138,U,https://asia.pokemon-card.com/th/card-img/th00011432.png
Pokemon,การผงาดของผู้ไร้พ่าย,SV10s,โรงงานของแก๊งร็อกเกต,Team Rocket's Factory,137/138,U,https://asia.pokemon-card.com/th/card-img/th00011433.png
Pokemon,การผงาดของผู้ไร้พ่าย,SV10s,พลังงานแก๊งร็อกเกต,Team Rocket's Energy,138/138,U,https://asia.pokemon-card.com/th/card-img/th00011434.png
Pokemon,การผงาดของผู้ไร้พ่าย,SV10s,โรสเรด ของชิโรนะ,Cynthia's Roserade,139/138,AR,https://asia.pokemon-card.com/th/card-img/th00011607.png
Pokemon,การผงาดของผู้ไร้พ่าย,SV10s,วาไนเดอร์ ของแก๊งร็อกเกต,Team Rocket's Spidops,140/138,AR,https://asia.pokemon-card.com/th/card-img/th00011608.png
Pokemon,การผงาดของผู้ไร้พ่าย,SV10s,บาคุฟูน ของฮิบิกิ,Ethan's Typhlosion,141/138,AR,https://asia.pokemon-card.com/th/card-img/th00011609.png
Pokemon,การผงาดของผู้ไร้พ่าย,SV10s,เฮลการ์ ของแก๊งร็อกเกต,Team Rocket's Houndoom,142/138,AR,https://asia.pokemon-card.com/th/card-img/th00011610.png
Pokemon,การผงาดของผู้ไร้พ่าย,SV10s,บาชาโม,Blaziken,143/138,AR,https://asia.pokemon-card.com/th/card-img/th00011611.png
Pokemon,การผงาดของผู้ไร้พ่าย,SV10s,โคดัก ของคาซุมิ,Misty's Psyduck,144/138,AR,https://asia.pokemon-card.com/th/card-img/th00011612.png
Pokemon,การผงาดของผู้ไร้พ่าย,SV10s,ลาพลาซ ของคาซุมิ,Misty's Lapras,145/138,AR,https://asia.pokemon-card.com/th/card-img/th00011613.png
Pokemon,การผงาดของผู้ไร้พ่าย,SV10s,ปาลูลุ,Clamperl,146/138,AR,https://asia.pokemon-card.com/th/card-img/th00011614.png
Pokemon,การผงาดของผู้ไร้พ่าย,SV10s,โรตอม,Rotom,147/138,AR,https://asia.pokemon-card.com/th/card-img/th00011615.png
Pokemon,การผงาดของผู้ไร้พ่าย,SV10s,โซนานส์ ของแก๊งร็อกเกต,Team Rocket's Wobbuffet,148/138,AR,https://asia.pokemon-card.com/th/card-img/th00011616.png
Pokemon,การผงาดของผู้ไร้พ่าย,SV10s,อิออร์บ ของแก๊งร็อกเกต,Team Rocket's Orbeetle,149/138,AR,https://asia.pokemon-card.com/th/card-img/th00011617.png
Pokemon,การผงาดของผู้ไร้พ่าย,SV10s,มาตาโดกัซ ของแก๊งร็อกเกต,Team Rocket's Weezing,150/138,AR,https://asia.pokemon-card.com/th/card-img/th00011618.png
Pokemon,การผงาดของผู้ไร้พ่าย,SV10s,ยามิคาราซึ ของแก๊งร็อกเกต,Team Rocket's Murkrow,151/138,AR,https://asia.pokemon-card.com/th/card-img/th00011619.png
Pokemon,การผงาดของผู้ไร้พ่าย,SV10s,ซามาเซนตา,Zamazenta,152/138,AR,https://asia.pokemon-card.com/th/card-img/th00011620.png
Pokemon,การผงาดของผู้ไร้พ่าย,SV10s,รัตตา ของแก๊งร็อกเกต,Team Rocket's Raticate,153/138,AR,https://asia.pokemon-card.com/th/card-img/th00011621.png
Pokemon,การผงาดของผู้ไร้พ่าย,SV10s,เนียส ของแก๊งร็อกเกต,Team Rocket's Meowth,154/138,AR,https://asia.pokemon-card.com/th/card-img/th00011622.png
Pokemon,การผงาดของผู้ไร้พ่าย,SV10s,การูรา,Kangaskhan,155/138,AR,https://asia.pokemon-card.com/th/card-img/th00011623.png
Pokemon,การผงาดของผู้ไร้พ่าย,SV10s,โยคุบะริสึ ของเปปเปอร์,Arven's Greedent,156/138,AR,https://asia.pokemon-card.com/th/card-img/th00011624.png
Pokemon,การผงาดของผู้ไร้พ่าย,SV10s,โอลีวา ex,Arboliva ex,157/138,SR,https://asia.pokemon-card.com/th/card-img/th00011625.png
Pokemon,การผงาดของผู้ไร้พ่าย,SV10s,ไฟเยอร์ ex ของแก๊งร็อกเกต,Team Rocket's Moltres ex,158/138,SR,https://asia.pokemon-card.com/th/card-img/th00011626.png
Pokemon,การผงาดของผู้ไร้พ่าย,SV10s,โฮโอ ex ของฮิบิกิ,Ethan's Ho-Oh ex,159/138,SR,https://asia.pokemon-card.com/th/card-img/th00011627.png
Pokemon,การผงาดของผู้ไร้พ่าย,SV10s,ฮัลค์จิระ ex,Cetitan ex,160/138,SR,https://asia.pokemon-card.com/th/card-img/th00011628.png
Pokemon,การผงาดของผู้ไร้พ่าย,SV10s,เอเลคิเบิล ex,Electivire ex,161/138,SR,https://asia.pokemon-card.com/th/card-img/th00011629.png
Pokemon,การผงาดของผู้ไร้พ่าย,SV10s,มิวทู ex ของแก๊งร็อกเกต,Team Rocket's Mewtwo ex,162/138,SR,https://asia.pokemon-card.com/th/card-img/th00011630.png
Pokemon,การผงาดของผู้ไร้พ่าย,SV10s,เรจิร็อก ex,Regirock ex,163/138,SR,https://asia.pokemon-card.com/th/card-img/th00011631.png
Pokemon,การผงาดของผู้ไร้พ่าย,SV10s,กาเบรียส ex ของชิโรนะ,Cynthia's Garchomp ex,164/138,SR,https://asia.pokemon-card.com/th/card-img/th00011632.png
Pokemon,การผงาดของผู้ไร้พ่าย,SV10s,นิโดคิง ex ของแก๊งร็อกเกต,Team Rocket's Nidoking ex,165/138,SR,https://asia.pokemon-card.com/th/card-img/th00011633.png
Pokemon,การผงาดของผู้ไร้พ่าย,SV10s,โครแบท ex ของแก๊งร็อกเกต,Team Rocket's Crobat ex,166/138,SR,https://asia.pokemon-card.com/th/card-img/th00011634.png
Pokemon,การผงาดของผู้ไร้พ่าย,SV10s,มาฟีทิฟ ex ของเปปเปอร์,Arven's Mabosstiff ex,167/138,SR,https://asia.pokemon-card.com/th/card-img/th00011635.png
Pokemon,การผงาดของผู้ไร้พ่าย,SV10s,เปอร์เซียน ex ของแก๊งร็อกเกต,Team Rocket's Persian ex,168/138,SR,https://asia.pokemon-card.com/th/card-img/th00011636.png
Pokemon,การผงาดของผู้ไร้พ่าย,SV10s,การผจญภัยของฮิบิกิ,Ethan's Adventure,169/138,SR,https://asia.pokemon-card.com/th/card-img/th00011637.png
Pokemon,การผงาดของผู้ไร้พ่าย,SV10s,อาเธนาแห่งแก๊งร็อกเกต,Team Rocket's Ariana,170/138,SR,https://asia.pokemon-card.com/th/card-img/th00011638.png
Pokemon,การผงาดของผู้ไร้พ่าย,SV10s,อะพอลโลแห่งแก๊งร็อกเกต,Team Rocket's Archer,171/138,SR,https://asia.pokemon-card.com/th/card-img/th00011639.png
Pokemon,การผงาดของผู้ไร้พ่าย,SV10s,ซาคากิแห่งแก๊งร็อกเกต,Team Rocket's Giovanni,172/138,SR,https://asia.pokemon-card.com/th/card-img/th00011640.png
Pokemon,การผงาดของผู้ไร้พ่าย,SV10s,แลมด้าแห่งแก๊งร็อกเกต,Team Rocket's Petrel,173/138,SR,https://asia.pokemon-card.com/th/card-img/th00011641.png
Pokemon,การผงาดของผู้ไร้พ่าย,SV10s,แลนซ์แห่งแก๊งร็อกเกต,Team Rocket's Proton,174/138,SR,https://asia.pokemon-card.com/th/card-img/th00011642.png
Pokemon,การผงาดของผู้ไร้พ่าย,SV10s,ไฟเยอร์ ex ของแก๊งร็อกเกต,Team Rocket's Moltres ex,175/138,SAR,https://asia.pokemon-card.com/th/card-img/th00011643.png
Pokemon,การผงาดของผู้ไร้พ่าย,SV10s,โฮโอ ex ของฮิบิกิ,Ethan's Ho-Oh ex,176/138,SAR,https://asia.pokemon-card.com/th/card-img/th00011644.png
Pokemon,การผงาดของผู้ไร้พ่าย,SV10s,มิวทู ex ของแก๊งร็อกเกต,Team Rocket's Mewtwo ex,177/138,SAR,https://asia.pokemon-card.com/th/card-img/th00011645.png
Pokemon,การผงาดของผู้ไร้พ่าย,SV10s,กาเบรียส ex ของชิโรนะ,Cynthia's Garchomp ex,178/138,SAR,https://asia.pokemon-card.com/th/card-img/th00011646.png
Pokemon,การผงาดของผู้ไร้พ่าย,SV10s,นิโดคิง ex ของแก๊งร็อกเกต,Team Rocket's Nidoking ex,179/138,SAR,https://asia.pokemon-card.com/th/card-img/th00011647.png
Pokemon,การผงาดของผู้ไร้พ่าย,SV10s,โครแบท ex ของแก๊งร็อกเกต,Team Rocket's Crobat ex,180/138,SAR,https://asia.pokemon-card.com/th/card-img/th00011648.png
Pokemon,การผงาดของผู้ไร้พ่าย,SV10s,มาฟีทิฟ ex ของเปปเปอร์,Arven's Mabosstiff ex,181/138,SAR,https://asia.pokemon-card.com/th/card-img/th00011649.png
Pokemon,การผงาดของผู้ไร้พ่าย,SV10s,การผจญภัยของฮิบิกิ,Ethan's Adventure,182/138,SAR,https://asia.pokemon-card.com/th/card-img/th00011650.png
Pokemon,การผงาดของผู้ไร้พ่าย,SV10s,อาเธนาแห่งแก๊งร็อกเกต,Team Rocket's Ariana,183/138,SAR,https://asia.pokemon-card.com/th/card-img/th00011651.png
Pokemon,การผงาดของผู้ไร้พ่าย,SV10s,ซาคากิแห่งแก๊งร็อกเกต,Team Rocket's Giovanni,184/138,SAR,https://asia.pokemon-card.com/th/card-img/th00011652.png
Pokemon,การผงาดของผู้ไร้พ่าย,SV10s,โฮโอ ex ของฮิบิกิ,Ethan's Ho-Oh ex,185/138,UR,https://asia.pokemon-card.com/th/card-img/th00011653.png
Pokemon,การผงาดของผู้ไร้พ่าย,SV10s,มิวทู ex ของแก๊งร็อกเกต,Team Rocket's Mewtwo ex,186/138,UR,https://asia.pokemon-card.com/th/card-img/th00011654.png
Pokemon,การผงาดของผู้ไร้พ่าย,SV10s,กาเบรียส ex ของชิโรนะ,Cynthia's Garchomp ex,187/138,UR,https://asia.pokemon-card.com/th/card-img/th00011655.png
Pokemon,การผงาดของผู้ไร้พ่าย,SV10s,โครแบท ex ของแก๊งร็อกเกต,Team Rocket's Crobat ex,188/138,UR,https://asia.pokemon-card.com/th/card-img/th00011656.png
Pokemon,การผงาดของผู้ไร้พ่าย,SV10s,แจมมิงทาวเวอร์ ,Jamming Tower,189/138,UR,https://asia.pokemon-card.com/th/card-img/th00011657.png
Pokemon,สายใยแห่งโชคชะตา,SV9s,คาเตอร์ปี,Caterpie,001/139,C,https://assets.tcgdex.net/th/SV/SV9s/001/high.png
Pokemon,สายใยแห่งโชคชะตา,SV9s,ทรานเซล,Metapod,002/139,C,https://assets.tcgdex.net/th/SV/SV9s/002/high.png
Pokemon,สายใยแห่งโชคชะตา,SV9s,บัตเตอร์ฟรี,Butterfree,003/139,U,https://assets.tcgdex.net/th/SV/SV9s/003/high.png
Pokemon,สายใยแห่งโชคชะตา,SV9s,พารัส,Paras,004/139,C,https://assets.tcgdex.net/th/SV/SV9s/004/high.png
Pokemon,สายใยแห่งโชคชะตา,SV9s,พาราเซ็คท์,Parasect,005/139,C,https://assets.tcgdex.net/th/SV/SV9s/005/high.png
Pokemon,สายใยแห่งโชคชะตา,SV9s,ยันยันมา,Yanma,006/139,C,https://assets.tcgdex.net/th/SV/SV9s/006/high.png
Pokemon,สายใยแห่งโชคชะตา,SV9s,เมกะยันมาex,Yanmega ex,007/139,RR,https://assets.tcgdex.net/th/SV/SV9s/007/high.png
Pokemon,สายใยแห่งโชคชะตา,SV9s,เชมิน,Shaymin,008/139,U,https://assets.tcgdex.net/th/SV/SV9s/008/high.png
Pokemon,สายใยแห่งโชคชะตา,SV9s,มาราคัจจิ,Maractus,009/139,U,https://assets.tcgdex.net/th/SV/SV9s/009/high.png
Pokemon,สายใยแห่งโชคชะตา,SV9s,อิชิซึไม,Dwebble,010/139,C,https://assets.tcgdex.net/th/SV/SV9s/010/high.png
Pokemon,สายใยแห่งโชคชะตา,SV9s,อิวาพาเลซ,Crustle,011/139,R,https://assets.tcgdex.net/th/SV/SV9s/011/high.png
Pokemon,สายใยแห่งโชคชะตา,SV9s,คาบูรูโมะ,Karrablast,012/139,C,https://assets.tcgdex.net/th/SV/SV9s/012/high.png
Pokemon,สายใยแห่งโชคชะตา,SV9s,โชโบมากิ,Shelmet,013/139,C,https://assets.tcgdex.net/th/SV/SV9s/013/high.png
Pokemon,สายใยแห่งโชคชะตา,SV9s,อกิลดา,Accelgor,014/139,U,https://assets.tcgdex.net/th/SV/SV9s/014/high.png
Pokemon,สายใยแห่งโชคชะตา,SV9s,คาจิชชู,Applin,015/139,C,https://assets.tcgdex.net/th/SV/SV9s/015/high.png
Pokemon,สายใยแห่งโชคชะตา,SV9s,คามิชชู,Dipplin,016/139,C,https://assets.tcgdex.net/th/SV/SV9s/016/high.png
Pokemon,สายใยแห่งโชคชะตา,SV9s,คามิสึโอโรจิ,Hydrapple,017/139,R,https://assets.tcgdex.net/th/SV/SV9s/017/high.png
Pokemon,สายใยแห่งโชคชะตา,SV9s,เนียวฮะ,Sprigatito,018/139,C,https://assets.tcgdex.net/th/SV/SV9s/018/high.png
Pokemon,สายใยแห่งโชคชะตา,SV9s,เนียโรเต,Floragato,019/139,C,https://assets.tcgdex.net/th/SV/SV9s/019/high.png
Pokemon,สายใยแห่งโชคชะตา,SV9s,มาสเคอเนีย,Meowscarada,020/139,R,https://assets.tcgdex.net/th/SV/SV9s/020/high.png
Pokemon,สายใยแห่งโชคชะตา,SV9s,โอการ์ปอง หน้ากากสีทีล,Teal Mask Ogerpon,021/139,U,https://assets.tcgdex.net/th/SV/SV9s/021/high.png
Pokemon,สายใยแห่งโชคชะตา,SV9s,โพนีตะ,Ponyta,022/139,C,https://assets.tcgdex.net/th/SV/SV9s/022/high.png
Pokemon,สายใยแห่งโชคชะตา,SV9s,แกลล็อป,Rapidash,023/139,U,https://assets.tcgdex.net/th/SV/SV9s/023/high.png
Pokemon,สายใยแห่งโชคชะตา,SV9s,บูเบอร์,Magmar,024/139,C,https://assets.tcgdex.net/th/SV/SV9s/024/high.png
Pokemon,สายใยแห่งโชคชะตา,SV9s,บูเบิร์น,Magmortar,025/139,R,https://assets.tcgdex.net/th/SV/SV9s/025/high.png
Pokemon,สายใยแห่งโชคชะตา,SV9s,ดารุมักกะ ของ N,N's Darumaka,026/139,C,https://assets.tcgdex.net/th/SV/SV9s/026/high.png
Pokemon,สายใยแห่งโชคชะตา,SV9s,ฮิฮิดารุมะ ของ N,N's Darmanitan,027/139,U,https://assets.tcgdex.net/th/SV/SV9s/027/high.png
Pokemon,สายใยแห่งโชคชะตา,SV9s,โวลเคเนียนex,Volcanion ex,028/139,RR,https://assets.tcgdex.net/th/SV/SV9s/028/high.png
Pokemon,สายใยแห่งโชคชะตา,SV9s,โอการ์ปอง หน้ากากเตาไฟ,Hearthflame Mask Ogerpon,029/139,U,https://assets.tcgdex.net/th/SV/SV9s/029/high.png
Pokemon,สายใยแห่งโชคชะตา,SV9s,ฟรีเซอร์,Articuno,030/139,U,https://assets.tcgdex.net/th/SV/SV9s/030/high.png
Pokemon,สายใยแห่งโชคชะตา,SV9s,เทปโปโอ,Remoraid,031/139,C,https://assets.tcgdex.net/th/SV/SV9s/031/high.png
Pokemon,สายใยแห่งโชคชะตา,SV9s,ออคตัน,Octillery,032/139,U,https://assets.tcgdex.net/th/SV/SV9s/032/high.png
Pokemon,สายใยแห่งโชคชะตา,SV9s,ฮาซึโบ,Lotad,033/139,C,https://assets.tcgdex.net/th/SV/SV9s/033/high.png
Pokemon,สายใยแห่งโชคชะตา,SV9s,ฮาซึเบรโร,Lombre,034/139,C,https://assets.tcgdex.net/th/SV/SV9s/034/high.png
Pokemon,สายใยแห่งโชคชะตา,SV9s,รุนปัปปา,Ludicolo,035/139,U,https://assets.tcgdex.net/th/SV/SV9s/035/high.png
Pokemon,สายใยแห่งโชคชะตา,SV9s,เวลโกะ,Wailmer,036/139,C,https://assets.tcgdex.net/th/SV/SV9s/036/high.png
Pokemon,สายใยแห่งโชคชะตา,SV9s,เวลโอ,Wailord,037/139,R,https://assets.tcgdex.net/th/SV/SV9s/037/high.png
Pokemon,สายใยแห่งโชคชะตา,SV9s,เฮรัชเชอร์ex,Dondozo ex,038/139,RR,https://assets.tcgdex.net/th/SV/SV9s/038/high.png
Pokemon,สายใยแห่งโชคชะตา,SV9s,โอการ์ปอง หน้ากากบ่อน้ำ,Wellspring Mask Ogerpon,039/139,U,https://assets.tcgdex.net/th/SV/SV9s/039/high.png
Pokemon,สายใยแห่งโชคชะตา,SV9s,บิริริดามา ของนันจาโม,Iono's Voltorb,040/139,C,https://assets.tcgdex.net/th/SV/SV9s/040/high.png
Pokemon,สายใยแห่งโชคชะตา,SV9s,มารุมายน์ ของนันจาโม,Iono's Electrode,041/139,U,https://assets.tcgdex.net/th/SV/SV9s/041/high.png
Pokemon,สายใยแห่งโชคชะตา,SV9s,ราคุไร,Electrike,042/139,C,https://assets.tcgdex.net/th/SV/SV9s/042/high.png
Pokemon,สายใยแห่งโชคชะตา,SV9s,ไลโวลต์,Manectric,043/139,C,https://assets.tcgdex.net/th/SV/SV9s/043/high.png
Pokemon,สายใยแห่งโชคชะตา,SV9s,บาชูรุ ของ N,N's Joltik,044/139,C,https://assets.tcgdex.net/th/SV/SV9s/044/high.png
Pokemon,สายใยแห่งโชคชะตา,SV9s,ซุพีคา ของนันจาโม,Iono's Tadbulb,045/139,C,https://assets.tcgdex.net/th/SV/SV9s/045/high.png
Pokemon,สายใยแห่งโชคชะตา,SV9s,ฮาราบารีex ของนันจาโม,Iono's Bellibolt ex,046/139,RR,https://assets.tcgdex.net/th/SV/SV9s/046/high.png
Pokemon,สายใยแห่งโชคชะตา,SV9s,ไคเด็น ของนันจาโม,Iono's Wattrel,047/139,C,https://assets.tcgdex.net/th/SV/SV9s/047/high.png
Pokemon,สายใยแห่งโชคชะตา,SV9s,ไทไคเด็น ของนันจาโม,Iono's Kilowattrel,048/139,R,https://assets.tcgdex.net/th/SV/SV9s/048/high.png
Pokemon,สายใยแห่งโชคชะตา,SV9s,ปิปปีex ของลิเลีย,Lillie's Clefairy ex,049/139,RR,https://assets.tcgdex.net/th/SV/SV9s/049/high.png
Pokemon,สายใยแห่งโชคชะตา,SV9s,บาร์เรียด,Mr. Mime,050/139,C,https://assets.tcgdex.net/th/SV/SV9s/050/high.png
Pokemon,สายใยแห่งโชคชะตา,SV9s,ยาจิลอน ของไดโกะ,Steven's Baltoy,051/139,C,https://assets.tcgdex.net/th/SV/SV9s/051/high.png
Pokemon,สายใยแห่งโชคชะตา,SV9s,เนนดอลล์ ของไดโกะ,Steven's Claydol,052/139,U,https://assets.tcgdex.net/th/SV/SV9s/052/high.png
Pokemon,สายใยแห่งโชคชะตา,SV9s,คาเงะโบสึ,Shuppet,053/139,C,https://assets.tcgdex.net/th/SV/SV9s/053/high.png
Pokemon,สายใยแห่งโชคชะตา,SV9s,จุปเป็ตตะ,Banette,054/139,U,https://assets.tcgdex.net/th/SV/SV9s/054/high.png
Pokemon,สายใยแห่งโชคชะตา,SV9s,ดันบัล,Beldum,055/139,C,https://assets.tcgdex.net/th/SV/SV9s/055/high.png
Pokemon,สายใยแห่งโชคชะตา,SV9s,เมแทงก์,Metang,056/139,C,https://assets.tcgdex.net/th/SV/SV9s/056/high.png
Pokemon,สายใยแห่งโชคชะตา,SV9s,เมทากรอส,Metagross,057/139,U,https://assets.tcgdex.net/th/SV/SV9s/057/high.png
Pokemon,สายใยแห่งโชคชะตา,SV9s,ซิมโบลา ของ N,N's Sigilyph,058/139,C,https://assets.tcgdex.net/th/SV/SV9s/058/high.png
Pokemon,สายใยแห่งโชคชะตา,SV9s,เมเลซี ของไดโกะ,Steven's Carbink,059/139,R,https://assets.tcgdex.net/th/SV/SV9s/059/high.png
Pokemon,สายใยแห่งโชคชะตา,SV9s,อบูรี ของลิเลีย,Lillie's Cutiefly,060/139,C,https://assets.tcgdex.net/th/SV/SV9s/060/high.png
Pokemon,สายใยแห่งโชคชะตา,SV9s,อบูริบง ของลิเลีย,Lillie's Ribombee,061/139,U,https://assets.tcgdex.net/th/SV/SV9s/061/high.png
Pokemon,สายใยแห่งโชคชะตา,SV9s,คิววะวา ของลิเลีย,Lillie's Comfey,062/139,C,https://assets.tcgdex.net/th/SV/SV9s/062/high.png
Pokemon,สายใยแห่งโชคชะตา,SV9s,อุริมู,Swinub,063/139,C,https://assets.tcgdex.net/th/SV/SV9s/063/high.png
Pokemon,สายใยแห่งโชคชะตา,SV9s,อิโนมู,Piloswine,064/139,C,https://assets.tcgdex.net/th/SV/SV9s/064/high.png
Pokemon,สายใยแห่งโชคชะตา,SV9s,แมมมูex,Mamoswine ex,065/139,RR,https://assets.tcgdex.net/th/SV/SV9s/065/high.png
Pokemon,สายใยแห่งโชคชะตา,SV9s,โยกิราส,Larvitar,066/139,C,https://assets.tcgdex.net/th/SV/SV9s/066/high.png
Pokemon,สายใยแห่งโชคชะตา,SV9s,ซานากิราส,Pupitar,067/139,C,https://assets.tcgdex.net/th/SV/SV9s/067/high.png
Pokemon,สายใยแห่งโชคชะตา,SV9s,เรจิร็อก,Regirock,068/139,U,https://assets.tcgdex.net/th/SV/SV9s/068/high.png
Pokemon,สายใยแห่งโชคชะตา,SV9s,ยันชัม,Pancham,069/139,C,https://assets.tcgdex.net/th/SV/SV9s/069/high.png
Pokemon,สายใยแห่งโชคชะตา,SV9s,อิวังโค,Rockruff,070/139,C,https://assets.tcgdex.net/th/SV/SV9s/070/high.png
Pokemon,สายใยแห่งโชคชะตา,SV9s,ลูกาลูกัน,Lycanroc,071/139,R,https://assets.tcgdex.net/th/SV/SV9s/071/high.png
Pokemon,สายใยแห่งโชคชะตา,SV9s,โดโรบังโค,Mudbray,072/139,C,https://assets.tcgdex.net/th/SV/SV9s/072/high.png
Pokemon,สายใยแห่งโชคชะตา,SV9s,บัมบะโดโร,Mudsdale,073/139,U,https://assets.tcgdex.net/th/SV/SV9s/073/high.png
Pokemon,สายใยแห่งโชคชะตา,SV9s,ซึนะเฮบิ ของฮ็อป,Hop's Silicobra,074/139,C,https://assets.tcgdex.net/th/SV/SV9s/074/high.png
Pokemon,สายใยแห่งโชคชะตา,SV9s,ซาไดจา ของฮ็อป,Hop's Sandaconda,075/139,U,https://assets.tcgdex.net/th/SV/SV9s/075/high.png
Pokemon,สายใยแห่งโชคชะตา,SV9s,กาเคกานิ,Klawf,076/139,U,https://assets.tcgdex.net/th/SV/SV9s/076/high.png
Pokemon,สายใยแห่งโชคชะตา,SV9s,โอการ์ปอง หน้ากากฐานราก,Cornerstone Mask Ogerpon,077/139,U,https://assets.tcgdex.net/th/SV/SV9s/077/high.png
Pokemon,สายใยแห่งโชคชะตา,SV9s,โดกาซ,Koffing,078/139,C,https://assets.tcgdex.net/th/SV/SV9s/078/high.png
Pokemon,สายใยแห่งโชคชะตา,SV9s,มาตาโดกัซ,Weezing,079/139,U,https://assets.tcgdex.net/th/SV/SV9s/079/high.png
Pokemon,สายใยแห่งโชคชะตา,SV9s,บันกิราส,Tyranitar,080/139,R,https://assets.tcgdex.net/th/SV/SV9s/080/high.png
Pokemon,สายใยแห่งโชคชะตา,SV9s,โจโรเนโกะ ของ N,N's Purrloin,081/139,C,https://assets.tcgdex.net/th/SV/SV9s/081/high.png
Pokemon,สายใยแห่งโชคชะตา,SV9s,โจโรเนโกะ ของแมรี,Marnie's Purrloin,082/139,C,https://assets.tcgdex.net/th/SV/SV9s/082/high.png
Pokemon,สายใยแห่งโชคชะตา,SV9s,เลพัลดัส ของแมรี,Marnie's Liepard,083/139,U,https://assets.tcgdex.net/th/SV/SV9s/083/high.png
Pokemon,สายใยแห่งโชคชะตา,SV9s,ซึรุกกุ ของแมรี,Marnie's Scraggy,084/139,C,https://assets.tcgdex.net/th/SV/SV9s/084/high.png
Pokemon,สายใยแห่งโชคชะตา,SV9s,ซึรุซึคิน ของแมรี,Marnie's Scrafty,085/139,C,https://assets.tcgdex.net/th/SV/SV9s/085/high.png
Pokemon,สายใยแห่งโชคชะตา,SV9s,โซรัว ของ N,N's Zorua,086/139,C,https://assets.tcgdex.net/th/SV/SV9s/086/high.png
Pokemon,สายใยแห่งโชคชะตา,SV9s,โซโรอาร์คex ของ N,N's Zoroark ex,087/139,RR,https://assets.tcgdex.net/th/SV/SV9s/087/high.png
Pokemon,สายใยแห่งโชคชะตา,SV9s,โกรอนดะ,Pangoro,088/139,U,https://assets.tcgdex.net/th/SV/SV9s/088/high.png
Pokemon,สายใยแห่งโชคชะตา,SV9s,เบโรบา ของแมรี,Marnie's Impidimp,089/139,C,https://assets.tcgdex.net/th/SV/SV9s/089/high.png
Pokemon,สายใยแห่งโชคชะตา,SV9s,กิโม ของแมรี,Marnie's Morgrem,090/139,C,https://assets.tcgdex.net/th/SV/SV9s/090/high.png
Pokemon,สายใยแห่งโชคชะตา,SV9s,โอลองเกะex ของแมรี,Marnie's Grimmsnarl ex,091/139,RR,https://assets.tcgdex.net/th/SV/SV9s/091/high.png
Pokemon,สายใยแห่งโชคชะตา,SV9s,โมรุเปโกะ ของแมรี,Marnie's Morpeko,092/139,R,https://assets.tcgdex.net/th/SV/SV9s/092/high.png
Pokemon,สายใยแห่งโชคชะตา,SV9s,แอร์มุโด ของไดโกะ,Steven's Skarmory,093/139,C,https://assets.tcgdex.net/th/SV/SV9s/093/high.png
Pokemon,สายใยแห่งโชคชะตา,SV9s,ดันบัล ของไดโกะ,Steven's Beldum,094/139,C,https://assets.tcgdex.net/th/SV/SV9s/094/high.png
Pokemon,สายใยแห่งโชคชะตา,SV9s,เมแทงก์ ของไดโกะ,Steven's Metang,095/139,C,https://assets.tcgdex.net/th/SV/SV9s/095/high.png
Pokemon,สายใยแห่งโชคชะตา,SV9s,เมทากรอสex ของไดโกะ,Steven's Metagross ex,096/139,RR,https://assets.tcgdex.net/th/SV/SV9s/096/high.png
Pokemon,สายใยแห่งโชคชะตา,SV9s,ชูวัลโก,Escavalier,097/139,U,https://assets.tcgdex.net/th/SV/SV9s/097/high.png
Pokemon,สายใยแห่งโชคชะตา,SV9s,เกียร์ ของ N,N's Klink,098/139,C,https://assets.tcgdex.net/th/SV/SV9s/098/high.png
Pokemon,สายใยแห่งโชคชะตา,SV9s,กิเกียร์ ของ N,N's Klang,099/139,C,https://assets.tcgdex.net/th/SV/SV9s/099/high.png
Pokemon,สายใยแห่งโชคชะตา,SV9s,กิกิเกียร์ ของ N,N's Klinklang,100/139,U,https://assets.tcgdex.net/th/SV/SV9s/100/high.png
Pokemon,สายใยแห่งโชคชะตา,SV9s,มาเกียนา,Magearna,101/139,R,https://assets.tcgdex.net/th/SV/SV9s/101/high.png
Pokemon,สายใยแห่งโชคชะตา,SV9s,อาร์เมอร์การ์ ของฮ็อป,Hop's Corviknight,102/139,U,https://assets.tcgdex.net/th/SV/SV9s/102/high.png
Pokemon,สายใยแห่งโชคชะตา,SV9s,ซาเชียนex ของฮ็อป,Hop's Zacian ex,103/139,RR,https://assets.tcgdex.net/th/SV/SV9s/103/high.png
Pokemon,สายใยแห่งโชคชะตา,SV9s,ทัทซึเบ,Bagon,104/139,C,https://assets.tcgdex.net/th/SV/SV9s/104/high.png
Pokemon,สายใยแห่งโชคชะตา,SV9s,โคโมรู,Shelgon,105/139,C,https://assets.tcgdex.net/th/SV/SV9s/105/high.png
Pokemon,สายใยแห่งโชคชะตา,SV9s,โบมันเดอร์ex,Salamence ex,106/139,RR,https://assets.tcgdex.net/th/SV/SV9s/106/high.png
Pokemon,สายใยแห่งโชคชะตา,SV9s,คริมแกน,Druddigon,107/139,C,https://assets.tcgdex.net/th/SV/SV9s/107/high.png
Pokemon,สายใยแห่งโชคชะตา,SV9s,เรชิรัม ของ N,N's Reshiram,108/139,R,https://assets.tcgdex.net/th/SV/SV9s/108/high.png
Pokemon,สายใยแห่งโชคชะตา,SV9s,คาบิกอน ของฮ็อป,Hop's Snorlax,109/139,R,https://assets.tcgdex.net/th/SV/SV9s/109/high.png
Pokemon,สายใยแห่งโชคชะตา,SV9s,โอทาจิ,Sentret,110/139,C,https://assets.tcgdex.net/th/SV/SV9s/110/high.png
Pokemon,สายใยแห่งโชคชะตา,SV9s,โอโอทาจิ,Furret,111/139,C,https://assets.tcgdex.net/th/SV/SV9s/111/high.png
Pokemon,สายใยแห่งโชคชะตา,SV9s,โนก็อจจิ,Dunsparce,112/139,C,https://assets.tcgdex.net/th/SV/SV9s/112/high.png
Pokemon,สายใยแห่งโชคชะตา,SV9s,โนโกก็อจจิex,Dudunsparce ex,113/139,RR,https://assets.tcgdex.net/th/SV/SV9s/113/high.png
Pokemon,สายใยแห่งโชคชะตา,SV9s,ออนแบท,Noibat,114/139,C,https://assets.tcgdex.net/th/SV/SV9s/114/high.png
Pokemon,สายใยแห่งโชคชะตา,SV9s,ออนเวิร์น,Noivern,115/139,U,https://assets.tcgdex.net/th/SV/SV9s/115/high.png
Pokemon,สายใยแห่งโชคชะตา,SV9s,เน็คโคอาลา,Komala,116/139,C,https://assets.tcgdex.net/th/SV/SV9s/116/high.png
Pokemon,สายใยแห่งโชคชะตา,SV9s,โคโคการะ ของฮ็อป,Hop's Rookidee,117/139,C,https://assets.tcgdex.net/th/SV/SV9s/117/high.png
Pokemon,สายใยแห่งโชคชะตา,SV9s,อาโอการาสึ ของฮ็อป,Hop's Corvisquire,118/139,C,https://assets.tcgdex.net/th/SV/SV9s/118/high.png
Pokemon,สายใยแห่งโชคชะตา,SV9s,วูลู ของฮ็อป,Hop's Wooloo,119/139,C,https://assets.tcgdex.net/th/SV/SV9s/119/high.png
Pokemon,สายใยแห่งโชคชะตา,SV9s,ไบวูลู ของฮ็อป,Hop's Dubwool,120/139,R,https://assets.tcgdex.net/th/SV/SV9s/120/high.png
Pokemon,สายใยแห่งโชคชะตา,SV9s,อุ๊อุ ของฮ็อป,Hop's Cramorant,121/139,U,https://assets.tcgdex.net/th/SV/SV9s/121/high.png
Pokemon,สายใยแห่งโชคชะตา,SV9s,ยารักษาแผลอย่างดี,Super Potion,122/139,U,https://assets.tcgdex.net/th/SV/SV9s/122/high.png
Pokemon,สายใยแห่งโชคชะตา,SV9s,ยาเพิ่มพลังงานของ N,N's PP Up,123/139,U,https://assets.tcgdex.net/th/SV/SV9s/123/high.png
Pokemon,สายใยแห่งโชคชะตา,SV9s,เอนเนอร์จี้รีไซเคิล,Energy Recycler,124/139,U,https://assets.tcgdex.net/th/SV/SV9s/124/high.png
Pokemon,สายใยแห่งโชคชะตา,SV9s,ตั๋วแลกเปลี่ยน,Redeemable Ticket,125/139,U,https://assets.tcgdex.net/th/SV/SV9s/125/high.png
Pokemon,สายใยแห่งโชคชะตา,SV9s,กระเป๋าของฮ็อป,Hop's Bag,126/139,U,https://assets.tcgdex.net/th/SV/SV9s/126/high.png
Pokemon,สายใยแห่งโชคชะตา,SV9s,ผ้าคาดหัวแห่งความแน่วแน่ของฮ็อป,Hop's Choice Band,127/139,U,https://assets.tcgdex.net/th/SV/SV9s/127/high.png
Pokemon,สายใยแห่งโชคชะตา,SV9s,ไข่มุกของลิเลีย,Lillie's Pearl,128/139,U,https://assets.tcgdex.net/th/SV/SV9s/128/high.png
Pokemon,สายใยแห่งโชคชะตา,SV9s,จิตนักสู้ของไอริส,Iris's Fighting Spirit,129/139,U,https://assets.tcgdex.net/th/SV/SV9s/129/high.png
Pokemon,สายใยแห่งโชคชะตา,SV9s,ความครื้นเครงของ MC,Emcee's Excitement,130/139,C,https://assets.tcgdex.net/th/SV/SV9s/130/high.png
Pokemon,สายใยแห่งโชคชะตา,SV9s,หนุ่มแยงกี้,Ruffian,131/139,U,https://assets.tcgdex.net/th/SV/SV9s/131/high.png
Pokemon,สายใยแห่งโชคชะตา,SV9s,ผู้ตัดสิน,Judge,132/139,U,https://assets.tcgdex.net/th/SV/SV9s/132/high.png
Pokemon,สายใยแห่งโชคชะตา,SV9s,การเลือกสรรของทาเคชิ,Brock's Scouting,133/139,U,https://assets.tcgdex.net/th/SV/SV9s/133/high.png
Pokemon,สายใยแห่งโชคชะตา,SV9s,ถ้ำศิลา,Granite Cave,134/139,C,https://assets.tcgdex.net/th/SV/SV9s/134/high.png
Pokemon,สายใยแห่งโชคชะตา,SV9s,ปราสาทของ N,N's Castle,135/139,U,https://assets.tcgdex.net/th/SV/SV9s/135/high.png
Pokemon,สายใยแห่งโชคชะตา,SV9s,ยิมสไปก์ทาวน์,Spikemuth Gym,136/139,C,https://assets.tcgdex.net/th/SV/SV9s/136/high.png
Pokemon,สายใยแห่งโชคชะตา,SV9s,ฮักโคซิตี้,Levincia,137/139,U,https://assets.tcgdex.net/th/SV/SV9s/137/high.png
Pokemon,สายใยแห่งโชคชะตา,SV9s,เฟอร์ลองทาวน์,Postwick,138/139,U,https://assets.tcgdex.net/th/SV/SV9s/138/high.png
Pokemon,สายใยแห่งโชคชะตา,SV9s,สไปก์เอนเนอร์จี้,Spiky Energy,139/139,U,https://assets.tcgdex.net/th/SV/SV9s/139/high.png
Pokemon,สายใยแห่งโชคชะตา,SV9s,ยันยันมา,Yanma,140/139,AR,https://assets.tcgdex.net/th/SV/SV9s/140/high.png
Pokemon,สายใยแห่งโชคชะตา,SV9s,เชมิน,Shaymin,141/139,AR,https://assets.tcgdex.net/th/SV/SV9s/141/high.png
Pokemon,สายใยแห่งโชคชะตา,SV9s,มาราคัจจิ,Maractus,142/139,AR,https://assets.tcgdex.net/th/SV/SV9s/142/high.png
Pokemon,สายใยแห่งโชคชะตา,SV9s,อิวาพาเลซ,Crustle,143/139,AR,https://assets.tcgdex.net/th/SV/SV9s/143/high.png
Pokemon,สายใยแห่งโชคชะตา,SV9s,คามิสึโอโรจิ,Hydrapple,144/139,AR,https://assets.tcgdex.net/th/SV/SV9s/144/high.png
Pokemon,สายใยแห่งโชคชะตา,SV9s,แกลล็อป,Rapidash,145/139,AR,https://assets.tcgdex.net/th/SV/SV9s/145/high.png
Pokemon,สายใยแห่งโชคชะตา,SV9s,ฟรีเซอร์,Articuno,146/139,AR,https://assets.tcgdex.net/th/SV/SV9s/146/high.png
Pokemon,สายใยแห่งโชคชะตา,SV9s,เวลโอ,Wailord,147/139,AR,https://assets.tcgdex.net/th/SV/SV9s/147/high.png
Pokemon,สายใยแห่งโชคชะตา,SV9s,ราคุไร,Electrike,148/139,AR,https://assets.tcgdex.net/th/SV/SV9s/148/high.png
Pokemon,สายใยแห่งโชคชะตา,SV9s,ไทไคเด็น ของนันจาโม,Iono's Kilowattrel,149/139,AR,https://assets.tcgdex.net/th/SV/SV9s/149/high.png
Pokemon,สายใยแห่งโชคชะตา,SV9s,อบูริบง ของลิเลีย,Lillie's Ribombee,150/139,AR,https://assets.tcgdex.net/th/SV/SV9s/150/high.png
Pokemon,สายใยแห่งโชคชะตา,SV9s,อุริมู,Swinub,151/139,AR,https://assets.tcgdex.net/th/SV/SV9s/151/high.png
Pokemon,สายใยแห่งโชคชะตา,SV9s,ลูกาลูกัน,Lycanroc,152/139,AR,https://assets.tcgdex.net/th/SV/SV9s/152/high.png
Pokemon,สายใยแห่งโชคชะตา,SV9s,โซรัว ของ N,N's Zorua,153/139,AR,https://assets.tcgdex.net/th/SV/SV9s/153/high.png
Pokemon,สายใยแห่งโชคชะตา,SV9s,โมรุเปโกะของแมรี,Marnie's Morpeko,154/139,AR,https://assets.tcgdex.net/th/SV/SV9s/154/high.png
Pokemon,สายใยแห่งโชคชะตา,SV9s,ดันบัลของไดโกะ,Steven's Beldum,155/139,AR,https://assets.tcgdex.net/th/SV/SV9s/155/high.png
Pokemon,สายใยแห่งโชคชะตา,SV9s,เรชิรัมของ N,N's Reshiram,156/139,AR,https://assets.tcgdex.net/th/SV/SV9s/156/high.png
Pokemon,สายใยแห่งโชคชะตา,SV9s,โอโอทาจิ,Furret,157/139,AR,https://assets.tcgdex.net/th/SV/SV9s/157/high.png
Pokemon,สายใยแห่งโชคชะตา,SV9s,ออนแบท,Noibat,158/139,AR,https://assets.tcgdex.net/th/SV/SV9s/158/high.png
Pokemon,สายใยแห่งโชคชะตา,SV9s,วูลูของฮ็อป,Hop's Wooloo,159/139,AR,https://assets.tcgdex.net/th/SV/SV9s/159/high.png
Pokemon,สายใยแห่งโชคชะตา,SV9s,เมกะยันมาex,Yanmega ex,160/139,SR,https://assets.tcgdex.net/th/SV/SV9s/160/high.png
Pokemon,สายใยแห่งโชคชะตา,SV9s,โวลเคเนียนex,Volcanion ex,161/139,SR,https://assets.tcgdex.net/th/SV/SV9s/161/high.png
Pokemon,สายใยแห่งโชคชะตา,SV9s,เฮรัชเชอร์ex,Dondozo ex,162/139,SR,https://assets.tcgdex.net/th/SV/SV9s/162/high.png
Pokemon,สายใยแห่งโชคชะตา,SV9s,ฮาราบารีex ของนันจาโม,Iono's Bellibolt ex,163/139,SR,https://assets.tcgdex.net/th/SV/SV9s/163/high.png
Pokemon,สายใยแห่งโชคชะตา,SV9s,ปิปปีex ของลิเลีย,Lillie's Clefairy ex,164/139,SR,https://assets.tcgdex.net/th/SV/SV9s/164/high.png
Pokemon,สายใยแห่งโชคชะตา,SV9s,แมมมูex,Mamoswine ex,165/139,SR,https://assets.tcgdex.net/th/SV/SV9s/165/high.png
Pokemon,สายใยแห่งโชคชะตา,SV9s,โซโรอาร์คex ของ N,N's Zoroark ex,166/139,SR,https://assets.tcgdex.net/th/SV/SV9s/166/high.png
Pokemon,สายใยแห่งโชคชะตา,SV9s,ซาเชียนex ของฮ็อป,Hop's Zacian ex,167/139,SR,https://assets.tcgdex.net/th/SV/SV9s/167/high.png
Pokemon,สายใยแห่งโชคชะตา,SV9s,โบมันเดอร์ex,Salamence ex,168/139,SR,https://assets.tcgdex.net/th/SV/SV9s/168/high.png
Pokemon,สายใยแห่งโชคชะตา,SV9s,โนโกก็อจจิex,Dudunsparce ex,169/139,SR,https://assets.tcgdex.net/th/SV/SV9s/169/high.png
Pokemon,สายใยแห่งโชคชะตา,SV9s,จิตนักสู้ของไอริส,Iris's Fighting Spirit,170/139,SR,https://assets.tcgdex.net/th/SV/SV9s/170/high.png
Pokemon,สายใยแห่งโชคชะตา,SV9s,ความครื้นเครงของ MC,Emcee's Excitement,171/139,SR,https://assets.tcgdex.net/th/SV/SV9s/171/high.png
Pokemon,สายใยแห่งโชคชะตา,SV9s,หนุ่มแยงกี้,Ruffian,172/139,SR,https://assets.tcgdex.net/th/SV/SV9s/172/high.png
Pokemon,สายใยแห่งโชคชะตา,SV9s,ผู้ตัดสิน,Judge,173/139,SR,https://assets.tcgdex.net/th/SV/SV9s/173/high.png
Pokemon,สายใยแห่งโชคชะตา,SV9s,การสรรหาของทาเคชิ,Brock's Scouting,174/139,SR,https://assets.tcgdex.net/th/SV/SV9s/174/high.png
Pokemon,สายใยแห่งโชคชะตา,SV9s,เมกะยันมาex,Yanmega ex,175/139,SAR,https://assets.tcgdex.net/th/SV/SV9s/175/high.png
Pokemon,สายใยแห่งโชคชะตา,SV9s,โวลเคเนียนex,Volcanion ex,176/139,SAR,https://assets.tcgdex.net/th/SV/SV9s/176/high.png
Pokemon,สายใยแห่งโชคชะตา,SV9s,ฮาราบารีex ของนันจาโม,Iono's Bellibolt ex,177/139,SAR,https://assets.tcgdex.net/th/SV/SV9s/177/high.png
Pokemon,สายใยแห่งโชคชะตา,SV9s,ปิปปีex ของลิเลีย,Lillie's Clefairy ex,178/139,SAR,https://assets.tcgdex.net/th/SV/SV9s/178/high.png
Pokemon,สายใยแห่งโชคชะตา,SV9s,โซโรอาร์คex ของ N,N's Zoroark ex,179/139,SAR,https://assets.tcgdex.net/th/SV/SV9s/179/high.png
Pokemon,สายใยแห่งโชคชะตา,SV9s,ซาเชียนex ของฮ็อป,Hop's Zacian ex,180/139,SAR,https://assets.tcgdex.net/th/SV/SV9s/180/high.png
Pokemon,สายใยแห่งโชคชะตา,SV9s,โบมันเดอร์ex,Salamence ex,181/139,SAR,https://assets.tcgdex.net/th/SV/SV9s/181/high.png
Pokemon,สายใยแห่งโชคชะตา,SV9s,ฮาราบารีex ของนันจาโม,Iono's Bellibolt ex,182/139,UR,https://assets.tcgdex.net/th/SV/SV9s/182/high.png
Pokemon,สายใยแห่งโชคชะตา,SV9s,โซโรอาร์คex ของ N,N's Zoroark ex,183/139,UR,https://assets.tcgdex.net/th/SV/SV9s/183/high.png
Pokemon,สายใยแห่งโชคชะตา,SV9s,ฮักโคซิตี้,Levincia,184/139,UR,https://assets.tcgdex.net/th/SV/SV9s/184/high.png
Pokemon,สายใยแห่งโชคชะตา,SV9s,สไปก์เอนเนอร์จี้,Spiky Energy,185/139,UR,https://assets.tcgdex.net/th/SV/SV9s/185/high.png